datetime,open,high,low,close,volume
2026-07-07T19:00:00+00:00,7498.3,7500.32,7491.55,7495.32,4654
2026-07-07T19:05:00+00:00,7495.32,7498.82,7489.8,7490.57,3785
2026-07-07T19:10:00+00:00,7490.57,7493.07,7488.3,7490.8,3259
2026-07-07T19:15:00+00:00,7490.8,7491.56,7482.81,7489.56,4205
2026-07-07T19:20:00+00:00,7489.56,7493.57,7487.3,7493.55,4338
2026-07-07T19:25:00+00:00,7493.55,7494.05,7488.55,7490.05,3226
2026-07-07T19:30:00+00:00,7490.05,7495.81,7489.56,7494.81,4735
2026-07-07T19:35:00+00:00,7494.81,7494.93,7489.55,7490.82,3003
2026-07-07T19:40:00+00:00,7490.82,7491.32,7487.05,7488.82,2795
2026-07-07T19:45:00+00:00,7488.82,7494.07,7488.55,7493.42,3283
2026-07-07T19:50:00+00:00,7493.42,7500.82,7493.3,7500.82,4321
2026-07-07T19:55:00+00:00,7500.82,7502.82,7494.05,7499.07,4520
2026-07-07T20:00:00+00:00,7499.07,7499.75,7495.25,7498.75,2864
2026-07-07T20:05:00+00:00,7498.75,7500.27,7496.25,7499.77,1779
2026-07-07T20:10:00+00:00,7499.77,7499.77,7497.01,7498.01,957
2026-07-07T20:15:00+00:00,7498.01,7498.52,7492.26,7495.5,786
2026-07-07T20:20:00+00:00,7495.5,7496.52,7494.75,7496.02,445
2026-07-07T20:25:00+00:00,7496.02,7497.27,7495.75,7496.52,459
2026-07-07T20:30:00+00:00,7496.52,7497.52,7496,7496.77,250
2026-07-07T20:35:00+00:00,7496.77,7498.52,7496.75,7498.14,252
2026-07-07T20:40:00+00:00,7498.14,7499.02,7497.52,7497.77,227
2026-07-07T20:45:00+00:00,7497.77,7497.87,7496.87,7497.52,210
2026-07-07T20:50:00+00:00,7497.52,7498.77,7496.77,7498.51,109
2026-07-07T20:55:00+00:00,7498.51,7498.77,7497,7497.87,257
2026-07-07T22:00:00+00:00,7497.87,7497.87,7484.23,7491.25,2910
2026-07-07T22:05:00+00:00,7491.25,7494,7489.98,7491.62,732
2026-07-07T22:10:00+00:00,7491.62,7493.5,7490.73,7492.62,409
2026-07-07T22:15:00+00:00,7492.62,7494.5,7492.48,7493.75,332
2026-07-07T22:20:00+00:00,7493.75,7494.25,7492.73,7493.86,244
2026-07-07T22:25:00+00:00,7493.86,7493.86,7491.48,7493.24,247
2026-07-07T22:30:00+00:00,7493.24,7494.75,7491.73,7494.5,290
2026-07-07T22:35:00+00:00,7494.5,7495.49,7493.24,7494,208
2026-07-07T22:40:00+00:00,7494,7494.49,7491.98,7492.49,291
2026-07-07T22:45:00+00:00,7492.49,7494.5,7491,7494.11,340
2026-07-07T22:50:00+00:00,7494.11,7494.25,7492.23,7493.61,210
2026-07-07T22:55:00+00:00,7493.61,7495.75,7493.24,7494.23,303
2026-07-07T23:00:00+00:00,7494.23,7495.87,7491.74,7493.11,357
2026-07-07T23:05:00+00:00,7493.11,7496,7492.99,7493.73,574
2026-07-07T23:10:00+00:00,7493.73,7494.5,7491.48,7494.36,374
2026-07-07T23:15:00+00:00,7494.36,7500,7493.74,7499.24,444
2026-07-07T23:20:00+00:00,7499.24,7499.5,7497.23,7497.75,399
2026-07-07T23:25:00+00:00,7497.75,7498.75,7497.23,7498.49,269
2026-07-07T23:30:00+00:00,7498.49,7499.75,7496.48,7496.75,278
2026-07-07T23:35:00+00:00,7496.75,7496.75,7491.98,7493.5,458
2026-07-07T23:40:00+00:00,7493.5,7493.5,7490.73,7491.23,418
2026-07-07T23:45:00+00:00,7491.23,7493.5,7488.23,7489.86,1640
2026-07-07T23:50:00+00:00,7489.86,7490.99,7486.48,7487.98,678
2026-07-07T23:55:00+00:00,7487.98,7488.49,7484.73,7485.86,896
2026-07-08T00:00:00+00:00,7485.86,7487.75,7480.24,7487.73,2989
2026-07-08T00:05:00+00:00,7487.73,7495.24,7487.23,7494.11,3157
2026-07-08T00:10:00+00:00,7494.11,7496.25,7491.48,7494.62,2720
2026-07-08T00:15:00+00:00,7494.62,7499,7492.23,7495.61,3254
2026-07-08T00:20:00+00:00,7495.61,7502.25,7493.48,7501.98,2220
2026-07-08T00:25:00+00:00,7501.98,7502.85,7495.87,7499.49,2221
2026-07-08T00:30:00+00:00,7499.49,7500,7495.48,7496.74,2487
2026-07-08T00:35:00+00:00,7496.74,7502.99,7494.98,7502.5,1479
2026-07-08T00:40:00+00:00,7502.5,7506.48,7501.98,7505.99,1413
2026-07-08T00:45:00+00:00,7505.99,7508,7504.25,7505.23,1857
2026-07-08T00:50:00+00:00,7505.23,7506.99,7504.98,7506,1291
2026-07-08T00:55:00+00:00,7506,7508.75,7505.48,7508.35,1196
2026-07-08T01:00:00+00:00,7508.35,7509.48,7506.98,7507.23,1583
2026-07-08T01:05:00+00:00,7507.23,7507.5,7503.49,7504.75,1310
2026-07-08T01:10:00+00:00,7504.75,7510,7504.74,7509.25,1472
2026-07-08T01:15:00+00:00,7509.25,7509.75,7506.48,7507.62,1157
2026-07-08T01:20:00+00:00,7507.62,7507.74,7504,7504.73,1238
2026-07-08T01:25:00+00:00,7504.73,7506.35,7502.48,7503.5,1118
2026-07-08T01:30:00+00:00,7503.5,7505,7500.98,7502.1,1608
2026-07-08T01:35:00+00:00,7502.1,7502.75,7497.5,7500.49,1472
2026-07-08T01:40:00+00:00,7500.49,7502.12,7498.98,7500.99,1772
2026-07-08T01:45:00+00:00,7500.99,7505,7500.73,7503.61,1575
2026-07-08T01:50:00+00:00,7503.61,7504.5,7499.35,7499.61,1218
2026-07-08T01:55:00+00:00,7499.61,7501.49,7498.73,7499.86,1417
2026-07-08T02:00:00+00:00,7499.86,7500.75,7495.73,7496.75,1560
2026-07-08T02:05:00+00:00,7496.75,7497.62,7494.35,7496.48,1508
2026-07-08T02:10:00+00:00,7496.48,7497.75,7494.25,7494.75,1368
2026-07-08T02:15:00+00:00,7494.75,7497.23,7493.48,7496.35,1010
2026-07-08T02:20:00+00:00,7496.35,7498,7494.48,7497.75,1063
2026-07-08T02:25:00+00:00,7497.75,7500,7495.23,7495.62,1329
2026-07-08T02:30:00+00:00,7495.62,7496.36,7493.23,7495,1165
2026-07-08T02:35:00+00:00,7495,7495.5,7493.48,7495.5,851
2026-07-08T02:40:00+00:00,7495.5,7499.25,7494.98,7499.23,857
2026-07-08T02:45:00+00:00,7499.23,7501.99,7499.23,7500.75,1174
2026-07-08T02:50:00+00:00,7500.75,7501.25,7498.48,7500.24,853
2026-07-08T02:55:00+00:00,7500.24,7501,7498.5,7499.98,628
2026-07-08T03:00:00+00:00,7499.98,7502.75,7499.98,7502.49,921
2026-07-08T03:05:00+00:00,7502.49,7503,7500.73,7502.5,663
2026-07-08T03:10:00+00:00,7502.5,7504.5,7502.23,7503.24,692
2026-07-08T03:15:00+00:00,7503.24,7504.49,7501.98,7502.24,431
2026-07-08T03:20:00+00:00,7502.24,7505,7501.73,7504.6,576
2026-07-08T03:25:00+00:00,7504.6,7507.24,7504.5,7506.73,539
2026-07-08T03:30:00+00:00,7506.73,7508.25,7504.98,7505.62,820
2026-07-08T03:35:00+00:00,7505.62,7506.24,7504.48,7505.24,660
2026-07-08T03:40:00+00:00,7505.24,7505.35,7501.98,7502.48,733
2026-07-08T03:45:00+00:00,7502.48,7503,7501.23,7502.61,611
2026-07-08T03:50:00+00:00,7502.61,7503.5,7501.12,7501.74,668
2026-07-08T03:55:00+00:00,7501.74,7502.23,7500.73,7501.23,739
2026-07-08T04:00:00+00:00,7501.23,7501.98,7499,7499.98,539
2026-07-08T04:05:00+00:00,7499.98,7501.62,7498.98,7501.11,592
2026-07-08T04:10:00+00:00,7501.11,7501.11,7497.73,7498.99,761
2026-07-08T04:15:00+00:00,7498.99,7499.75,7497.98,7498.48,725
2026-07-08T04:20:00+00:00,7498.48,7503,7497.98,7502.5,859
2026-07-08T04:25:00+00:00,7502.5,7502.6,7500.48,7500.73,682
2026-07-08T04:30:00+00:00,7500.73,7501.25,7496.73,7497.74,849
2026-07-08T04:35:00+00:00,7497.74,7499,7495.48,7497.25,1065
2026-07-08T04:40:00+00:00,7497.25,7499.24,7496.61,7497.99,906
2026-07-08T04:45:00+00:00,7497.99,7500,7496.99,7497.24,1013
2026-07-08T04:50:00+00:00,7497.24,7497.74,7495.23,7495.23,722
2026-07-08T04:55:00+00:00,7495.23,7498.5,7493.98,7498.25,1094
2026-07-08T05:00:00+00:00,7498.25,7500.5,7496.48,7498,1203
2026-07-08T05:05:00+00:00,7498,7501.75,7497.74,7499.75,945
2026-07-08T05:10:00+00:00,7499.75,7499.98,7497.24,7497.37,1057
2026-07-08T05:15:00+00:00,7497.37,7500.12,7495.76,7498,988
2026-07-08T05:20:00+00:00,7498,7498.74,7494.6,7494.85,846
2026-07-08T05:25:00+00:00,7494.85,7497,7494.1,7495,874
2026-07-08T05:30:00+00:00,7495,7495,7489.74,7492.24,1017
2026-07-08T05:35:00+00:00,7492.24,7493.25,7490.75,7491.48,880
2026-07-08T05:40:00+00:00,7491.48,7494.25,7490.49,7491.1,1054
2026-07-08T05:45:00+00:00,7491.1,7491.36,7485.73,7486,852
2026-07-08T05:50:00+00:00,7486,7489,7485.62,7489,1053
2026-07-08T05:55:00+00:00,7489,7492.5,7489,7490.49,870
2026-07-08T06:00:00+00:00,7490.49,7491,7488.1,7490.25,1037
2026-07-08T06:05:00+00:00,7490.25,7491.25,7488.5,7490.11,927
2026-07-08T06:10:00+00:00,7490.11,7490.75,7486.73,7488.49,771
2026-07-08T06:15:00+00:00,7488.49,7490.48,7487.49,7488.5,767
2026-07-08T06:20:00+00:00,7488.5,7491.24,7485.74,7491,821
2026-07-08T06:25:00+00:00,7491,7491.74,7486.73,7486.98,1000
2026-07-08T06:30:00+00:00,7486.98,7488.25,7482.75,7483.48,1363
2026-07-08T06:35:00+00:00,7483.48,7484,7482.11,7482.75,649
2026-07-08T06:40:00+00:00,7482.75,7484.25,7480.73,7480.99,544
2026-07-08T06:45:00+00:00,7480.99,7484.99,7479.49,7484.25,665
2026-07-08T06:50:00+00:00,7484.25,7488.5,7484.25,7487.11,912
2026-07-08T06:55:00+00:00,7487.11,7487.25,7484.23,7486.11,642
2026-07-08T07:00:00+00:00,7486.11,7487.25,7480.23,7481.73,1982
2026-07-08T07:05:00+00:00,7481.73,7482.37,7478.98,7481.1,1639
2026-07-08T07:10:00+00:00,7481.1,7484.5,7480.48,7482.35,1707
2026-07-08T07:15:00+00:00,7482.35,7484.49,7479.48,7481.74,1614
2026-07-08T07:20:00+00:00,7481.74,7486.62,7480.23,7486.49,1597
2026-07-08T07:25:00+00:00,7486.49,7488.75,7485.73,7488.23,1579
2026-07-08T07:30:00+00:00,7488.23,7493.74,7487.98,7493.48,1282
2026-07-08T07:35:00+00:00,7493.48,7494.75,7486.98,7487.12,1203
2026-07-08T07:40:00+00:00,7487.12,7491.74,7486.98,7491.74,1024
2026-07-08T07:45:00+00:00,7491.74,7492.5,7489.98,7490.73,1129
2026-07-08T07:50:00+00:00,7490.73,7491.12,7487.48,7489.24,853
2026-07-08T07:55:00+00:00,7489.24,7489.25,7487.48,7488.36,710
2026-07-08T08:00:00+00:00,7488.36,7489.49,7484.25,7484.61,1530
2026-07-08T08:05:00+00:00,7484.61,7489.5,7483.52,7488.74,1375
2026-07-08T08:10:00+00:00,7488.74,7493.75,7487.98,7492.62,1655
2026-07-08T08:15:00+00:00,7492.62,7493.5,7462.98,7468.11,10773
2026-07-08T08:20:00+00:00,7468.11,7472.25,7451.98,7452.5,7875
2026-07-08T08:25:00+00:00,7452.5,7452.99,7443.48,7444.11,8186
2026-07-08T08:30:00+00:00,7444.11,7445.75,7434.99,7443.24,7040
2026-07-08T08:35:00+00:00,7443.24,7445.75,7427.48,7428.75,5668
2026-07-08T08:40:00+00:00,7428.75,7434.48,7424.25,7433.5,5883
2026-07-08T08:45:00+00:00,7433.5,7438.25,7431.48,7434.24,4585
2026-07-08T08:50:00+00:00,7434.24,7441.25,7432.23,7436.23,3565
2026-07-08T08:55:00+00:00,7436.23,7441.24,7425.98,7427.5,3624
2026-07-08T09:00:00+00:00,7427.5,7430.25,7423.1,7425.36,3501
2026-07-08T09:05:00+00:00,7425.36,7426.25,7419.23,7420.75,2849
2026-07-08T09:10:00+00:00,7420.75,7425,7415.25,7415.73,2983
2026-07-08T09:15:00+00:00,7415.73,7423,7415.6,7422.23,3035
2026-07-08T09:20:00+00:00,7422.23,7424.5,7419.48,7419.5,2528
2026-07-08T09:25:00+00:00,7419.5,7422.75,7417.23,7421.62,2196
2026-07-08T09:30:00+00:00,7421.62,7426.75,7420.24,7425.99,2019
2026-07-08T09:35:00+00:00,7425.99,7430.74,7423.1,7426.11,2198
2026-07-08T09:40:00+00:00,7426.11,7426.49,7420.48,7426.24,2105
2026-07-08T09:45:00+00:00,7426.24,7426.85,7421.23,7424.73,1638
2026-07-08T09:50:00+00:00,7424.73,7427,7421.98,7423.98,1591
2026-07-08T09:55:00+00:00,7423.98,7424.5,7419.98,7421.48,1824
2026-07-08T10:00:00+00:00,7421.48,7425,7418.35,7419.73,2172
2026-07-08T10:05:00+00:00,7419.73,7420.73,7416.23,7419.24,1843
2026-07-08T10:10:00+00:00,7419.24,7420.48,7415.74,7420.12,1826
2026-07-08T10:15:00+00:00,7420.12,7424,7417.23,7423.75,1726
2026-07-08T10:20:00+00:00,7423.75,7426.36,7422.23,7423.36,1794
2026-07-08T10:25:00+00:00,7423.36,7428.25,7422.98,7427.73,1459
2026-07-08T10:30:00+00:00,7427.73,7433.6,7423.98,7430.37,2034
2026-07-08T10:35:00+00:00,7430.37,7434.75,7430.24,7433.6,1885
2026-07-08T10:40:00+00:00,7433.6,7435.5,7432.75,7434.73,1080
2026-07-08T10:45:00+00:00,7434.73,7436.75,7431.48,7433.24,1174
2026-07-08T10:50:00+00:00,7433.24,7435.98,7432.98,7434.1,1089
2026-07-08T10:55:00+00:00,7434.1,7437.1,7431.98,7432.61,1264
2026-07-08T11:00:00+00:00,7432.61,7434.62,7428.51,7431.23,1967
2026-07-08T11:05:00+00:00,7431.23,7435.75,7429.99,7431.6,1643
2026-07-08T11:10:00+00:00,7431.6,7432.75,7427.98,7431.85,1118
2026-07-08T11:15:00+00:00,7431.85,7433.75,7429.48,7432.73,1078
2026-07-08T11:20:00+00:00,7432.73,7433.25,7426.48,7428,1210
2026-07-08T11:25:00+00:00,7428,7431.25,7427.98,7429.73,945
2026-07-08T11:30:00+00:00,7429.73,7435,7427.48,7434.99,1423
2026-07-08T11:35:00+00:00,7434.99,7437.5,7431.48,7432.35,1308
2026-07-08T11:40:00+00:00,7432.35,7453.24,7430.98,7444.61,5415
2026-07-08T11:45:00+00:00,7444.61,7448.5,7441.99,7444.24,3280
2026-07-08T11:50:00+00:00,7444.24,7447,7440.48,7446.48,1916
2026-07-08T11:55:00+00:00,7446.48,7451.25,7443.74,7445.48,1983
2026-07-08T12:00:00+00:00,7445.48,7448,7439.48,7447.73,1876
2026-07-08T12:05:00+00:00,7447.73,7458.75,7447.73,7456.49,2449
2026-07-08T12:10:00+00:00,7456.49,7458.74,7454.48,7454.73,1808
2026-07-08T12:15:00+00:00,7454.73,7457.23,7453.35,7456.48,1395
2026-07-08T12:20:00+00:00,7456.48,7456.75,7451.48,7451.86,1252
2026-07-08T12:25:00+00:00,7451.86,7459.75,7451.23,7458.98,1482
2026-07-08T12:30:00+00:00,7458.98,7461.74,7454.61,7455.98,1670
2026-07-08T12:35:00+00:00,7455.98,7459.73,7454.73,7458.24,961
2026-07-08T12:40:00+00:00,7458.24,7459.24,7455.98,7458.98,1103
2026-07-08T12:45:00+00:00,7458.98,7459.61,7456.25,7457.35,1192
2026-07-08T12:50:00+00:00,7457.35,7463.5,7457.23,7462.73,1284
2026-07-08T12:55:00+00:00,7462.73,7465.73,7451.49,7452.1,3807
2026-07-08T13:00:00+00:00,7452.1,7458.73,7451.49,7457.23,2573
2026-07-08T13:05:00+00:00,7457.23,7458.49,7452.48,7456.98,2271
2026-07-08T13:10:00+00:00,7456.98,7462.5,7453.35,7460.73,1986
2026-07-08T13:15:00+00:00,7460.73,7461.25,7456.98,7458.49,1970
2026-07-08T13:20:00+00:00,7458.49,7459.25,7453.49,7455.74,1658
2026-07-08T13:25:00+00:00,7455.74,7459.98,7450.6,7453.62,2907
2026-07-08T13:30:00+00:00,7453.62,7463.79,7448.76,7459.3,13176
2026-07-08T13:35:00+00:00,7459.3,7464.05,7452.79,7462.05,11173
2026-07-08T13:40:00+00:00,7462.05,7470.04,7460.15,7465.78,9485
2026-07-08T13:45:00+00:00,7465.78,7471.8,7458.29,7458.55,8282
2026-07-08T13:50:00+00:00,7458.55,7467.05,7455.54,7458.65,8940
2026-07-08T13:55:00+00:00,7458.65,7468.55,7454.28,7462.79,9312
2026-07-08T14:00:00+00:00,7462.79,7467.29,7457.78,7460.28,9082
2026-07-08T14:05:00+00:00,7460.28,7469.54,7459.78,7464.78,7617
2026-07-08T14:10:00+00:00,7464.78,7466.79,7452.78,7454.53,7432
2026-07-08T14:15:00+00:00,7454.53,7458.3,7448.78,7454.05,7825
2026-07-08T14:20:00+00:00,7454.05,7467.8,7451.91,7460.05,8462
2026-07-08T14:25:00+00:00,7460.05,7466.55,7449.55,7453.03,7844
2026-07-08T14:30:00+00:00,7453.03,7458.9,7449.03,7455.05,8162
2026-07-08T14:35:00+00:00,7455.05,7455.05,7444.29,7445.03,7716
2026-07-08T14:40:00+00:00,7445.03,7449.55,7441.8,7446.29,6614
2026-07-08T14:45:00+00:00,7446.29,7446.78,7435.03,7435.03,5640
2026-07-08T14:50:00+00:00,7435.03,7450.04,7431.03,7443.03,8410
2026-07-08T14:55:00+00:00,7443.03,7449.05,7437.28,7440.29,7728
2026-07-08T15:00:00+00:00,7440.29,7442.15,7435.8,7437.28,6020
2026-07-08T15:05:00+00:00,7437.28,7441.53,7435.78,7436.79,5166
2026-07-08T15:10:00+00:00,7436.79,7440.3,7431.28,7432.78,4286
2026-07-08T15:15:00+00:00,7432.78,7437.05,7425.28,7434.92,5309
2026-07-08T15:20:00+00:00,7434.92,7437.55,7422.03,7423.29,4740
2026-07-08T15:25:00+00:00,7423.29,7425.05,7417.03,7421.04,5385
2026-07-08T15:30:00+00:00,7421.04,7429.3,7416.3,7428.8,6262
2026-07-08T15:35:00+00:00,7428.8,7434.55,7425.53,7427.55,5293
2026-07-08T15:40:00+00:00,7427.55,7433.54,7427.28,7429.04,3760
2026-07-08T15:45:00+00:00,7429.04,7431.8,7424.51,7426.53,4291
2026-07-08T15:50:00+00:00,7426.53,7427.55,7421.79,7426.29,3388
2026-07-08T15:55:00+00:00,7426.29,7429.8,7423.28,7427.78,3704
2026-07-08T16:00:00+00:00,7427.78,7434.28,7427.53,7434.04,4537
2026-07-08T16:05:00+00:00,7434.04,7439.3,7432.65,7438.3,4157
2026-07-08T16:10:00+00:00,7438.3,7445.3,7438.15,7444.67,3611
2026-07-08T16:15:00+00:00,7444.67,7448.79,7441.52,7447.8,3424
2026-07-08T16:20:00+00:00,7447.8,7454.3,7447.53,7449.3,3605
2026-07-08T16:25:00+00:00,7449.3,7456.8,7448.54,7453.05,3294
2026-07-08T16:30:00+00:00,7453.05,7460.3,7451.79,7452.29,3496
2026-07-08T16:35:00+00:00,7452.29,7457.54,7446.53,7454.3,4577
2026-07-08T16:40:00+00:00,7454.3,7464.29,7450.51,7461.3,6960
2026-07-08T16:45:00+00:00,7461.3,7465.04,7457.78,7464.78,3414
2026-07-08T16:50:00+00:00,7464.78,7468.55,7463.03,7466.28,2965
2026-07-08T16:55:00+00:00,7466.28,7469.55,7464.54,7468.79,2421
2026-07-08T17:00:00+00:00,7468.79,7469.29,7463.28,7465.04,2965
2026-07-08T17:05:00+00:00,7465.04,7469.78,7463.79,7465.05,2681
2026-07-08T17:10:00+00:00,7465.05,7468.8,7461.5,7465.05,2393
2026-07-08T17:15:00+00:00,7465.05,7472.3,7464.79,7471.53,1982
2026-07-08T17:20:00+00:00,7471.53,7476.8,7470.79,7476.65,2642
2026-07-08T17:25:00+00:00,7476.65,7479.8,7474.5,7479.55,2042
2026-07-08T17:30:00+00:00,7479.55,7483.54,7478.03,7478.04,1946
2026-07-08T17:35:00+00:00,7478.04,7479.79,7474.78,7474.78,1846
2026-07-08T17:40:00+00:00,7474.78,7475.55,7470.53,7471.78,1746
2026-07-08T17:45:00+00:00,7471.78,7472.05,7464.27,7466.05,1949
2026-07-08T17:50:00+00:00,7466.05,7471.05,7464.54,7466.54,1947
2026-07-08T17:55:00+00:00,7466.54,7467.05,7461.53,7466.3,1963
2026-07-08T18:00:00+00:00,7466.3,7476.67,7462.28,7474.8,4648
2026-07-08T18:05:00+00:00,7474.8,7476.03,7470.53,7474.54,2506
2026-07-08T18:10:00+00:00,7474.54,7476.8,7471.03,7474.78,2256
2026-07-08T18:15:00+00:00,7474.78,7476.05,7469.04,7473.78,1805
2026-07-08T18:20:00+00:00,7473.78,7475.05,7470.53,7471.05,1497
2026-07-08T18:25:00+00:00,7471.05,7474.05,7468.53,7468.55,1665
2026-07-08T18:30:00+00:00,7468.55,7469.55,7464.53,7466.41,1971
2026-07-08T18:35:00+00:00,7466.41,7474.3,7465.03,7473.55,2356
2026-07-08T18:40:00+00:00,7473.55,7475.05,7467.28,7472.55,1894
2026-07-08T18:45:00+00:00,7472.55,7475.28,7469.78,7474.78,1579
2026-07-08T18:50:00+00:00,7474.78,7477.28,7472.53,7473.55,1988
2026-07-08T18:55:00+00:00,7473.55,7475.54,7470.02,7475.3,1702
2026-07-08T19:00:00+00:00,7475.3,7479.28,7472.28,7474.28,2061
2026-07-08T19:05:00+00:00,7474.28,7476.05,7471.78,7475.04,1877
2026-07-08T19:10:00+00:00,7475.04,7475.55,7469.65,7470.54,1783
2026-07-08T19:15:00+00:00,7470.54,7473.3,7468.78,7470.03,1696
2026-07-08T19:20:00+00:00,7470.03,7474.29,7469.79,7472.04,1546
2026-07-08T19:25:00+00:00,7472.04,7475.55,7471.28,7473.78,1551
2026-07-08T19:30:00+00:00,7473.78,7475.16,7469.92,7470.78,2484
2026-07-08T19:35:00+00:00,7470.78,7475.3,7470.03,7473.8,1710
2026-07-08T19:40:00+00:00,7473.8,7475.28,7470.28,7474.79,1690
2026-07-08T19:45:00+00:00,7474.79,7475.04,7465.29,7469.28,3315
2026-07-08T19:50:00+00:00,7469.28,7478.78,7467.03,7478.55,3332
2026-07-08T19:55:00+00:00,7478.55,7483.3,7473.29,7473.55,3894
2026-07-08T20:00:00+00:00,7473.55,7476.24,7469.23,7472.75,2237
2026-07-08T20:05:00+00:00,7472.75,7473.74,7470.73,7472.24,895
2026-07-08T20:10:00+00:00,7472.24,7472.24,7465.49,7470.73,1156
2026-07-08T20:15:00+00:00,7470.73,7471,7464.5,7465.25,924
2026-07-08T20:20:00+00:00,7465.25,7465.75,7463.98,7464.75,538
2026-07-08T20:25:00+00:00,7464.75,7465,7463.24,7464.74,369
2026-07-08T20:30:00+00:00,7464.74,7465.74,7459.24,7460,574
2026-07-08T20:35:00+00:00,7460,7460.25,7455,7459.98,868
2026-07-08T20:40:00+00:00,7459.98,7464.5,7459.73,7461.5,664
2026-07-08T20:45:00+00:00,7461.5,7463.73,7460.99,7462.23,387
2026-07-08T20:50:00+00:00,7462.23,7465.5,7461.99,7462.74,358
2026-07-08T20:55:00+00:00,7462.74,7464.49,7458.98,7462.59,619
2026-07-08T22:00:00+00:00,7462.59,7470.73,7462.59,7469.36,917
2026-07-08T22:05:00+00:00,7469.36,7470.36,7464.98,7467.86,651
2026-07-08T22:10:00+00:00,7467.86,7469.5,7467.61,7468.25,438
2026-07-08T22:15:00+00:00,7468.25,7470.24,7466.75,7468.11,463
2026-07-08T22:20:00+00:00,7468.11,7468.12,7465.99,7467.36,183
2026-07-08T22:25:00+00:00,7467.36,7467.5,7464.48,7466.87,516
2026-07-08T22:30:00+00:00,7466.87,7470.74,7464.73,7469.6,811
2026-07-08T22:35:00+00:00,7469.6,7469.75,7465.23,7465.86,426
2026-07-08T22:40:00+00:00,7465.86,7466.87,7464.49,7464.73,253
2026-07-08T22:45:00+00:00,7464.73,7466,7464.5,7465.73,150
2026-07-08T22:50:00+00:00,7465.73,7467,7464.1,7464.87,214
2026-07-08T22:55:00+00:00,7464.87,7467.24,7464.49,7466.6,154
2026-07-08T23:00:00+00:00,7466.6,7468.25,7466.48,7467,302
2026-07-08T23:05:00+00:00,7467,7470.420000000001,7466.36,7469.430000000001,411.2318166345172
2026-07-08T23:10:00+00:00,7469.430000000001,7469.930000000001,7468.920000000001,7469.680000000001,228
2026-07-08T23:15:00+00:00,7469.680000000001,7469.800000000001,7465.410000000001,7465.410000000001,329
2026-07-08T23:20:00+00:00,7465.410000000001,7467.430000000001,7463.910000000001,7466.530000000002,337
2026-07-08T23:25:00+00:00,7466.530000000002,7467.920000000001,7464.910000000001,7467.800000000001,342
2026-07-08T23:30:00+00:00,7467.800000000001,7470.180000000001,7465.160000000001,7468.910000000001,368
2026-07-08T23:35:00+00:00,7468.910000000001,7472.910000000001,7467.910000000001,7468.800000000001,903
2026-07-08T23:40:00+00:00,7468.800000000001,7472.410000000001,7468.290000000001,7471.800000000001,349
2026-07-08T23:45:00+00:00,7471.800000000001,7474.660000000001,7470.910000000001,7472.430000000001,1337
2026-07-08T23:50:00+00:00,7472.430000000001,7473.430000000001,7470.790000000001,7473.030000000002,956
2026-07-08T23:55:00+00:00,7473.030000000002,7475.930000000001,7472.930000000001,7474.660000000001,878
2026-07-09T00:00:00+00:00,7474.660000000001,7478.410000000001,7473.160000000001,7476.280000000002,2341
2026-07-09T00:05:00+00:00,7476.280000000002,7479.930000000001,7474.790000000001,7478.180000000001,1812
2026-07-09T00:10:00+00:00,7478.180000000001,7481.430000000001,7476.660000000001,7480.930000000001,1635
2026-07-09T00:15:00+00:00,7480.930000000001,7481.430000000001,7474.420000000001,7475.280000000002,1589
2026-07-09T00:20:00+00:00,7475.280000000002,7478.930000000001,7474.910000000001,7477.910000000001,1245
2026-07-09T00:25:00+00:00,7477.910000000001,7481.680000000001,7477.160000000001,7480.930000000001,1296
2026-07-09T00:30:00+00:00,7480.930000000001,7484.430000000001,7478.660000000001,7479.930000000001,1534
2026-07-09T00:35:00+00:00,7479.930000000001,7483.680000000001,7478.660000000001,7481.420000000001,1265
2026-07-09T00:40:00+00:00,7481.420000000001,7481.430000000001,7478.410000000001,7479.170000000001,1125
2026-07-09T00:45:00+00:00,7479.170000000001,7483.920000000001,7478.410000000001,7482.910000000001,1133
2026-07-09T00:50:00+00:00,7482.910000000001,7483.430000000001,7476.410000000001,7476.790000000001,1237
2026-07-09T00:55:00+00:00,7476.790000000001,7480.050000000001,7476.160000000001,7479.680000000001,1395
2026-07-09T01:00:00+00:00,7479.680000000001,7481.530000000002,7475.410000000001,7476.780000000002,1758
2026-07-09T01:05:00+00:00,7476.780000000002,7482.930000000001,7475.790000000001,7482.930000000001,1311
2026-07-09T01:10:00+00:00,7482.930000000001,7483.180000000001,7480.280000000002,7480.430000000001,969
2026-07-09T01:15:00+00:00,7480.430000000001,7483.290000000001,7478.910000000001,7482.680000000001,923
2026-07-09T01:20:00+00:00,7482.680000000001,7484.930000000001,7479.670000000001,7480.680000000001,1086
2026-07-09T01:25:00+00:00,7480.680000000001,7481.790000000001,7478.410000000001,7481.280000000002,1077
2026-07-09T01:30:00+00:00,7481.280000000002,7483.050000000001,7478.930000000001,7481.430000000001,1319
2026-07-09T01:35:00+00:00,7481.430000000001,7483.300000000001,7480.910000000001,7482.180000000001,1139
2026-07-09T01:40:00+00:00,7482.180000000001,7483.930000000001,7480.910000000001,7483.530000000002,912
2026-07-09T01:45:00+00:00,7483.530000000002,7485.430000000001,7481.660000000001,7485.160000000001,944
2026-07-09T01:50:00+00:00,7485.160000000001,7485.420000000001,7478.660000000001,7478.910000000001,996
2026-07-09T01:55:00+00:00,7478.910000000001,7479.050000000001,7476.200000000002,7477.530000000002,1984
2026-07-09T02:00:00+00:00,7477.530000000002,7479.180000000001,7474.660000000001,7478.160000000001,1763
2026-07-09T02:05:00+00:00,7478.160000000001,7484.180000000001,7477.680000000001,7483.030000000002,1723
2026-07-09T02:10:00+00:00,7483.030000000002,7486.410000000001,7482.410000000001,7485.930000000001,1267
2026-07-09T02:15:00+00:00,7485.930000000001,7487.930000000001,7484.410000000001,7487.430000000001,1018
2026-07-09T02:20:00+00:00,7487.430000000001,7490.920000000001,7485.660000000001,7485.920000000001,1486
2026-07-09T02:25:00+00:00,7485.920000000001,7487.680000000001,7485.160000000001,7486.910000000001,1285
2026-07-09T02:30:00+00:00,7486.910000000001,7488.430000000001,7484.660000000001,7484.660000000001,1242
2026-07-09T02:35:00+00:00,7484.660000000001,7484.930000000001,7480.910000000001,7483.430000000001,1252
2026-07-09T02:40:00+00:00,7483.430000000001,7483.920000000001,7478.910000000001,7479.170000000001,804
2026-07-09T02:45:00+00:00,7479.170000000001,7479.930000000001,7475.660000000001,7477.420000000001,1300
2026-07-09T02:50:00+00:00,7477.420000000001,7477.930000000001,7474.410000000001,7476.920000000001,1110
2026-07-09T02:55:00+00:00,7476.920000000001,7477.930000000001,7475.160000000001,7476.180000000001,1209
2026-07-09T03:00:00+00:00,7476.180000000001,7476.680000000001,7472.910000000001,7474.660000000001,1235
2026-07-09T03:05:00+00:00,7474.660000000001,7477.930000000001,7474.410000000001,7477.160000000001,1251
2026-07-09T03:10:00+00:00,7477.160000000001,7477.420000000001,7473.550000000001,7475.160000000001,1290
2026-07-09T03:15:00+00:00,7475.160000000001,7476.180000000001,7472.410000000001,7473.930000000001,1118
2026-07-09T03:20:00+00:00,7473.930000000001,7477.300000000001,7473.410000000001,7477.170000000001,1121
2026-07-09T03:25:00+00:00,7477.170000000001,7482.670000000001,7477.030000000002,7482.670000000001,1070
2026-07-09T03:30:00+00:00,7482.670000000001,7486.430000000001,7481.910000000001,7484.910000000001,1324
2026-07-09T03:35:00+00:00,7484.910000000001,7485.910000000001,7483.920000000001,7485.180000000001,1082
2026-07-09T03:40:00+00:00,7485.180000000001,7487.180000000001,7483.660000000001,7486.930000000001,1237
2026-07-09T03:45:00+00:00,7486.930000000001,7487.430000000001,7484.910000000001,7486.430000000001,892
2026-07-09T03:50:00+00:00,7486.430000000001,7487.170000000001,7485.660000000001,7486.670000000001,728
2026-07-09T03:55:00+00:00,7486.670000000001,7487.550000000001,7485.410000000001,7486.550000000001,693
2026-07-09T04:00:00+00:00,7486.550000000001,7488.170000000001,7485.790000000001,7487.050000000001,727
2026-07-09T04:05:00+00:00,7487.050000000001,7487.930000000001,7485.910000000001,7486.800000000001,583
2026-07-09T04:10:00+00:00,7486.800000000001,7487.420000000001,7485.180000000001,7485.670000000001,531
2026-07-09T04:15:00+00:00,7485.670000000001,7488.180000000001,7485.410000000001,7485.530000000002,689
2026-07-09T04:20:00+00:00,7485.530000000002,7486.180000000001,7483.660000000001,7483.920000000001,474
2026-07-09T04:25:00+00:00,7483.920000000001,7484.930000000001,7482.660000000001,7483.800000000001,872
2026-07-09T04:30:00+00:00,7483.800000000001,7490.790000000001,7483.800000000001,7489.430000000001,978
2026-07-09T04:35:00+00:00,7489.430000000001,7491.180000000001,7488.420000000001,7490.420000000001,705
2026-07-09T04:40:00+00:00,7490.420000000001,7491.430000000001,7489.410000000001,7491.030000000002,786
2026-07-09T04:45:00+00:00,7491.030000000002,7491.430000000001,7489.300000000001,7489.920000000001,622
2026-07-09T04:50:00+00:00,7489.920000000001,7493.430000000001,7489.910000000001,7492.920000000001,633
2026-07-09T04:55:00+00:00,7492.920000000001,7494.660000000001,7492.660000000001,7493.410000000001,705
2026-07-09T05:00:00+00:00,7493.410000000001,7494.680000000001,7491.160000000001,7491.660000000001,894
2026-07-09T05:05:00+00:00,7491.660000000001,7491.910000000001,7488.170000000001,7489.430000000001,925
2026-07-09T05:10:00+00:00,7489.430000000001,7501.550000000001,7489.430000000001,7496.670000000001,2347
2026-07-09T05:15:00+00:00,7496.670000000001,7497.910000000001,7489.660000000001,7490.920000000001,1350
2026-07-09T05:20:00+00:00,7490.920000000001,7491.430000000001,7488.170000000001,7488.930000000001,914
2026-07-09T05:25:00+00:00,7488.930000000001,7490.430000000001,7488.410000000001,7488.930000000001,951
2026-07-09T05:30:00+00:00,7488.930000000001,7491.180000000001,7483.410000000001,7491.030000000002,1146
2026-07-09T05:35:00+00:00,7491.030000000002,7492.430000000001,7489.670000000001,7490.660000000001,1351
2026-07-09T05:40:00+00:00,7490.660000000001,7492.420000000001,7488.910000000001,7492.420000000001,993
2026-07-09T05:45:00+00:00,7492.420000000001,7495.930000000001,7491.660000000001,7495.910000000001,885
2026-07-09T05:50:00+00:00,7495.910000000001,7497.290000000001,7494.930000000001,7496.430000000001,823
2026-07-09T05:55:00+00:00,7496.430000000001,7500.180000000001,7495.410000000001,7499.910000000001,823
2026-07-09T06:00:00+00:00,7499.910000000001,7501.160000000001,7497.160000000001,7497.160000000001,1528
2026-07-09T06:05:00+00:00,7497.160000000001,7498.180000000001,7494.430000000001,7496.930000000001,1088
2026-07-09T06:10:00+00:00,7496.930000000001,7498.430000000001,7495.420000000001,7497.670000000001,654
2026-07-09T06:15:00+00:00,7497.670000000001,7500.930000000001,7497.170000000001,7499.410000000001,860
2026-07-09T06:20:00+00:00,7499.410000000001,7500.180000000001,7497.910000000001,7499.930000000001,515
2026-07-09T06:25:00+00:00,7499.930000000001,7500.930000000001,7498.160000000001,7499.160000000001,683
2026-07-09T06:30:00+00:00,7499.160000000001,7499.430000000001,7495.660000000001,7496.800000000001,1372
2026-07-09T06:35:00+00:00,7496.800000000001,7499.410000000001,7496.800000000001,7497.930000000001,870
2026-07-09T06:40:00+00:00,7497.930000000001,7499.930000000001,7497.660000000001,7499.430000000001,480
2026-07-09T06:45:00+00:00,7499.430000000001,7499.430000000001,7497.160000000001,7497.660000000001,344
2026-07-09T06:50:00+00:00,7497.660000000001,7499.180000000001,7497.160000000001,7497.660000000001,277
2026-07-09T06:55:00+00:00,7497.660000000001,7497.920000000001,7495.660000000001,7497.180000000001,493
2026-07-09T07:00:00+00:00,7497.180000000001,7500.680000000001,7495.910000000001,7498.670000000001,1466
2026-07-09T07:05:00+00:00,7498.670000000001,7499.680000000001,7496.410000000001,7497.180000000001,1250
2026-07-09T07:10:00+00:00,7497.180000000001,7500.930000000001,7495.660000000001,7500.680000000001,1045
2026-07-09T07:15:00+00:00,7500.680000000001,7501.680000000001,7499.280000000002,7499.910000000001,874
2026-07-09T07:20:00+00:00,7499.910000000001,7500.180000000001,7496.910000000001,7498.530000000002,783
2026-07-09T07:25:00+00:00,7498.530000000002,7500.680000000001,7497.660000000001,7499.180000000001,637
2026-07-09T07:30:00+00:00,7499.180000000001,7500.920000000001,7498.670000000001,7499.180000000001,566
2026-07-09T07:35:00+00:00,7499.180000000001,7500.430000000001,7496.910000000001,7498.430000000001,651
2026-07-09T07:40:00+00:00,7498.430000000001,7504.170000000001,7497.030000000002,7503.920000000001,689
2026-07-09T07:45:00+00:00,7503.920000000001,7504.680000000001,7502.040000000001,7503.680000000001,761
2026-07-09T07:50:00+00:00,7503.680000000001,7505.180000000001,7502.280000000002,7502.410000000001,548
2026-07-09T07:55:00+00:00,7502.410000000001,7502.420000000001,7498.660000000001,7500.930000000001,735
2026-07-09T08:00:00+00:00,7500.930000000001,7504.040000000001,7498.910000000001,7503.160000000001,1603
2026-07-09T08:05:00+00:00,7503.160000000001,7505.430000000001,7502.170000000001,7503.660000000001,1075
2026-07-09T08:10:00+00:00,7503.660000000001,7503.930000000001,7500.410000000001,7500.420000000001,847
2026-07-09T08:15:00+00:00,7500.420000000001,7504.660000000001,7497.660000000001,7500.660000000001,1110
2026-07-09T08:20:00+00:00,7500.660000000001,7501.160000000001,7499.300000000001,7500.680000000001,731
2026-07-09T08:25:00+00:00,7500.680000000001,7502.180000000001,7499.660000000001,7500.800000000001,808
2026-07-09T08:30:00+00:00,7500.800000000001,7501.430000000001,7494.660000000001,7495.410000000001,1138
2026-07-09T08:35:00+00:00,7495.410000000001,7497.180000000001,7494.160000000001,7494.170000000001,1050
2026-07-09T08:40:00+00:00,7494.170000000001,7495.180000000001,7493.160000000001,7494.800000000001,833
2026-07-09T08:45:00+00:00,7494.800000000001,7495.420000000001,7489.420000000001,7490.180000000001,918
2026-07-09T08:50:00+00:00,7490.180000000001,7494.670000000001,7489.670000000001,7494.420000000001,824
2026-07-09T08:55:00+00:00,7494.420000000001,7495.430000000001,7491.910000000001,7493.170000000001,824
2026-07-09T09:00:00+00:00,7493.170000000001,7494.170000000001,7490.050000000001,7492.030000000002,977
2026-07-09T09:05:00+00:00,7492.030000000002,7493.430000000001,7488.910000000001,7490.420000000001,784
2026-07-09T09:10:00+00:00,7490.420000000001,7491.410000000001,7488.670000000001,7490.180000000001,636
2026-07-09T09:15:00+00:00,7490.180000000001,7490.930000000001,7488.670000000001,7489.040000000001,720
2026-07-09T09:20:00+00:00,7489.040000000001,7489.930000000001,7487.920000000001,7489.160000000001,729
2026-07-09T09:25:00+00:00,7489.160000000001,7491.430000000001,7488.160000000001,7489.930000000001,683
2026-07-09T09:30:00+00:00,7489.930000000001,7490.930000000001,7486.920000000001,7488.170000000001,893
2026-07-09T09:35:00+00:00,7488.170000000001,7489.430000000001,7485.910000000001,7487.910000000001,788
2026-07-09T09:40:00+00:00,7487.910000000001,7488.420000000001,7481.170000000001,7484.170000000001,1540
2026-07-09T09:45:00+00:00,7484.170000000001,7487.180000000001,7483.910000000001,7486.050000000001,797
2026-07-09T09:50:00+00:00,7486.050000000001,7489.170000000001,7485.920000000001,7488.660000000001,738
2026-07-09T09:55:00+00:00,7488.660000000001,7489.680000000001,7488.290000000001,7489.410000000001,556
2026-07-09T10:00:00+00:00,7489.410000000001,7489.430000000001,7486.920000000001,7488.430000000001,673
2026-07-09T10:05:00+00:00,7488.430000000001,7489.910000000001,7487.160000000001,7488.410000000001,752
2026-07-09T10:10:00+00:00,7488.410000000001,7490.420000000001,7487.910000000001,7489.180000000001,582
2026-07-09T10:15:00+00:00,7489.180000000001,7491.180000000001,7488.910000000001,7490.790000000001,592
2026-07-09T10:20:00+00:00,7490.790000000001,7491.550000000001,7489.410000000001,7489.910000000001,495
2026-07-09T10:25:00+00:00,7489.910000000001,7490.050000000001,7486.420000000001,7487.930000000001,500
2026-07-09T10:30:00+00:00,7487.930000000001,7487.930000000001,7484.160000000001,7486.680000000001,580
2026-07-09T10:35:00+00:00,7486.680000000001,7488.930000000001,7485.680000000001,7487.160000000001,565
2026-07-09T10:40:00+00:00,7487.160000000001,7487.930000000001,7484.670000000001,7487.420000000001,750
2026-07-09T10:45:00+00:00,7487.420000000001,7488.430000000001,7480.910000000001,7480.920000000001,1197
2026-07-09T10:50:00+00:00,7480.920000000001,7481.800000000001,7474.280000000002,7478.670000000001,2006
2026-07-09T10:55:00+00:00,7478.670000000001,7482.790000000001,7475.410000000001,7481.920000000001,1741
2026-07-09T11:00:00+00:00,7481.920000000001,7486.420000000001,7481.920000000001,7485.530000000002,1538
2026-07-09T11:05:00+00:00,7485.530000000002,7485.930000000001,7478.670000000001,7480.040000000001,1267
2026-07-09T11:10:00+00:00,7480.040000000001,7485.670000000001,7479.530000000002,7484.920000000001,887
2026-07-09T11:15:00+00:00,7484.920000000001,7484.930000000001,7482.430000000001,7482.930000000001,621
2026-07-09T11:20:00+00:00,7482.930000000001,7487.430000000001,7482.040000000001,7483.180000000001,1658
2026-07-09T11:25:00+00:00,7483.180000000001,7486.180000000001,7483.160000000001,7485.920000000001,872
2026-07-09T11:30:00+00:00,7485.920000000001,7489.180000000001,7483.660000000001,7487.790000000001,1140
2026-07-09T11:35:00+00:00,7487.790000000001,7488.420000000001,7484.430000000001,7487.160000000001,912
2026-07-09T11:40:00+00:00,7487.160000000001,7489.430000000001,7485.170000000001,7488.410000000001,841
2026-07-09T11:45:00+00:00,7488.410000000001,7492.680000000001,7487.660000000001,7491.160000000001,1563
2026-07-09T11:50:00+00:00,7491.160000000001,7493.930000000001,7489.670000000001,7491.680000000001,1187
2026-07-09T11:55:00+00:00,7491.680000000001,7492.680000000001,7490.160000000001,7490.910000000001,763
2026-07-09T12:00:00+00:00,7490.910000000001,7493.680000000001,7489.670000000001,7492.920000000001,1416
2026-07-09T12:05:00+00:00,7492.920000000001,7497.180000000001,7490.410000000001,7495.930000000001,1565
2026-07-09T12:10:00+00:00,7495.930000000001,7497.430000000001,7493.660000000001,7493.910000000001,1304
2026-07-09T12:15:00+00:00,7493.910000000001,7495.920000000001,7493.170000000001,7494.170000000001,1084
2026-07-09T12:20:00+00:00,7494.170000000001,7495.680000000001,7492.420000000001,7495.430000000001,1131
2026-07-09T12:25:00+00:00,7495.430000000001,7498.180000000001,7495.030000000002,7498.040000000001,1027
2026-07-09T12:30:00+00:00,7498.040000000001,7501.430000000001,7496.910000000001,7500.160000000001,1631
2026-07-09T12:35:00+00:00,7500.160000000001,7501.920000000001,7499.430000000001,7501.170000000001,1139
2026-07-09T12:40:00+00:00,7501.170000000001,7501.430000000001,7494.910000000001,7495.430000000001,1042
2026-07-09T12:45:00+00:00,7495.430000000001,7495.430000000001,7490.930000000001,7493.660000000001,1200
2026-07-09T12:50:00+00:00,7493.660000000001,7495.430000000001,7492.660000000001,7493.910000000001,1031
2026-07-09T12:55:00+00:00,7493.910000000001,7494.180000000001,7491.160000000001,7492.170000000001,790
2026-07-09T13:00:00+00:00,7492.170000000001,7495.930000000001,7491.660000000001,7495.660000000001,843
2026-07-09T13:05:00+00:00,7495.660000000001,7496.160000000001,7493.410000000001,7495.430000000001,657
2026-07-09T13:10:00+00:00,7495.430000000001,7495.660000000001,7493.410000000001,7494.910000000001,642
2026-07-09T13:15:00+00:00,7494.910000000001,7496.430000000001,7492.410000000001,7494.430000000001,925
2026-07-09T13:20:00+00:00,7494.430000000001,7496.420000000001,7492.410000000001,7496.180000000001,762
2026-07-09T13:25:00+00:00,7496.180000000001,7497.930000000001,7492.160000000001,7494.160000000001,1548
2026-07-09T13:30:00+00:00,7494.160000000001,7496.230000000001,7477.960000000001,7494.980000000001,8950
2026-07-09T13:35:00+00:00,7494.980000000001,7504.710000000001,7492.230000000001,7502.730000000001,4914
2026-07-09T13:40:00+00:00,7502.730000000001,7506.730000000001,7496.220000000001,7505.710000000001,4733
2026-07-09T13:45:00+00:00,7505.710000000001,7509.340000000001,7498.970000000001,7502.720000000001,4615
2026-07-09T13:50:00+00:00,7502.720000000001,7512.730000000001,7499.680000000001,7511.340000000001,4433
2026-07-09T13:55:00+00:00,7511.340000000001,7513.970000000001,7507.330000000001,7508.580000000001,3014
2026-07-09T14:00:00+00:00,7508.580000000001,7511.980000000001,7506.720000000001,7508.720000000001,3465
2026-07-09T14:05:00+00:00,7508.720000000001,7510.480000000001,7501.210000000001,7501.210000000001,4104
2026-07-09T14:10:00+00:00,7501.210000000001,7501.730000000001,7493.960000000001,7496.960000000001,5611
2026-07-09T14:15:00+00:00,7496.960000000001,7496.970000000001,7480.480000000001,7483.960000000001,9228
2026-07-09T14:20:00+00:00,7483.960000000001,7491.230000000001,7477.210000000001,7490.730000000001,8561
2026-07-09T14:25:00+00:00,7490.730000000001,7503.480000000001,7488.730000000001,7500.330000000001,5744
2026-07-09T14:30:00+00:00,7500.330000000001,7502.480000000001,7492.460000000001,7498.220000000001,6319
2026-07-09T14:35:00+00:00,7498.220000000001,7506.470000000001,7496.980000000001,7505.710000000001,5122
2026-07-09T14:40:00+00:00,7505.710000000001,7506.480000000001,7499.960000000001,7500.710000000001,3898
2026-07-09T14:45:00+00:00,7500.710000000001,7505.730000000001,7500.210000000001,7502.460000000001,3683
2026-07-09T14:50:00+00:00,7502.460000000001,7502.470000000001,7494.460000000001,7501.480000000001,5168
2026-07-09T14:55:00+00:00,7501.480000000001,7511.230000000001,7501.480000000001,7509.470000000001,4201
2026-07-09T15:00:00+00:00,7509.470000000001,7511.730000000001,7508.210000000001,7510.980000000001,3009
2026-07-09T15:05:00+00:00,7510.980000000001,7517.980000000001,7510.480000000001,7517.230000000001,2533
2026-07-09T15:10:00+00:00,7517.230000000001,7518.230000000001,7513.210000000001,7514.470000000001,2039
2026-07-09T15:15:00+00:00,7514.470000000001,7518.480000000001,7512.210000000001,7514.730000000001,1972
2026-07-09T15:20:00+00:00,7514.730000000001,7522.230000000001,7514.210000000001,7521.710000000001,2152
2026-07-09T15:25:00+00:00,7521.710000000001,7522.480000000001,7519.730000000001,7520.480000000001,1398
2026-07-09T15:30:00+00:00,7520.480000000001,7520.730000000001,7517.460000000001,7518.460000000001,1829
2026-07-09T15:35:00+00:00,7518.460000000001,7521.710000000001,7517.720000000001,7521.480000000001,1319
2026-07-09T15:40:00+00:00,7521.480000000001,7525.230000000001,7520.710000000001,7523.980000000001,1284
2026-07-09T15:45:00+00:00,7523.980000000001,7525.480000000001,7521.960000000001,7524.720000000001,1183
2026-07-09T15:50:00+00:00,7524.720000000001,7524.980000000001,7521.460000000001,7522.220000000001,819
2026-07-09T15:55:00+00:00,7522.220000000001,7523.720000000001,7520.720000000001,7521.480000000001,811
2026-07-09T16:00:00+00:00,7521.480000000001,7527.480000000001,7521.480000000001,7526.230000000001,948
2026-07-09T16:05:00+00:00,7526.230000000001,7528.730000000001,7526.220000000001,7527.220000000001,782
2026-07-09T16:10:00+00:00,7527.220000000001,7528.470000000001,7526.470000000001,7528.210000000001,643
2026-07-09T16:15:00+00:00,7528.210000000001,7529.480000000001,7526.960000000001,7528.220000000001,722
2026-07-09T16:20:00+00:00,7528.220000000001,7531.230000000001,7527.460000000001,7530.720000000001,659
2026-07-09T16:25:00+00:00,7530.720000000001,7530.980000000001,7528.600000000001,7529.210000000001,710
2026-07-09T16:30:00+00:00,7529.210000000001,7531.730000000001,7527.460000000001,7527.460000000001,709
2026-07-09T16:35:00+00:00,7527.460000000001,7528.730000000001,7525.970000000001,7528.710000000001,977
2026-07-09T16:40:00+00:00,7528.710000000001,7530.720000000001,7528.710000000001,7529.720000000001,678
2026-07-09T16:45:00+00:00,7529.720000000001,7530.470000000001,7526.210000000001,7527.710000000001,721
2026-07-09T16:50:00+00:00,7527.710000000001,7528.970000000001,7526.460000000001,7526.970000000001,447
2026-07-09T16:55:00+00:00,7526.970000000001,7527.980000000001,7525.210000000001,7527.210000000001,524
2026-07-09T17:00:00+00:00,7527.210000000001,7530.980000000001,7526.960000000001,7529.980000000001,687
2026-07-09T17:05:00+00:00,7529.980000000001,7535.230000000001,7529.230000000001,7534.330000000001,874
2026-07-09T17:10:00+00:00,7534.330000000001,7536.980000000001,7533.960000000001,7534.980000000001,792
2026-07-09T17:15:00+00:00,7534.980000000001,7538.730000000001,7534.960000000001,7538.220000000001,666
2026-07-09T17:20:00+00:00,7538.220000000001,7539.730000000001,7536.480000000001,7537.710000000001,776
2026-07-09T17:25:00+00:00,7537.710000000001,7540.980000000001,7537.710000000001,7540.710000000001,487
2026-07-09T17:30:00+00:00,7540.710000000001,7541.480000000001,7537.710000000001,7539.230000000001,672
2026-07-09T17:35:00+00:00,7539.230000000001,7541.960000000001,7538.960000000001,7540.220000000001,439
2026-07-09T17:40:00+00:00,7540.220000000001,7540.980000000001,7537.960000000001,7539.980000000001,541
2026-07-09T17:45:00+00:00,7539.980000000001,7542.730000000001,7539.710000000001,7541.220000000001,341
2026-07-09T17:50:00+00:00,7541.220000000001,7541.980000000001,7539.710000000001,7540.220000000001,402
2026-07-09T17:55:00+00:00,7540.220000000001,7540.230000000001,7535.720000000001,7538.960000000001,643
2026-07-09T18:00:00+00:00,7538.960000000001,7540.230000000001,7537.220000000001,7537.970000000001,726
2026-07-09T18:05:00+00:00,7537.970000000001,7540.980000000001,7537.960000000001,7539.710000000001,556
2026-07-09T18:10:00+00:00,7539.710000000001,7540.980000000001,7538.960000000001,7539.970000000001,470
2026-07-09T18:15:00+00:00,7539.970000000001,7541.480000000001,7537.960000000001,7538.980000000001,450
2026-07-09T18:20:00+00:00,7538.980000000001,7538.980000000001,7535.830000000001,7535.970000000001,703
2026-07-09T18:25:00+00:00,7535.970000000001,7536.980000000001,7534.720000000001,7536.980000000001,777
2026-07-09T18:30:00+00:00,7536.980000000001,7538.230000000001,7534.710000000001,7534.980000000001,564
2026-07-09T18:35:00+00:00,7534.980000000001,7535.730000000001,7533.210000000001,7533.720000000001,474
2026-07-09T18:40:00+00:00,7533.720000000001,7535.480000000001,7532.960000000001,7535.220000000001,732
2026-07-09T18:45:00+00:00,7535.220000000001,7535.480000000001,7533.210000000001,7534.970000000001,563
2026-07-09T18:50:00+00:00,7534.970000000001,7535.720000000001,7533.210000000001,7533.230000000001,410
2026-07-09T18:55:00+00:00,7533.230000000001,7533.470000000001,7530.730000000001,7532.710000000001,610
2026-07-09T19:00:00+00:00,7532.710000000001,7532.980000000001,7529.960000000001,7530.470000000001,802
2026-07-09T19:05:00+00:00,7530.470000000001,7531.980000000001,7528.710000000001,7529.720000000001,828
2026-07-09T19:10:00+00:00,7529.720000000001,7532.230000000001,7528.720000000001,7530.960000000001,717
2026-07-09T19:15:00+00:00,7530.960000000001,7535.480000000001,7530.460000000001,7534.980000000001,781
2026-07-09T19:20:00+00:00,7534.980000000001,7535.980000000001,7533.210000000001,7533.480000000001,558
2026-07-09T19:25:00+00:00,7533.480000000001,7534.480000000001,7532.460000000001,7532.730000000001,601
2026-07-09T19:30:00+00:00,7532.730000000001,7533.710000000001,7530.960000000001,7532.980000000001,1021
2026-07-09T19:35:00+00:00,7532.980000000001,7535.470000000001,7532.710000000001,7534.460000000001,629
2026-07-09T19:40:00+00:00,7534.460000000001,7536.480000000001,7532.960000000001,7535.710000000001,555
2026-07-09T19:45:00+00:00,7535.710000000001,7536.230000000001,7533.980000000001,7534.230000000001,861
2026-07-09T19:50:00+00:00,7534.230000000001,7534.230000000001,7530.210000000001,7530.230000000001,1772
2026-07-09T19:55:00+00:00,7530.230000000001,7538.480000000001,7530.230000000001,7538.230000000001,2095
2026-07-09T20:00:00+00:00,7538.230000000001,7538.230000000001,7533.410000000001,7536.170000000001,969
2026-07-09T20:05:00+00:00,7536.170000000001,7539.430000000001,7535.680000000001,7538.930000000001,399
2026-07-09T20:10:00+00:00,7538.930000000001,7539.040000000001,7536.420000000001,7538.180000000001,377
2026-07-09T20:15:00+00:00,7538.180000000001,7539.430000000001,7536.670000000001,7536.930000000001,288
2026-07-09T20:20:00+00:00,7536.930000000001,7537.180000000001,7534.670000000001,7534.930000000001,239
2026-07-09T20:25:00+00:00,7534.930000000001,7535.180000000001,7533.660000000001,7534.410000000001,121
2026-07-09T20:30:00+00:00,7534.410000000001,7537.180000000001,7534.160000000001,7536.930000000001,158
2026-07-09T20:35:00+00:00,7536.930000000001,7537.430000000001,7536.410000000001,7537.170000000001,134
2026-07-09T20:40:00+00:00,7537.170000000001,7537.430000000001,7535.160000000001,7535.180000000001,193
2026-07-09T20:45:00+00:00,7535.180000000001,7535.550000000001,7534.660000000001,7535.160000000001,92
2026-07-09T20:50:00+00:00,7535.160000000001,7535.160000000001,7533.410000000001,7533.410000000001,99
2026-07-09T20:55:00+00:00,7533.410000000001,7534.680000000001,7532.160000000001,7533.770000000001,321
2026-07-09T22:00:00+00:00,7533.770000000001,7535.540000000001,7532.910000000001,7534.9000000000015,956
2026-07-09T22:05:00+00:00,7534.9000000000015,7536.920000000001,7532.6500000000015,7532.920000000001,566
2026-07-09T22:10:00+00:00,7532.920000000001,7533.290000000001,7532.020000000001,7532.920000000001,251
2026-07-09T22:15:00+00:00,7532.920000000001,7534.410000000001,7531.670000000001,7532.660000000001,387
2026-07-09T22:20:00+00:00,7532.660000000001,7533.540000000001,7531.520000000001,7533.1500000000015,253
2026-07-09T22:25:00+00:00,7533.1500000000015,7533.9000000000015,7531.410000000001,7532.290000000001,154
2026-07-09T22:30:00+00:00,7532.290000000001,7533.420000000001,7531.920000000001,7532.660000000001,223
2026-07-09T22:35:00+00:00,7532.660000000001,7533.920000000001,7532.280000000002,7533.170000000001,191
2026-07-09T22:40:00+00:00,7533.170000000001,7533.920000000001,7532.9000000000015,7533.520000000001,115
2026-07-09T22:45:00+00:00,7533.520000000001,7534.670000000001,7533.1500000000015,7534.030000000002,195
2026-07-09T22:50:00+00:00,7534.030000000002,7534.920000000001,7533.9000000000015,7533.910000000001,127
2026-07-09T22:55:00+00:00,7533.910000000001,7534.670000000001,7533.410000000001,7534.530000000002,162
2026-07-09T23:00:00+00:00,7534.530000000002,7535.420000000001,7532.660000000001,7535.170000000001,363
2026-07-09T23:05:00+00:00,7535.170000000001,7536.920000000001,7535.1500000000015,7536.920000000001,287
2026-07-09T23:10:00+00:00,7536.920000000001,7537.410000000001,7536.1500000000015,7537.170000000001,189
2026-07-09T23:15:00+00:00,7537.170000000001,7537.660000000001,7535.910000000001,7537.4000000000015,167
2026-07-09T23:20:00+00:00,7537.4000000000015,7539.1500000000015,7536.6500000000015,7538.420000000001,282
2026-07-09T23:25:00+00:00,7538.420000000001,7539.420000000001,7538.270000000001,7539.160000000001,221
2026-07-09T23:30:00+00:00,7539.160000000001,7539.410000000001,7537.410000000001,7537.770000000001,322
2026-07-09T23:35:00+00:00,7537.770000000001,7538.920000000001,7537.660000000001,7538.530000000002,103
2026-07-09T23:40:00+00:00,7538.530000000002,7538.790000000001,7537.1500000000015,7537.540000000001,177
2026-07-09T23:45:00+00:00,7537.540000000001,7537.920000000001,7534.420000000001,7535.170000000001,751
2026-07-09T23:50:00+00:00,7535.170000000001,7538.530000000002,7534.910000000001,7537.6500000000015,531
2026-07-09T23:55:00+00:00,7537.6500000000015,7539.1500000000015,7536.170000000001,7536.4000000000015,699
2026-07-10T00:00:00+00:00,7536.4000000000015,7537.420000000001,7530.9000000000015,7532.6500000000015,2732
2026-07-10T00:05:00+00:00,7532.6500000000015,7533.420000000001,7529.1500000000015,7531.9000000000015,2136
2026-07-10T00:10:00+00:00,7531.9000000000015,7532.170000000001,7528.410000000001,7531.420000000001,1602
2026-07-10T00:15:00+00:00,7531.420000000001,7532.290000000001,7529.4000000000015,7529.920000000001,1085
2026-07-10T00:20:00+00:00,7529.920000000001,7531.420000000001,7526.160000000001,7526.410000000001,871
2026-07-10T00:25:00+00:00,7526.410000000001,7527.670000000001,7525.4000000000015,7527.420000000001,975
2026-07-10T00:30:00+00:00,7527.420000000001,7527.920000000001,7523.6500000000015,7524.420000000001,1154
2026-07-10T00:35:00+00:00,7524.420000000001,7525.4000000000015,7523.4000000000015,7523.6500000000015,817
2026-07-10T00:40:00+00:00,7523.6500000000015,7525.670000000001,7523.420000000001,7524.9000000000015,772
2026-07-10T00:45:00+00:00,7524.9000000000015,7525.170000000001,7522.670000000001,7523.420000000001,799
2026-07-10T00:50:00+00:00,7523.420000000001,7524.410000000001,7522.430000000001,7523.670000000001,452
2026-07-10T00:55:00+00:00,7523.670000000001,7528.420000000001,7523.670000000001,7528.420000000001,437
2026-07-10T01:00:00+00:00,7528.420000000001,7529.170000000001,7525.4000000000015,7525.4000000000015,798
2026-07-10T01:05:00+00:00,7525.4000000000015,7526.420000000001,7524.9000000000015,7525.4000000000015,862
2026-07-10T01:10:00+00:00,7525.4000000000015,7526.170000000001,7523.660000000001,7525.410000000001,905
2026-07-10T01:15:00+00:00,7525.410000000001,7527.160000000001,7524.790000000001,7526.670000000001,775
2026-07-10T01:20:00+00:00,7526.670000000001,7527.910000000001,7525.160000000001,7527.6500000000015,702
2026-07-10T01:25:00+00:00,7527.6500000000015,7527.670000000001,7525.1500000000015,7527.1500000000015,699
2026-07-10T01:30:00+00:00,7527.1500000000015,7528.170000000001,7525.4000000000015,7527.670000000001,731
2026-07-10T01:35:00+00:00,7527.670000000001,7529.420000000001,7526.6500000000015,7528.670000000001,617
2026-07-10T01:40:00+00:00,7528.670000000001,7528.910000000001,7527.4000000000015,7527.410000000001,472
2026-07-10T01:45:00+00:00,7527.410000000001,7531.420000000001,7526.6500000000015,7530.910000000001,676
2026-07-10T01:50:00+00:00,7530.910000000001,7531.420000000001,7529.1500000000015,7529.410000000001,461
2026-07-10T01:55:00+00:00,7529.410000000001,7530.410000000001,7527.660000000001,7527.9000000000015,547
2026-07-10T02:00:00+00:00,7527.9000000000015,7528.420000000001,7524.920000000001,7528.1500000000015,811
2026-07-10T02:05:00+00:00,7528.1500000000015,7529.9000000000015,7526.9000000000015,7529.1500000000015,867
2026-07-10T02:10:00+00:00,7529.1500000000015,7529.420000000001,7526.910000000001,7527.910000000001,863
2026-07-10T02:15:00+00:00,7527.910000000001,7528.170000000001,7525.660000000001,7526.660000000001,783
2026-07-10T02:20:00+00:00,7526.660000000001,7527.170000000001,7524.6500000000015,7525.770000000001,905
2026-07-10T02:25:00+00:00,7525.770000000001,7527.170000000001,7525.4000000000015,7527.020000000001,650
2026-07-10T02:30:00+00:00,7527.020000000001,7528.1500000000015,7525.9000000000015,7527.410000000001,589
2026-07-10T02:35:00+00:00,7527.410000000001,7529.420000000001,7526.4000000000015,7529.160000000001,456
2026-07-10T02:40:00+00:00,7529.160000000001,7530.170000000001,7528.910000000001,7529.290000000001,383
2026-07-10T02:45:00+00:00,7529.290000000001,7531.420000000001,7528.6500000000015,7531.1500000000015,458
2026-07-10T02:50:00+00:00,7531.1500000000015,7533.670000000001,7530.920000000001,7532.410000000001,414
2026-07-10T02:55:00+00:00,7532.410000000001,7534.160000000001,7532.270000000001,7533.910000000001,268
2026-07-10T03:00:00+00:00,7533.910000000001,7535.170000000001,7533.160000000001,7534.790000000001,347
2026-07-10T03:05:00+00:00,7534.790000000001,7536.280000000002,7534.4000000000015,7535.660000000001,202
2026-07-10T03:10:00+00:00,7535.660000000001,7536.040000000001,7533.9000000000015,7534.6500000000015,239
2026-07-10T03:15:00+00:00,7534.6500000000015,7534.780000000002,7533.4000000000015,7533.6500000000015,160
2026-07-10T03:20:00+00:00,7533.6500000000015,7533.920000000001,7531.4000000000015,7531.670000000001,260
2026-07-10T03:25:00+00:00,7531.670000000001,7532.4000000000015,7531.1500000000015,7531.410000000001,192
2026-07-10T03:30:00+00:00,7531.410000000001,7531.670000000001,7530.1500000000015,7531.170000000001,525
2026-07-10T03:35:00+00:00,7531.170000000001,7531.170000000001,7529.9000000000015,7530.420000000001,581
2026-07-10T03:40:00+00:00,7530.420000000001,7531.420000000001,7530.1500000000015,7530.6500000000015,403
2026-07-10T03:45:00+00:00,7530.6500000000015,7530.920000000001,7529.660000000001,7530.410000000001,354
2026-07-10T03:50:00+00:00,7530.410000000001,7530.920000000001,7529.410000000001,7530.1500000000015,388
2026-07-10T03:55:00+00:00,7530.1500000000015,7531.660000000001,7529.9000000000015,7531.1500000000015,437
2026-07-10T04:00:00+00:00,7531.1500000000015,7532.020000000001,7530.160000000001,7531.920000000001,349
2026-07-10T04:05:00+00:00,7531.920000000001,7531.920000000001,7530.670000000001,7530.920000000001,320
2026-07-10T04:10:00+00:00,7530.920000000001,7532.040000000001,7530.6500000000015,7531.6500000000015,385
2026-07-10T04:15:00+00:00,7531.6500000000015,7531.670000000001,7530.4000000000015,7531.1500000000015,355
2026-07-10T04:20:00+00:00,7531.1500000000015,7531.290000000001,7528.410000000001,7528.6500000000015,280
2026-07-10T04:25:00+00:00,7528.6500000000015,7529.670000000001,7528.4000000000015,7529.040000000001,273
2026-07-10T04:30:00+00:00,7529.040000000001,7529.410000000001,7527.6500000000015,7528.410000000001,461
2026-07-10T04:35:00+00:00,7528.410000000001,7529.170000000001,7527.9000000000015,7528.6500000000015,282
2026-07-10T04:40:00+00:00,7528.6500000000015,7528.920000000001,7528.1500000000015,7528.410000000001,287
2026-07-10T04:45:00+00:00,7528.410000000001,7528.670000000001,7527.4000000000015,7527.4000000000015,250
2026-07-10T04:50:00+00:00,7527.4000000000015,7527.420000000001,7525.9000000000015,7526.920000000001,259
2026-07-10T04:55:00+00:00,7526.920000000001,7527.4000000000015,7524.920000000001,7525.410000000001,333
2026-07-10T05:00:00+00:00,7525.410000000001,7525.670000000001,7524.170000000001,7524.670000000001,435
2026-07-10T05:05:00+00:00,7524.670000000001,7525.670000000001,7524.1500000000015,7524.4000000000015,339
2026-07-10T05:10:00+00:00,7524.4000000000015,7526.160000000001,7524.4000000000015,7525.790000000001,443
2026-07-10T05:15:00+00:00,7525.790000000001,7527.420000000001,7525.6500000000015,7526.1500000000015,536
2026-07-10T05:20:00+00:00,7526.1500000000015,7526.670000000001,7524.420000000001,7525.420000000001,381
2026-07-10T05:25:00+00:00,7525.420000000001,7526.6500000000015,7525.1500000000015,7525.9000000000015,288
2026-07-10T05:30:00+00:00,7525.9000000000015,7526.170000000001,7524.660000000001,7525.6500000000015,433
2026-07-10T05:35:00+00:00,7525.6500000000015,7525.920000000001,7524.6500000000015,7524.9000000000015,213
2026-07-10T05:40:00+00:00,7524.9000000000015,7526.540000000001,7524.4000000000015,7526.410000000001,314
2026-07-10T05:45:00+00:00,7526.410000000001,7526.910000000001,7525.410000000001,7525.410000000001,356
2026-07-10T05:50:00+00:00,7525.410000000001,7526.920000000001,7524.9000000000015,7524.910000000001,502
2026-07-10T05:55:00+00:00,7524.910000000001,7524.920000000001,7523.410000000001,7524.1500000000015,292
2026-07-10T06:00:00+00:00,7524.1500000000015,7526.9000000000015,7523.910000000001,7526.670000000001,684
2026-07-10T06:05:00+00:00,7526.670000000001,7527.170000000001,7525.1500000000015,7525.420000000001,593
2026-07-10T06:10:00+00:00,7525.420000000001,7525.670000000001,7523.410000000001,7523.9000000000015,412
2026-07-10T06:15:00+00:00,7523.9000000000015,7524.170000000001,7523.1500000000015,7523.6500000000015,434
2026-07-10T06:20:00+00:00,7523.6500000000015,7523.6500000000015,7519.4000000000015,7519.4000000000015,498
2026-07-10T06:25:00+00:00,7519.4000000000015,7520.420000000001,7518.4000000000015,7519.4000000000015,437
2026-07-10T06:30:00+00:00,7519.4000000000015,7524.6500000000015,7519.1500000000015,7520.9000000000015,856
2026-07-10T06:35:00+00:00,7520.9000000000015,7521.170000000001,7518.4000000000015,7518.920000000001,537
2026-07-10T06:40:00+00:00,7518.920000000001,7521.4000000000015,7518.410000000001,7520.660000000001,302
2026-07-10T06:45:00+00:00,7520.660000000001,7521.920000000001,7520.410000000001,7521.6500000000015,293
2026-07-10T06:50:00+00:00,7521.6500000000015,7522.670000000001,7521.1500000000015,7522.1500000000015,323
2026-07-10T06:55:00+00:00,7522.1500000000015,7523.040000000001,7520.9000000000015,7521.670000000001,255
2026-07-10T07:00:00+00:00,7521.670000000001,7522.6500000000015,7519.6500000000015,7522.420000000001,982
2026-07-10T07:05:00+00:00,7522.420000000001,7523.910000000001,7522.1500000000015,7523.4000000000015,388
2026-07-10T07:10:00+00:00,7523.4000000000015,7525.4000000000015,7522.4000000000015,7525.4000000000015,459
2026-07-10T07:15:00+00:00,7525.4000000000015,7527.170000000001,7523.1500000000015,7525.6500000000015,682
2026-07-10T07:20:00+00:00,7525.6500000000015,7526.660000000001,7524.1500000000015,7526.270000000001,595
2026-07-10T07:25:00+00:00,7526.270000000001,7527.420000000001,7525.4000000000015,7526.530000000002,528
2026-07-10T07:30:00+00:00,7526.530000000002,7526.670000000001,7524.6500000000015,7525.420000000001,502
2026-07-10T07:35:00+00:00,7525.420000000001,7526.170000000001,7524.4000000000015,7525.920000000001,493
2026-07-10T07:40:00+00:00,7525.920000000001,7525.920000000001,7523.4000000000015,7523.410000000001,469
2026-07-10T07:45:00+00:00,7523.410000000001,7523.670000000001,7519.160000000001,7519.770000000001,692
2026-07-10T07:50:00+00:00,7519.770000000001,7520.160000000001,7517.420000000001,7518.420000000001,462
2026-07-10T07:55:00+00:00,7518.420000000001,7520.4000000000015,7518.160000000001,7519.920000000001,429
2026-07-10T08:00:00+00:00,7519.920000000001,7520.660000000001,7517.4000000000015,7519.4000000000015,1128
2026-07-10T08:05:00+00:00,7519.4000000000015,7523.910000000001,7518.6500000000015,7523.910000000001,824
2026-07-10T08:10:00+00:00,7523.910000000001,7526.420000000001,7523.910000000001,7526.1500000000015,533
2026-07-10T08:15:00+00:00,7526.1500000000015,7526.920000000001,7524.9000000000015,7525.540000000001,619
2026-07-10T08:20:00+00:00,7525.540000000001,7525.6500000000015,7522.270000000001,7523.410000000001,574
2026-07-10T08:25:00+00:00,7523.410000000001,7524.670000000001,7522.9000000000015,7523.160000000001,592
2026-07-10T08:30:00+00:00,7523.160000000001,7523.160000000001,7520.6500000000015,7522.660000000001,611
2026-07-10T08:35:00+00:00,7522.660000000001,7524.160000000001,7521.9000000000015,7522.660000000001,717
2026-07-10T08:40:00+00:00,7522.660000000001,7523.420000000001,7521.040000000001,7523.290000000001,647
2026-07-10T08:45:00+00:00,7523.290000000001,7523.420000000001,7522.1500000000015,7523.160000000001,478
2026-07-10T08:50:00+00:00,7523.160000000001,7524.920000000001,7521.670000000001,7522.170000000001,414
2026-07-10T08:55:00+00:00,7522.170000000001,7523.170000000001,7521.920000000001,7522.1500000000015,418
2026-07-10T09:00:00+00:00,7522.1500000000015,7524.1500000000015,7516.170000000001,7524.1500000000015,1632
2026-07-10T09:05:00+00:00,7524.1500000000015,7525.910000000001,7523.1500000000015,7525.4000000000015,684
2026-07-10T09:10:00+00:00,7525.4000000000015,7528.530000000002,7525.160000000001,7527.920000000001,453
2026-07-10T09:15:00+00:00,7527.920000000001,7529.920000000001,7527.770000000001,7529.670000000001,556
2026-07-10T09:20:00+00:00,7529.670000000001,7529.920000000001,7527.6500000000015,7528.410000000001,387
2026-07-10T09:25:00+00:00,7528.410000000001,7529.170000000001,7528.1500000000015,7528.660000000001,274
2026-07-10T09:30:00+00:00,7528.660000000001,7530.170000000001,7528.4000000000015,7529.9000000000015,288
2026-07-10T09:35:00+00:00,7529.9000000000015,7530.170000000001,7528.170000000001,7529.910000000001,260
2026-07-10T09:40:00+00:00,7529.910000000001,7530.040000000001,7527.270000000001,7528.4000000000015,308
2026-07-10T09:45:00+00:00,7528.4000000000015,7529.670000000001,7527.910000000001,7528.420000000001,400
2026-07-10T09:50:00+00:00,7528.420000000001,7529.660000000001,7528.1500000000015,7528.6500000000015,333
2026-07-10T09:55:00+00:00,7528.6500000000015,7529.670000000001,7527.9000000000015,7528.780000000002,348
2026-07-10T10:00:00+00:00,7528.780000000002,7532.420000000001,7528.670000000001,7531.9000000000015,366
2026-07-10T10:05:00+00:00,7531.9000000000015,7533.670000000001,7531.9000000000015,7533.410000000001,247
2026-07-10T10:10:00+00:00,7533.410000000001,7533.670000000001,7532.6500000000015,7532.660000000001,205
2026-07-10T10:15:00+00:00,7532.660000000001,7533.280000000002,7532.1500000000015,7532.670000000001,193
2026-07-10T10:20:00+00:00,7532.670000000001,7534.6500000000015,7529.420000000001,7532.920000000001,602
2026-07-10T10:25:00+00:00,7532.920000000001,7534.1500000000015,7531.920000000001,7533.910000000001,312
2026-07-10T10:30:00+00:00,7533.910000000001,7536.920000000001,7533.910000000001,7536.420000000001,346
2026-07-10T10:35:00+00:00,7536.420000000001,7536.920000000001,7535.4000000000015,7536.410000000001,271
2026-07-10T10:40:00+00:00,7536.410000000001,7538.420000000001,7535.4000000000015,7538.160000000001,337
2026-07-10T10:45:00+00:00,7538.160000000001,7538.280000000002,7535.9000000000015,7536.4000000000015,333
2026-07-10T10:50:00+00:00,7536.4000000000015,7536.420000000001,7535.1500000000015,7535.4000000000015,340
2026-07-10T10:55:00+00:00,7535.4000000000015,7538.420000000001,7535.160000000001,7538.1500000000015,346
2026-07-10T11:00:00+00:00,7538.1500000000015,7540.040000000001,7537.6500000000015,7538.670000000001,556
2026-07-10T11:05:00+00:00,7538.670000000001,7539.170000000001,7537.1500000000015,7537.4000000000015,322
2026-07-10T11:10:00+00:00,7537.4000000000015,7538.670000000001,7537.1500000000015,7537.9000000000015,326
2026-07-10T11:15:00+00:00,7537.9000000000015,7539.170000000001,7537.6500000000015,7538.4000000000015,248
2026-07-10T11:20:00+00:00,7538.4000000000015,7539.1500000000015,7537.910000000001,7539.1500000000015,327
2026-07-10T11:25:00+00:00,7539.1500000000015,7539.160000000001,7534.4000000000015,7534.6500000000015,739
2026-07-10T11:30:00+00:00,7534.6500000000015,7534.670000000001,7530.6500000000015,7532.170000000001,812
2026-07-10T11:35:00+00:00,7532.170000000001,7532.410000000001,7528.6500000000015,7529.670000000001,715
2026-07-10T11:40:00+00:00,7529.670000000001,7532.420000000001,7529.6500000000015,7532.410000000001,486
2026-07-10T11:45:00+00:00,7532.410000000001,7533.6500000000015,7531.160000000001,7531.6500000000015,561
2026-07-10T11:50:00+00:00,7531.6500000000015,7533.660000000001,7531.4000000000015,7531.780000000002,489
2026-07-10T11:55:00+00:00,7531.780000000002,7533.160000000001,7530.1500000000015,7531.1500000000015,635
2026-07-10T12:00:00+00:00,7531.1500000000015,7531.670000000001,7526.920000000001,7527.170000000001,758
2026-07-10T12:05:00+00:00,7527.170000000001,7528.420000000001,7524.910000000001,7528.170000000001,840
2026-07-10T12:10:00+00:00,7528.170000000001,7543.170000000001,7526.660000000001,7536.920000000001,3705
2026-07-10T12:15:00+00:00,7536.920000000001,7538.040000000001,7534.030000000002,7535.420000000001,2010
2026-07-10T12:20:00+00:00,7535.420000000001,7536.670000000001,7533.1500000000015,7535.9000000000015,1107
2026-07-10T12:25:00+00:00,7535.9000000000015,7536.420000000001,7534.9000000000015,7535.4000000000015,624
2026-07-10T12:30:00+00:00,7535.4000000000015,7535.910000000001,7533.4000000000015,7534.4000000000015,721
2026-07-10T12:35:00+00:00,7534.4000000000015,7539.170000000001,7532.160000000001,7538.9000000000015,847
2026-07-10T12:40:00+00:00,7538.9000000000015,7540.170000000001,7536.1500000000015,7536.410000000001,1048
2026-07-10T12:45:00+00:00,7536.410000000001,7539.920000000001,7536.410000000001,7537.420000000001,629
2026-07-10T12:50:00+00:00,7537.420000000001,7538.170000000001,7536.1500000000015,7536.410000000001,796
2026-07-10T12:55:00+00:00,7536.410000000001,7538.170000000001,7535.4000000000015,7535.910000000001,694
2026-07-10T13:00:00+00:00,7535.910000000001,7538.170000000001,7534.520000000001,7536.670000000001,651
2026-07-10T13:05:00+00:00,7536.670000000001,7538.920000000001,7536.4000000000015,7537.1500000000015,430
2026-07-10T13:10:00+00:00,7537.1500000000015,7538.910000000001,7535.9000000000015,7538.660000000001,515
2026-07-10T13:15:00+00:00,7538.660000000001,7539.670000000001,7537.4000000000015,7538.920000000001,442
2026-07-10T13:20:00+00:00,7538.920000000001,7540.420000000001,7538.660000000001,7539.910000000001,419
2026-07-10T13:25:00+00:00,7539.910000000001,7541.920000000001,7537.1500000000015,7539.920000000001,1046
2026-07-10T13:30:00+00:00,7539.920000000001,7548.470000000001,7539.920000000001,7545.700000000002,4866
2026-07-10T13:35:00+00:00,7545.700000000002,7552.220000000001,7544.450000000002,7545.700000000002,3565
2026-07-10T13:40:00+00:00,7545.700000000002,7546.450000000002,7537.950000000002,7542.220000000001,4794
2026-07-10T13:45:00+00:00,7542.220000000001,7551.470000000001,7540.700000000002,7550.200000000002,3948
2026-07-10T13:50:00+00:00,7550.200000000002,7551.970000000001,7546.460000000001,7548.960000000001,3050
2026-07-10T13:55:00+00:00,7548.960000000001,7552.220000000001,7545.950000000002,7549.470000000001,3824
2026-07-10T14:00:00+00:00,7549.470000000001,7553.710000000001,7546.670000000001,7551.210000000001,3747
2026-07-10T14:05:00+00:00,7551.210000000001,7552.470000000001,7544.710000000001,7550.720000000001,3274
2026-07-10T14:10:00+00:00,7550.720000000001,7551.460000000001,7546.200000000002,7546.950000000002,2550
2026-07-10T14:15:00+00:00,7546.950000000002,7549.470000000001,7543.200000000002,7546.710000000001,3418
2026-07-10T14:20:00+00:00,7546.710000000001,7548.220000000001,7540.950000000002,7545.450000000002,3861
2026-07-10T14:25:00+00:00,7545.450000000002,7551.470000000001,7541.220000000001,7545.710000000001,3708
2026-07-10T14:30:00+00:00,7545.710000000001,7550.700000000002,7504.580000000001,7529.220000000001,18243
2026-07-10T14:35:00+00:00,7529.220000000001,7540.710000000001,7523.710000000001,7536.960000000001,9277
2026-07-10T14:40:00+00:00,7536.960000000001,7542.710000000001,7532.950000000002,7541.220000000001,6282
2026-07-10T14:45:00+00:00,7541.220000000001,7544.470000000001,7535.700000000002,7543.960000000001,4474
2026-07-10T14:50:00+00:00,7543.960000000001,7545.970000000001,7539.210000000001,7539.450000000002,4192
2026-07-10T14:55:00+00:00,7539.450000000002,7540.470000000001,7530.700000000002,7531.970000000001,5381
2026-07-10T15:00:00+00:00,7531.970000000001,7534.470000000001,7528.700000000002,7529.470000000001,5708
2026-07-10T15:05:00+00:00,7529.470000000001,7537.960000000001,7526.450000000002,7537.960000000001,4544
2026-07-10T15:10:00+00:00,7537.960000000001,7540.720000000001,7536.180000000001,7539.710000000001,3720
2026-07-10T15:15:00+00:00,7539.710000000001,7551.970000000001,7539.450000000002,7547.210000000001,4006
2026-07-10T15:20:00+00:00,7547.210000000001,7551.220000000001,7544.450000000002,7550.710000000001,2929
2026-07-10T15:25:00+00:00,7550.710000000001,7554.710000000001,7550.700000000002,7552.970000000001,2925
2026-07-10T15:30:00+00:00,7552.970000000001,7554.220000000001,7548.950000000002,7550.450000000002,3080
2026-07-10T15:35:00+00:00,7550.450000000002,7550.720000000001,7543.200000000002,7544.220000000001,2740
2026-07-10T15:40:00+00:00,7544.220000000001,7545.220000000001,7533.700000000002,7540.450000000002,4810
2026-07-10T15:45:00+00:00,7540.450000000002,7546.720000000001,7535.700000000002,7544.470000000001,4488
2026-07-10T15:50:00+00:00,7544.470000000001,7549.220000000001,7543.220000000001,7548.460000000001,2304
2026-07-10T15:55:00+00:00,7548.460000000001,7549.220000000001,7544.950000000002,7548.220000000001,1518
2026-07-10T16:00:00+00:00,7548.220000000001,7553.460000000001,7547.970000000001,7551.720000000001,1929
2026-07-10T16:05:00+00:00,7551.720000000001,7552.210000000001,7548.450000000002,7549.580000000001,1506
2026-07-10T16:10:00+00:00,7549.580000000001,7552.470000000001,7547.960000000001,7551.950000000002,1692
2026-07-10T16:15:00+00:00,7551.950000000002,7556.970000000001,7551.950000000002,7555.710000000001,1592
2026-07-10T16:20:00+00:00,7555.710000000001,7556.220000000001,7551.450000000002,7553.720000000001,1238
2026-07-10T16:25:00+00:00,7553.720000000001,7554.220000000001,7551.450000000002,7551.970000000001,902
2026-07-10T16:30:00+00:00,7551.970000000001,7555.970000000001,7551.950000000002,7554.720000000001,816
2026-07-10T16:35:00+00:00,7554.720000000001,7555.970000000001,7549.430000000001,7552.950000000002,1035
2026-07-10T16:40:00+00:00,7552.950000000002,7556.720000000001,7552.450000000002,7556.220000000001,892
2026-07-10T16:45:00+00:00,7556.220000000001,7559.590000000001,7555.950000000002,7558.460000000001,1182
2026-07-10T16:50:00+00:00,7558.460000000001,7561.200000000002,7558.200000000002,7559.970000000001,1070
2026-07-10T16:55:00+00:00,7559.970000000001,7561.720000000001,7558.700000000002,7560.450000000002,864
2026-07-10T17:00:00+00:00,7560.450000000002,7560.720000000001,7556.460000000001,7557.450000000002,864
2026-07-10T17:05:00+00:00,7557.450000000002,7558.720000000001,7556.700000000002,7556.950000000002,683
2026-07-10T17:10:00+00:00,7556.950000000002,7558.470000000001,7555.200000000002,7558.210000000001,699
2026-07-10T17:15:00+00:00,7558.210000000001,7560.700000000002,7557.960000000001,7558.970000000001,606
2026-07-10T17:20:00+00:00,7558.970000000001,7560.470000000001,7558.710000000001,7559.950000000002,460
2026-07-10T17:25:00+00:00,7559.950000000002,7560.970000000001,7559.200000000002,7560.700000000002,494
2026-07-10T17:30:00+00:00,7560.700000000002,7562.220000000001,7559.450000000002,7560.710000000001,636
2026-07-10T17:35:00+00:00,7560.710000000001,7564.720000000001,7560.450000000002,7562.950000000002,885
2026-07-10T17:40:00+00:00,7562.950000000002,7563.970000000001,7561.450000000002,7561.710000000001,603
2026-07-10T17:45:00+00:00,7561.710000000001,7563.88,7561.700000000002,7563.610000000001,395.7978014106238
2026-07-10T17:50:00+00:00,7563.610000000001,7564.38,7563.110000000001,7563.38,403
2026-07-10T17:55:00+00:00,7563.38,7563.63,7559.87,7560.360000000001,515
2026-07-10T18:00:00+00:00,7560.360000000001,7562.38,7559.860000000001,7561.38,764
2026-07-10T18:05:00+00:00,7561.38,7563.88,7561.37,7563.12,540
2026-07-10T18:10:00+00:00,7563.12,7566.63,7562.860000000001,7563.63,885
2026-07-10T18:15:00+00:00,7563.63,7564.38,7561.860000000001,7562.87,576
2026-07-10T18:20:00+00:00,7562.87,7564.63,7561.610000000001,7563.88,616
2026-07-10T18:25:00+00:00,7563.88,7567.63,7563.860000000001,7565.13,903
2026-07-10T18:30:00+00:00,7565.13,7566.63,7564.610000000001,7566.13,505
2026-07-10T18:35:00+00:00,7566.13,7566.37,7564.110000000001,7565.110000000001,469
2026-07-10T18:40:00+00:00,7565.110000000001,7567.37,7564.62,7566.12,417
2026-07-10T18:45:00+00:00,7566.12,7567.13,7565.87,7566.360000000001,327
2026-07-10T18:50:00+00:00,7566.360000000001,7567.62,7565.860000000001,7567.12,442
2026-07-10T18:55:00+00:00,7567.12,7567.88,7566.110000000001,7566.360000000001,353
2026-07-10T19:00:00+00:00,7566.360000000001,7571.88,7565.87,7571.13,734
2026-07-10T19:05:00+00:00,7571.13,7573.110000000001,7569.860000000001,7570.360000000001,684
2026-07-10T19:10:00+00:00,7570.360000000001,7572.63,7570.360000000001,7572.360000000001,448
2026-07-10T19:15:00+00:00,7572.360000000001,7573.110000000001,7570.610000000001,7571.38,451
2026-07-10T19:20:00+00:00,7571.38,7571.860000000001,7569.860000000001,7570.62,504
2026-07-10T19:25:00+00:00,7570.62,7571.88,7570.38,7570.63,388
2026-07-10T19:30:00+00:00,7570.63,7572.38,7568.860000000001,7570.38,881
2026-07-10T19:35:00+00:00,7570.38,7572.13,7569.360000000001,7570.88,478
2026-07-10T19:40:00+00:00,7570.88,7572.88,7570.860000000001,7571.110000000001,512
2026-07-10T19:45:00+00:00,7571.110000000001,7572.38,7570.12,7571.63,847
2026-07-10T19:50:00+00:00,7571.63,7574.88,7570.360000000001,7570.87,1534
2026-07-10T19:55:00+00:00,7570.87,7571.63,7565.610000000001,7568.62,1673
2026-07-10T20:00:00+00:00,7568.62,7572.33,7565.81,7570.31,831
2026-07-10T20:05:00+00:00,7570.31,7570.58,7568.31,7569.58,391
2026-07-10T20:10:00+00:00,7569.58,7571.08,7569.31,7570.31,237
2026-07-10T20:15:00+00:00,7570.31,7571.47,7569.81,7570.49,154
2026-07-10T20:20:00+00:00,7570.49,7570.73,7569.72,7569.97,106
2026-07-10T20:25:00+00:00,7569.97,7572.99,7569.72,7572.72,375
2026-07-10T20:30:00+00:00,7572.72,7573.99,7571.97,7572.73,93
2026-07-10T20:35:00+00:00,7572.73,7573.24,7572.47,7572.97,53
2026-07-10T20:40:00+00:00,7572.97,7573.74,7572.74,7573.57,30
2026-07-12T22:00:00+00:00,7573.57,7573.57,7551.22,7552.35,3226
2026-07-12T22:05:00+00:00,7552.35,7554.73,7547.73,7549.24,2038
2026-07-12T22:10:00+00:00,7549.24,7551.49,7542.49,7542.73,1566
2026-07-12T22:15:00+00:00,7542.73,7547.23,7541,7542.47,980
2026-07-12T22:20:00+00:00,7542.47,7546.23,7541.97,7544.49,702
2026-07-12T22:25:00+00:00,7544.49,7545.99,7543.22,7545.6,368
2026-07-12T22:30:00+00:00,7545.6,7548.59,7545.59,7547.97,468
2026-07-12T22:35:00+00:00,7547.97,7548.99,7545.22,7548.47,521
2026-07-12T22:40:00+00:00,7548.47,7549.74,7546.73,7548.98,213
2026-07-12T22:45:00+00:00,7548.98,7549.22,7546.22,7547.09,253
2026-07-12T22:50:00+00:00,7547.09,7550.24,7546.97,7549.36,188
2026-07-12T22:55:00+00:00,7549.36,7551.24,7549.22,7550.22,224
2026-07-12T23:00:00+00:00,7550.22,7550.47,7547.74,7548.47,413
2026-07-12T23:05:00+00:00,7548.47,7550.35,7547.98,7548.24,220
2026-07-12T23:10:00+00:00,7548.24,7548.98,7547.49,7548.24,151
2026-07-12T23:15:00+00:00,7548.24,7548.49,7545.99,7547.97,293
2026-07-12T23:20:00+00:00,7547.97,7548.22,7545.72,7546.47,147
2026-07-12T23:25:00+00:00,7546.47,7547.6,7545.84,7547.22,133
2026-07-12T23:30:00+00:00,7547.22,7547.74,7545.99,7546.73,168
2026-07-12T23:35:00+00:00,7546.73,7547.49,7545.22,7547.22,215
2026-07-12T23:40:00+00:00,7547.22,7547.84,7546.22,7546.49,157
2026-07-12T23:45:00+00:00,7546.49,7546.99,7542.22,7543.98,1153
2026-07-12T23:50:00+00:00,7543.98,7548.74,7543.47,7546.22,726
2026-07-12T23:55:00+00:00,7546.22,7548.97,7544.97,7548.49,849
2026-07-13T00:00:00+00:00,7548.49,7557.23,7545.47,7554.84,2986
2026-07-13T00:05:00+00:00,7554.84,7559.99,7553.48,7558.59,2006
2026-07-13T00:10:00+00:00,7558.59,7564.74,7558.48,7562.09,2152
2026-07-13T00:15:00+00:00,7562.09,7563.99,7556.23,7558.34,1947
2026-07-13T00:20:00+00:00,7558.34,7561.74,7557.72,7559.99,1624
2026-07-13T00:25:00+00:00,7559.99,7560.99,7556.97,7557.22,1218
2026-07-13T00:30:00+00:00,7557.22,7557.74,7551.47,7551.74,1606
2026-07-13T00:35:00+00:00,7551.74,7553.6,7549.97,7551.22,1481
2026-07-13T00:40:00+00:00,7551.22,7552.23,7545.97,7550.24,1896
2026-07-13T00:45:00+00:00,7550.24,7552.49,7547.98,7548.24,1500
2026-07-13T00:50:00+00:00,7548.24,7548.86,7541.97,7545.22,2316
2026-07-13T00:55:00+00:00,7545.22,7547.24,7544.47,7546.48,1557
2026-07-13T01:00:00+00:00,7546.48,7547.24,7541.97,7543.22,2112
2026-07-13T01:05:00+00:00,7543.22,7544.47,7540.47,7540.47,1626
2026-07-13T01:10:00+00:00,7540.47,7544.24,7539.73,7542.97,1268
2026-07-13T01:15:00+00:00,7542.97,7548.73,7542.97,7545.84,1553
2026-07-13T01:20:00+00:00,7545.84,7546.74,7541.99,7542.99,1325
2026-07-13T01:25:00+00:00,7542.99,7544.24,7541.23,7543.98,1145
2026-07-13T01:30:00+00:00,7543.98,7545.48,7542.11,7543.49,1461
2026-07-13T01:35:00+00:00,7543.49,7548.23,7542.47,7547.99,1666
2026-07-13T01:40:00+00:00,7547.99,7548.22,7542.72,7543.98,1305
2026-07-13T01:45:00+00:00,7543.98,7544.24,7541.22,7541.23,1256
2026-07-13T01:50:00+00:00,7541.23,7542.49,7538.47,7540.23,1404
2026-07-13T01:55:00+00:00,7540.23,7542.24,7537.97,7541.49,1519
2026-07-13T02:00:00+00:00,7541.49,7542.73,7536.73,7538.49,1491
2026-07-13T02:05:00+00:00,7538.49,7540.98,7537.84,7539.22,1233
2026-07-13T02:10:00+00:00,7539.22,7540.24,7538.22,7538.72,1159
2026-07-13T02:15:00+00:00,7538.72,7540.99,7537.97,7540.47,1093
2026-07-13T02:20:00+00:00,7540.47,7543.74,7539.97,7542.23,1172
2026-07-13T02:25:00+00:00,7542.23,7543.49,7541.49,7542.22,1123
2026-07-13T02:30:00+00:00,7542.22,7542.49,7538.72,7540.47,1194
2026-07-13T02:35:00+00:00,7540.47,7541.35,7538.48,7539.24,572
2026-07-13T02:40:00+00:00,7539.24,7539.73,7537.98,7539.49,616
2026-07-13T02:45:00+00:00,7539.49,7539.74,7537.97,7539.49,650
2026-07-13T02:50:00+00:00,7539.49,7539.99,7537.47,7537.49,634
2026-07-13T02:55:00+00:00,7537.49,7538.48,7535.22,7535.48,524
2026-07-13T03:00:00+00:00,7535.48,7535.98,7533.47,7533.73,741
2026-07-13T03:05:00+00:00,7533.73,7534.85,7532.72,7533.47,706
2026-07-13T03:10:00+00:00,7533.47,7533.99,7532.74,7533.97,743
2026-07-13T03:15:00+00:00,7533.97,7534.23,7532.47,7533.73,604
2026-07-13T03:20:00+00:00,7533.73,7534.24,7532.72,7533.73,526
2026-07-13T03:25:00+00:00,7533.73,7536.11,7533.72,7535.22,451
2026-07-13T03:30:00+00:00,7535.22,7536.24,7533.24,7533.74,725
2026-07-13T03:35:00+00:00,7533.74,7535.24,7532.47,7534.49,1017
2026-07-13T03:40:00+00:00,7534.49,7536.23,7533.22,7533.74,925
2026-07-13T03:45:00+00:00,7533.74,7535.49,7533.47,7535.22,844
2026-07-13T03:50:00+00:00,7535.22,7535.49,7532.72,7533.48,434
2026-07-13T03:55:00+00:00,7533.48,7533.74,7531.74,7532.47,417
2026-07-13T04:00:00+00:00,7532.47,7532.74,7529.47,7530.23,542
2026-07-13T04:05:00+00:00,7530.23,7530.49,7528.72,7529.23,809
2026-07-13T04:10:00+00:00,7529.23,7530.49,7528.49,7529.74,798
2026-07-13T04:15:00+00:00,7529.74,7532.09,7528.74,7531.85,498
2026-07-13T04:20:00+00:00,7531.85,7532.73,7530.47,7530.72,471
2026-07-13T04:25:00+00:00,7530.72,7530.99,7528.97,7529.97,423
2026-07-13T04:30:00+00:00,7529.97,7530.74,7528.98,7528.98,370
2026-07-13T04:35:00+00:00,7528.98,7529.24,7526.97,7527.73,285
2026-07-13T04:40:00+00:00,7527.73,7527.73,7525.24,7526.22,264
2026-07-13T04:45:00+00:00,7526.22,7526.72,7525.47,7525.97,313
2026-07-13T04:50:00+00:00,7525.97,7526.24,7524.97,7525.98,179
2026-07-13T04:55:00+00:00,7525.98,7527.98,7525.74,7526.72,230
2026-07-13T05:00:00+00:00,7526.72,7527.24,7524.48,7525.6,1089
2026-07-13T05:05:00+00:00,7525.6,7530.76,7524.47,7530.35,974
2026-07-13T05:10:00+00:00,7530.35,7533.48,7529.99,7532.99,892
2026-07-13T05:15:00+00:00,7532.99,7533.23,7528.47,7528.99,961
2026-07-13T05:20:00+00:00,7528.99,7529.36,7521.97,7522.22,798
2026-07-13T05:25:00+00:00,7522.22,7522.99,7520.22,7520.86,944
2026-07-13T05:30:00+00:00,7520.86,7524.74,7515.73,7524.73,1496
2026-07-13T05:35:00+00:00,7524.73,7526.99,7524.22,7526.74,1372
2026-07-13T05:40:00+00:00,7526.74,7528.24,7523.98,7524.73,1061
2026-07-13T05:45:00+00:00,7524.73,7524.99,7520.49,7523.23,1075
2026-07-13T05:50:00+00:00,7523.23,7527.48,7523.22,7523.74,1246
2026-07-13T05:55:00+00:00,7523.74,7527.74,7523.22,7527.47,918
2026-07-13T06:00:00+00:00,7527.47,7530.1,7526.97,7529.22,1367
2026-07-13T06:05:00+00:00,7529.22,7530.23,7526.47,7526.47,990
2026-07-13T06:10:00+00:00,7526.47,7527.22,7523.47,7524.48,886
2026-07-13T06:15:00+00:00,7524.48,7528.22,7524.22,7527.99,882
2026-07-13T06:20:00+00:00,7527.99,7531.48,7527.72,7530.48,812
2026-07-13T06:25:00+00:00,7530.48,7532.99,7530.47,7532.84,693
2026-07-13T06:30:00+00:00,7532.84,7533.99,7529.97,7530.11,1005
2026-07-13T06:35:00+00:00,7530.11,7530.74,7527.99,7528.72,558
2026-07-13T06:40:00+00:00,7528.72,7532.24,7528.34,7531.97,396
2026-07-13T06:45:00+00:00,7531.97,7533.99,7530.22,7533.47,548
2026-07-13T06:50:00+00:00,7533.47,7533.86,7530.74,7531.98,470
2026-07-13T06:55:00+00:00,7531.98,7533.99,7530.97,7533.49,409
2026-07-13T07:00:00+00:00,7533.49,7537.48,7530.73,7536.24,1671
2026-07-13T07:05:00+00:00,7536.24,7538.24,7535.47,7537.97,1033
2026-07-13T07:10:00+00:00,7537.97,7540.49,7537.59,7539.99,644
2026-07-13T07:15:00+00:00,7539.99,7540.49,7534.86,7535.22,766
2026-07-13T07:20:00+00:00,7535.22,7538.99,7534.72,7538.22,674
2026-07-13T07:25:00+00:00,7538.22,7538.49,7535.47,7535.99,496
2026-07-13T07:30:00+00:00,7535.99,7535.99,7531.47,7533.24,655
2026-07-13T07:35:00+00:00,7533.24,7536.99,7532.98,7536.47,620
2026-07-13T07:40:00+00:00,7536.47,7538.24,7535.48,7536.36,555
2026-07-13T07:45:00+00:00,7536.36,7536.74,7534.22,7535.23,469
2026-07-13T07:50:00+00:00,7535.23,7537.49,7533.72,7537.47,449
2026-07-13T07:55:00+00:00,7537.47,7538.49,7535.48,7537.22,577
2026-07-13T08:00:00+00:00,7537.22,7540.74,7536.09,7539.48,1582
2026-07-13T08:05:00+00:00,7539.48,7543.48,7537.73,7542.49,1741
2026-07-13T08:10:00+00:00,7542.49,7545.49,7541.48,7545.36,1187
2026-07-13T08:15:00+00:00,7545.36,7547.99,7545.22,7545.97,654
2026-07-13T08:20:00+00:00,7545.97,7546.98,7544.72,7544.97,666
2026-07-13T08:25:00+00:00,7544.97,7546.86,7544.72,7545.1,768
2026-07-13T08:30:00+00:00,7545.1,7546.74,7543.97,7543.98,486
2026-07-13T08:35:00+00:00,7543.98,7545.11,7542.47,7544.23,379
2026-07-13T08:40:00+00:00,7544.23,7546.11,7543.72,7545.74,412
2026-07-13T08:45:00+00:00,7545.74,7547.24,7544.72,7546.72,359
2026-07-13T08:50:00+00:00,7546.72,7548.74,7546.72,7547.73,364
2026-07-13T08:55:00+00:00,7547.73,7548.48,7546.47,7547.85,250
2026-07-13T09:00:00+00:00,7547.85,7548.22,7544.72,7545.23,411
2026-07-13T09:05:00+00:00,7545.23,7546.49,7544.47,7546.23,316
2026-07-13T09:10:00+00:00,7546.23,7546.48,7544.22,7546.22,334
2026-07-13T09:15:00+00:00,7546.22,7550.24,7545.97,7549.24,303
2026-07-13T09:20:00+00:00,7549.24,7551.24,7548.72,7550.47,246
2026-07-13T09:25:00+00:00,7550.47,7552.48,7550.47,7551.98,276
2026-07-13T09:30:00+00:00,7551.98,7552.74,7550.34,7551.48,328
2026-07-13T09:35:00+00:00,7551.48,7553.24,7551.23,7552.22,283
2026-07-13T09:40:00+00:00,7552.22,7552.49,7550.98,7551.98,349
2026-07-13T09:45:00+00:00,7551.98,7551.99,7550.23,7550.99,295
2026-07-13T09:50:00+00:00,7550.99,7551.24,7549.47,7550.49,365
2026-07-13T09:55:00+00:00,7550.49,7551.24,7549.98,7550.99,252
2026-07-13T10:00:00+00:00,7550.99,7551.74,7548.47,7549.98,398
2026-07-13T10:05:00+00:00,7549.98,7550.24,7547.73,7548.48,455
2026-07-13T10:10:00+00:00,7548.48,7548.74,7547.47,7548.49,280
2026-07-13T10:15:00+00:00,7548.49,7550.99,7548.22,7550.48,289
2026-07-13T10:20:00+00:00,7550.48,7550.49,7548.22,7548.48,323
2026-07-13T10:25:00+00:00,7548.48,7548.48,7546.72,7547.23,238
2026-07-13T10:30:00+00:00,7547.23,7548.49,7546.72,7546.99,361
2026-07-13T10:35:00+00:00,7546.99,7548.74,7546.99,7548.23,247
2026-07-13T10:40:00+00:00,7548.23,7548.74,7546.22,7546.72,259
2026-07-13T10:45:00+00:00,7546.72,7549.24,7546.34,7548.23,420
2026-07-13T10:50:00+00:00,7548.23,7548.74,7547.22,7547.98,327
2026-07-13T10:55:00+00:00,7547.98,7547.98,7546.47,7547.23,236
2026-07-13T11:00:00+00:00,7547.23,7551.24,7547.23,7549.97,705
2026-07-13T11:05:00+00:00,7549.97,7553.73,7549.22,7549.61,996
2026-07-13T11:10:00+00:00,7549.61,7549.99,7545.72,7546.97,712
2026-07-13T11:15:00+00:00,7546.97,7548.98,7545.47,7545.72,601
2026-07-13T11:20:00+00:00,7545.72,7547.74,7544.47,7547.23,485
2026-07-13T11:25:00+00:00,7547.23,7549.99,7546.97,7548.99,496
2026-07-13T11:30:00+00:00,7548.99,7550.97,7547.22,7550.48,624
2026-07-13T11:35:00+00:00,7550.48,7551.49,7548.22,7548.97,521
2026-07-13T11:40:00+00:00,7548.97,7549.74,7547.23,7547.35,485
2026-07-13T11:45:00+00:00,7547.35,7547.6,7543.74,7545.72,630
2026-07-13T11:50:00+00:00,7545.72,7546.22,7543.23,7543.47,417
2026-07-13T11:55:00+00:00,7543.47,7544.24,7541.47,7543.49,498
2026-07-13T12:00:00+00:00,7543.49,7544.72,7541.22,7542.49,849
2026-07-13T12:05:00+00:00,7542.49,7543.74,7540.98,7543.47,853
2026-07-13T12:10:00+00:00,7543.47,7547.73,7536.72,7541.73,2177
2026-07-13T12:15:00+00:00,7541.73,7542.74,7539.72,7542.23,1012
2026-07-13T12:20:00+00:00,7542.23,7542.23,7539.47,7540.22,798
2026-07-13T12:25:00+00:00,7540.22,7540.99,7538.47,7538.99,500
2026-07-13T12:30:00+00:00,7538.99,7538.99,7535.47,7537.72,792
2026-07-13T12:35:00+00:00,7537.72,7538.24,7535.22,7537.97,675
2026-07-13T12:40:00+00:00,7537.97,7540.73,7536.98,7540.1,581
2026-07-13T12:45:00+00:00,7540.1,7544.24,7539.97,7543.99,458
2026-07-13T12:50:00+00:00,7543.99,7544.99,7542.23,7543.84,733
2026-07-13T12:55:00+00:00,7543.84,7546.59,7543.72,7546.23,512
2026-07-13T13:00:00+00:00,7546.23,7548.99,7545.73,7547.74,599
2026-07-13T13:05:00+00:00,7547.74,7548.74,7545.47,7545.99,532
2026-07-13T13:10:00+00:00,7545.99,7546.24,7544.47,7545.73,423
2026-07-13T13:15:00+00:00,7545.73,7545.74,7543.97,7543.97,594
2026-07-13T13:20:00+00:00,7543.97,7544.99,7543.1,7543.74,466
2026-07-13T13:25:00+00:00,7543.74,7545.99,7542.22,7544.72,1055
2026-07-13T13:30:00+00:00,7544.72,7559.04,7544.02,7554.29,7566
2026-07-13T13:35:00+00:00,7554.29,7558.04,7550.52,7552.28,5355
2026-07-13T13:40:00+00:00,7552.28,7552.54,7545.24,7550.53,6756
2026-07-13T13:45:00+00:00,7550.53,7551.54,7543.02,7549.02,8129
2026-07-13T13:50:00+00:00,7549.02,7549.79,7539.52,7546.54,7338
2026-07-13T13:55:00+00:00,7546.54,7558.04,7544.52,7556.79,6082
2026-07-13T14:00:00+00:00,7556.79,7559.79,7546.77,7548.04,6329
2026-07-13T14:05:00+00:00,7548.04,7550.03,7543.01,7548.65,5520
2026-07-13T14:10:00+00:00,7548.65,7553.79,7547.02,7553.04,4354
2026-07-13T14:15:00+00:00,7553.04,7554.29,7523,7539.27,14444
2026-07-13T14:20:00+00:00,7539.27,7549.53,7534.77,7547.91,8689
2026-07-13T14:25:00+00:00,7547.91,7552.04,7545.54,7551.28,5728
2026-07-13T14:30:00+00:00,7551.28,7553.27,7546.02,7547.04,4829
2026-07-13T14:35:00+00:00,7547.04,7547.54,7540.25,7542.28,4691
2026-07-13T14:40:00+00:00,7542.28,7542.54,7532.53,7535.02,3965
2026-07-13T14:45:00+00:00,7535.02,7545.04,7530.02,7544.27,4188
2026-07-13T14:50:00+00:00,7544.27,7545.16,7535.27,7537.53,3627
2026-07-13T14:55:00+00:00,7537.53,7548.29,7535.77,7547.79,3190
2026-07-13T15:00:00+00:00,7547.79,7551.04,7543.27,7543.52,3722
2026-07-13T15:05:00+00:00,7543.52,7546.28,7541.77,7543.02,2699
2026-07-13T15:10:00+00:00,7543.02,7546.04,7539.77,7541.52,2460
2026-07-13T15:15:00+00:00,7541.52,7543.65,7539.28,7542.78,2072
2026-07-13T15:20:00+00:00,7542.78,7546.29,7541.27,7545.02,1972
2026-07-13T15:25:00+00:00,7545.02,7545.54,7540.02,7544.28,1825
2026-07-13T15:30:00+00:00,7544.28,7545.79,7540.27,7541.79,2300
2026-07-13T15:35:00+00:00,7541.79,7543.28,7538.77,7541.54,2023
2026-07-13T15:40:00+00:00,7541.54,7542.04,7537.27,7537.54,1728
2026-07-13T15:45:00+00:00,7537.54,7538.29,7535.27,7537.54,1815
2026-07-13T15:50:00+00:00,7537.54,7538.04,7531.77,7536.04,2089
2026-07-13T15:55:00+00:00,7536.04,7536.04,7531.28,7532.77,1669
2026-07-13T16:00:00+00:00,7532.77,7535.04,7529.77,7532.03,1791
2026-07-13T16:05:00+00:00,7532.03,7535.54,7531.02,7535.29,1709
2026-07-13T16:10:00+00:00,7535.29,7538.54,7532.77,7534.77,1595
2026-07-13T16:15:00+00:00,7534.77,7535.04,7527.27,7529.03,1913
2026-07-13T16:20:00+00:00,7529.03,7529.54,7526.52,7526.89,1570
2026-07-13T16:25:00+00:00,7526.89,7527.29,7519.78,7523.28,2477
2026-07-13T16:30:00+00:00,7523.28,7523.54,7516.27,7516.53,3252
2026-07-13T16:35:00+00:00,7516.53,7523.04,7509.52,7520.53,4293
2026-07-13T16:40:00+00:00,7520.53,7525.79,7516.27,7524.29,2717
2026-07-13T16:45:00+00:00,7524.29,7527.29,7520.27,7520.53,2843
2026-07-13T16:50:00+00:00,7520.53,7521.29,7513.02,7515.03,3739
2026-07-13T16:55:00+00:00,7515.03,7522.04,7513.52,7519.54,2709
2026-07-13T17:00:00+00:00,7519.54,7523.79,7518.28,7519.29,2418
2026-07-13T17:05:00+00:00,7519.29,7526.04,7518.52,7525.02,1744
2026-07-13T17:10:00+00:00,7525.02,7527.29,7520.27,7521.27,1617
2026-07-13T17:15:00+00:00,7521.27,7523.79,7517.53,7522.53,1817
2026-07-13T17:20:00+00:00,7522.53,7524.54,7517.77,7518.04,1609
2026-07-13T17:25:00+00:00,7518.04,7520.79,7516.04,7519.02,1555
2026-07-13T17:30:00+00:00,7519.02,7522.02,7517.53,7520.29,1527
2026-07-13T17:35:00+00:00,7520.29,7520.29,7515.4,7517.79,1641
2026-07-13T17:40:00+00:00,7517.79,7522.04,7515.52,7521.03,1817
2026-07-13T17:45:00+00:00,7521.03,7523.54,7517.02,7517.29,1637
2026-07-13T17:50:00+00:00,7517.29,7518.03,7513.02,7515.53,1974
2026-07-13T17:55:00+00:00,7515.53,7516.29,7512.77,7513.02,1769
2026-07-13T18:00:00+00:00,7513.02,7519.54,7512.52,7517.29,2063
2026-07-13T18:05:00+00:00,7517.29,7523.14,7516.77,7517.28,1719
2026-07-13T18:10:00+00:00,7517.28,7519.04,7512.27,7518.52,1776
2026-07-13T18:15:00+00:00,7518.52,7519.04,7511.27,7512.77,1410
2026-07-13T18:20:00+00:00,7512.77,7516.04,7511.15,7515.54,1651
2026-07-13T18:25:00+00:00,7515.54,7516.29,7512.52,7513.04,1489
2026-07-13T18:30:00+00:00,7513.04,7516.04,7510.52,7513.04,1546
2026-07-13T18:35:00+00:00,7513.04,7518.54,7512.53,7517.52,1393
2026-07-13T18:40:00+00:00,7517.52,7521.53,7516.53,7519.52,1444
2026-07-13T18:45:00+00:00,7519.52,7520.04,7516.27,7518.53,1739
2026-07-13T18:50:00+00:00,7518.53,7521.54,7516.02,7518.77,1154
2026-07-13T18:55:00+00:00,7518.77,7520.04,7515.52,7516.52,1407
2026-07-13T19:00:00+00:00,7516.52,7519.79,7512.52,7519.53,1656
2026-07-13T19:05:00+00:00,7519.53,7520.54,7515.79,7516.04,1121
2026-07-13T19:10:00+00:00,7516.04,7516.29,7511.53,7513.52,1530
2026-07-13T19:15:00+00:00,7513.52,7515.04,7512.04,7513.27,1089
2026-07-13T19:20:00+00:00,7513.27,7513.78,7507.52,7509.78,1917
2026-07-13T19:25:00+00:00,7509.78,7510.03,7501.24,7504.29,1955
2026-07-13T19:30:00+00:00,7504.29,7509.79,7503.52,7507.27,2520
2026-07-13T19:35:00+00:00,7507.27,7507.27,7500.49,7503.29,1695
2026-07-13T19:40:00+00:00,7503.29,7510.79,7502.53,7510.53,1539
2026-07-13T19:45:00+00:00,7510.53,7511.54,7506.79,7510.28,1386
2026-07-13T19:50:00+00:00,7510.28,7515.79,7509.24,7511.77,3115
2026-07-13T19:55:00+00:00,7511.77,7517.53,7510.54,7512.53,2744
2026-07-13T20:00:00+00:00,7512.53,7512.97,7508.23,7510.73,1243
2026-07-13T20:05:00+00:00,7510.73,7512.48,7509.22,7510.47,582
2026-07-13T20:10:00+00:00,7510.47,7510.74,7506.97,7508.72,833
2026-07-13T20:15:00+00:00,7508.72,7508.98,7496.49,7502.72,1274
2026-07-13T20:20:00+00:00,7502.72,7504.99,7502.47,7504.22,264
2026-07-13T20:25:00+00:00,7504.22,7505.98,7503.97,7504.99,200
2026-07-13T20:30:00+00:00,7504.99,7504.99,7502.22,7503.97,157
2026-07-13T20:35:00+00:00,7503.97,7504.24,7503.22,7504.24,115
2026-07-13T20:40:00+00:00,7504.24,7504.49,7502.49,7503.49,225
2026-07-13T20:45:00+00:00,7503.49,7503.74,7502.22,7502.97,261
2026-07-13T20:50:00+00:00,7502.97,7503.99,7501.23,7503.47,149
2026-07-13T20:55:00+00:00,7503.47,7504.74,7502.72,7503.58,200
2026-07-13T22:00:00+00:00,7503.58,7513.61,7503.58,7508.85,1978
2026-07-13T22:05:00+00:00,7508.85,7512.47,7508.48,7509.59,724
2026-07-13T22:10:00+00:00,7509.59,7509.99,7507.5,7507.85,552
2026-07-13T22:15:00+00:00,7507.85,7509.74,7507.84,7508.6,326
2026-07-13T22:20:00+00:00,7508.6,7510.61,7506.24,7506.72,368
2026-07-13T22:25:00+00:00,7506.72,7508.1,7505.48,7505.85,311
2026-07-13T22:30:00+00:00,7505.85,7506.6,7504.84,7505.6,293
2026-07-13T22:35:00+00:00,7505.6,7506.73,7505.23,7506.09,233
2026-07-13T22:40:00+00:00,7506.09,7507.72,7505.99,7507.34,190
2026-07-13T22:45:00+00:00,7507.34,7509.49,7506.48,7507.72,251
2026-07-13T22:50:00+00:00,7507.72,7507.85,7503.1,7503.23,391
2026-07-13T22:55:00+00:00,7503.23,7503.49,7501.22,7502.24,384
2026-07-13T23:00:00+00:00,7502.24,7502.49,7497.97,7498.23,506
2026-07-13T23:05:00+00:00,7498.23,7499.74,7497.72,7498.98,446
2026-07-13T23:10:00+00:00,7498.98,7499.73,7496.47,7497.97,362
2026-07-13T23:15:00+00:00,7497.97,7498.98,7497.47,7498.49,209
2026-07-13T23:20:00+00:00,7498.49,7500.74,7498.34,7500.23,248
2026-07-13T23:25:00+00:00,7500.23,7501.49,7497.22,7497.73,272
2026-07-13T23:30:00+00:00,7497.73,7497.99,7495.47,7495.85,484
2026-07-13T23:35:00+00:00,7495.85,7498.73,7495.48,7495.84,389
2026-07-13T23:40:00+00:00,7495.84,7496.49,7492.47,7492.84,510
2026-07-13T23:45:00+00:00,7492.84,7495.73,7491.97,7493.22,1760
2026-07-13T23:50:00+00:00,7493.22,7499.99,7492.48,7498.59,1482
2026-07-13T23:55:00+00:00,7498.59,7503.98,7496.49,7503.74,1593
2026-07-14T00:00:00+00:00,7503.74,7507.24,7493.22,7495.1,4581
2026-07-14T00:05:00+00:00,7495.1,7497.6,7490.22,7494.48,3701
2026-07-14T00:10:00+00:00,7494.48,7506.74,7494.48,7506.23,3618
2026-07-14T00:15:00+00:00,7506.23,7507.73,7494.22,7494.34,3948
2026-07-14T00:20:00+00:00,7494.34,7499.99,7490.23,7499.61,4115
2026-07-14T00:25:00+00:00,7499.61,7499.74,7491.97,7495.97,3447
2026-07-14T00:30:00+00:00,7495.97,7503.23,7494.59,7500.72,3630
2026-07-14T00:35:00+00:00,7500.72,7504.98,7498.72,7500.24,2722
2026-07-14T00:40:00+00:00,7500.24,7503.74,7491.97,7494.72,2603
2026-07-14T00:45:00+00:00,7494.72,7502.11,7494.47,7500.34,2812
2026-07-14T00:50:00+00:00,7500.34,7508.24,7500.22,7507.59,2197
2026-07-14T00:55:00+00:00,7507.59,7510.97,7507.22,7508.97,2107
2026-07-14T01:00:00+00:00,7508.97,7510.49,7506.97,7508.99,2251
2026-07-14T01:05:00+00:00,7508.99,7510.72,7506.47,7508.72,1916
2026-07-14T01:10:00+00:00,7508.72,7509.24,7504.48,7505.09,1702
2026-07-14T01:15:00+00:00,7505.09,7509.99,7504.09,7508.99,1938
2026-07-14T01:20:00+00:00,7508.99,7510.24,7504.97,7506.24,1760
2026-07-14T01:25:00+00:00,7506.24,7509.24,7505.49,7506.49,1360
2026-07-14T01:30:00+00:00,7506.49,7507.74,7502.22,7503.85,1868
2026-07-14T01:35:00+00:00,7503.85,7504.49,7498.97,7501.23,1867
2026-07-14T01:40:00+00:00,7501.23,7503.24,7497.48,7501.72,1910
2026-07-14T01:45:00+00:00,7501.72,7506.24,7501.72,7505.24,1759
2026-07-14T01:50:00+00:00,7505.24,7506.09,7500.72,7501.11,1363
2026-07-14T01:55:00+00:00,7501.11,7501.24,7496.47,7498.6,1350
2026-07-14T02:00:00+00:00,7498.6,7502.72,7496.47,7501.73,1690
2026-07-14T02:05:00+00:00,7501.73,7505.11,7501.47,7502.24,1608
2026-07-14T02:10:00+00:00,7502.24,7502.73,7496.22,7496.48,1414
2026-07-14T02:15:00+00:00,7496.48,7498.24,7494.48,7494.49,1477
2026-07-14T02:20:00+00:00,7494.49,7495.48,7489.97,7490.73,1704
2026-07-14T02:25:00+00:00,7490.73,7493.74,7489.72,7493.47,1117
2026-07-14T02:30:00+00:00,7493.47,7494.24,7489.73,7490.47,1379
2026-07-14T02:35:00+00:00,7490.47,7497.47,7489.47,7497.11,1355
2026-07-14T02:40:00+00:00,7497.11,7499.99,7496.59,7498.73,1459
2026-07-14T02:45:00+00:00,7498.73,7499.74,7496.61,7498.49,872
2026-07-14T02:50:00+00:00,7498.49,7498.74,7490.48,7490.98,833
2026-07-14T02:55:00+00:00,7490.98,7491.85,7489.97,7490.72,931
2026-07-14T03:00:00+00:00,7490.72,7491.49,7487.47,7488.24,1020
2026-07-14T03:05:00+00:00,7488.24,7488.74,7487.22,7487.97,704
2026-07-14T03:10:00+00:00,7487.97,7487.99,7484.72,7485.48,780
2026-07-14T03:15:00+00:00,7485.48,7485.99,7481.99,7483.98,893
2026-07-14T03:20:00+00:00,7483.98,7487.74,7482.47,7485.73,1086
2026-07-14T03:25:00+00:00,7485.73,7490.74,7485.47,7490.72,1148
2026-07-14T03:30:00+00:00,7490.72,7494.49,7486.84,7487.11,2623
2026-07-14T03:35:00+00:00,7487.11,7490.22,7486.49,7488.73,1514
2026-07-14T03:40:00+00:00,7488.73,7488.74,7485.22,7486.35,1518
2026-07-14T03:45:00+00:00,7486.35,7491.98,7485.59,7489.22,1420
2026-07-14T03:50:00+00:00,7489.22,7494.74,7488.99,7493.74,1220
2026-07-14T03:55:00+00:00,7493.74,7495.11,7492.47,7494.47,944
2026-07-14T04:00:00+00:00,7494.47,7498.23,7493.47,7495.97,1103
2026-07-14T04:05:00+00:00,7495.97,7497.24,7491.22,7491.73,741
2026-07-14T04:10:00+00:00,7491.73,7492.49,7488.73,7491.36,804
2026-07-14T04:15:00+00:00,7491.36,7492.97,7489.73,7492.34,848
2026-07-14T04:20:00+00:00,7492.34,7496.85,7492.22,7496.23,984
2026-07-14T04:25:00+00:00,7496.23,7500.22,7495.72,7498.97,1041
2026-07-14T04:30:00+00:00,7498.97,7502.24,7498.22,7502.22,959
2026-07-14T04:35:00+00:00,7502.22,7507.09,7501.85,7506.61,1022
2026-07-14T04:40:00+00:00,7506.61,7507.49,7504.47,7506.49,1350
2026-07-14T04:45:00+00:00,7506.49,7509.99,7505.98,7509.11,730
2026-07-14T04:50:00+00:00,7509.11,7509.98,7506.72,7508.97,765
2026-07-14T04:55:00+00:00,7508.97,7511.74,7508.47,7510.74,761
2026-07-14T05:00:00+00:00,7510.74,7511.74,7508.22,7511.11,1304
2026-07-14T05:05:00+00:00,7511.11,7513.24,7510.22,7512.09,812
2026-07-14T05:10:00+00:00,7512.09,7513.49,7511.47,7512.99,590
2026-07-14T05:15:00+00:00,7512.99,7513.49,7511.74,7512.98,777
2026-07-14T05:20:00+00:00,7512.98,7518.98,7512.98,7517.73,898
2026-07-14T05:25:00+00:00,7517.73,7520.24,7516.97,7520.24,912
2026-07-14T05:30:00+00:00,7520.24,7523.99,7519.48,7519.74,1019
2026-07-14T05:35:00+00:00,7519.74,7520.98,7518.72,7519.49,762
2026-07-14T05:40:00+00:00,7519.49,7519.99,7517.47,7519.11,917
2026-07-14T05:45:00+00:00,7519.11,7520.24,7517.97,7519.61,705
2026-07-14T05:50:00+00:00,7519.61,7519.99,7518.24,7519.72,714
2026-07-14T05:55:00+00:00,7519.72,7520.61,7518.24,7518.6,542
2026-07-14T06:00:00+00:00,7518.6,7521.72,7517.97,7519.98,893
2026-07-14T06:05:00+00:00,7519.98,7522.47,7519.97,7521.97,652
2026-07-14T06:10:00+00:00,7521.97,7523.98,7521.22,7523.74,580
2026-07-14T06:15:00+00:00,7523.74,7525.11,7522.22,7524.23,567
2026-07-14T06:20:00+00:00,7524.23,7525.49,7520.22,7520.47,469
2026-07-14T06:25:00+00:00,7520.47,7520.47,7516.22,7517.74,837
2026-07-14T06:30:00+00:00,7517.74,7520.74,7516.97,7518.99,888
2026-07-14T06:35:00+00:00,7518.99,7519.49,7516.47,7516.97,504
2026-07-14T06:40:00+00:00,7516.97,7516.97,7513.72,7514.23,485
2026-07-14T06:45:00+00:00,7514.23,7514.24,7510.73,7511.97,494
2026-07-14T06:50:00+00:00,7511.97,7513.23,7510.74,7510.74,349
2026-07-14T06:55:00+00:00,7510.74,7511.98,7509.22,7509.49,354
2026-07-14T07:00:00+00:00,7509.49,7512.74,7505.97,7512.24,1592
2026-07-14T07:05:00+00:00,7512.24,7516.23,7511.59,7514.99,1335
2026-07-14T07:10:00+00:00,7514.99,7515.23,7511.73,7513.48,1246
2026-07-14T07:15:00+00:00,7513.48,7513.99,7510.47,7511.11,1334
2026-07-14T07:20:00+00:00,7511.11,7512.36,7507.72,7511.23,1123
2026-07-14T07:25:00+00:00,7511.23,7513.74,7510.47,7510.97,1181
2026-07-14T07:30:00+00:00,7510.97,7511.73,7506.47,7510.72,1545
2026-07-14T07:35:00+00:00,7510.72,7511.99,7508.49,7510.49,1288
2026-07-14T07:40:00+00:00,7510.49,7510.84,7505.47,7506.24,1263
2026-07-14T07:45:00+00:00,7506.24,7510.49,7502.72,7510.48,1479
2026-07-14T07:50:00+00:00,7510.48,7512.74,7509.24,7511.49,1453
2026-07-14T07:55:00+00:00,7511.49,7511.99,7507.97,7509.1,1163
2026-07-14T08:00:00+00:00,7509.1,7511.48,7504.47,7508.73,2533
2026-07-14T08:05:00+00:00,7508.73,7509.24,7502.72,7503.74,1864
2026-07-14T08:10:00+00:00,7503.74,7508.24,7503.61,7507.74,1581
2026-07-14T08:15:00+00:00,7507.74,7512.74,7507.49,7511.59,1414
2026-07-14T08:20:00+00:00,7511.59,7512.24,7509.47,7510.24,1311
2026-07-14T08:25:00+00:00,7510.24,7514.72,7510.22,7512.97,1366
2026-07-14T08:30:00+00:00,7512.97,7514.49,7510.84,7512.74,957
2026-07-14T08:35:00+00:00,7512.74,7513.24,7509.73,7510.99,860
2026-07-14T08:40:00+00:00,7510.99,7511.74,7508.97,7510.23,977
2026-07-14T08:45:00+00:00,7510.23,7510.23,7504.98,7505.22,697
2026-07-14T08:50:00+00:00,7505.22,7507.86,7503.09,7507.35,796
2026-07-14T08:55:00+00:00,7507.35,7508.24,7504.35,7504.84,1034
2026-07-14T09:00:00+00:00,7504.84,7508.97,7501.73,7508.48,1289
2026-07-14T09:05:00+00:00,7508.48,7511.48,7505.72,7510.85,1259
2026-07-14T09:10:00+00:00,7510.85,7514.24,7509.09,7513.24,1099
2026-07-14T09:15:00+00:00,7513.24,7514.23,7508.22,7509.99,1454
2026-07-14T09:20:00+00:00,7509.99,7510.24,7507.47,7508.49,870
2026-07-14T09:25:00+00:00,7508.49,7509.09,7504.34,7504.72,660
2026-07-14T09:30:00+00:00,7504.72,7507.74,7504.47,7506.6,770
2026-07-14T09:35:00+00:00,7506.6,7508.23,7505.98,7507.98,580
2026-07-14T09:40:00+00:00,7507.98,7509.47,7507.22,7507.74,538
2026-07-14T09:45:00+00:00,7507.74,7511.99,7507.23,7511.73,664
2026-07-14T09:50:00+00:00,7511.73,7511.74,7508.22,7509.22,814
2026-07-14T09:55:00+00:00,7509.22,7509.23,7507.09,7507.73,524
2026-07-14T10:00:00+00:00,7507.73,7509.99,7506.72,7509.97,715
2026-07-14T10:05:00+00:00,7509.97,7510.86,7508.22,7510.48,455
2026-07-14T10:10:00+00:00,7510.48,7511.24,7506.72,7507.97,487
2026-07-14T10:15:00+00:00,7507.97,7509.24,7506.6,7508.36,611
2026-07-14T10:20:00+00:00,7508.36,7508.74,7506.98,7508.24,499
2026-07-14T10:25:00+00:00,7508.24,7508.74,7505.98,7508.48,690
2026-07-14T10:30:00+00:00,7508.48,7511.73,7504.23,7506.98,1591
2026-07-14T10:35:00+00:00,7506.98,7516.24,7506.47,7511.23,1770
2026-07-14T10:40:00+00:00,7511.23,7511.24,7506.48,7507.22,1178
2026-07-14T10:45:00+00:00,7507.22,7509.73,7506.47,7508.99,899
2026-07-14T10:50:00+00:00,7508.99,7510.47,7505.97,7506.48,707
2026-07-14T10:55:00+00:00,7506.48,7507.49,7503.72,7507.35,839
2026-07-14T11:00:00+00:00,7507.35,7508.36,7496.47,7497.72,3242
2026-07-14T11:05:00+00:00,7497.72,7500.73,7494.97,7496.23,2264
2026-07-14T11:10:00+00:00,7496.23,7503.98,7494.22,7503.23,2143
2026-07-14T11:15:00+00:00,7503.23,7506.97,7502.59,7506.85,2472
2026-07-14T11:20:00+00:00,7506.85,7513.23,7504.48,7512.09,2537
2026-07-14T11:25:00+00:00,7512.09,7514.72,7508.22,7508.74,2758
2026-07-14T11:30:00+00:00,7508.74,7512.99,7506.72,7507.09,1624
2026-07-14T11:35:00+00:00,7507.09,7507.49,7503.49,7505.84,1049
2026-07-14T11:40:00+00:00,7505.84,7506.99,7503.24,7504.22,915
2026-07-14T11:45:00+00:00,7504.22,7510.24,7503.72,7507.23,1171
2026-07-14T11:50:00+00:00,7507.23,7508.85,7506.47,7506.47,781
2026-07-14T11:55:00+00:00,7506.47,7507.74,7504.22,7505.98,722
2026-07-14T12:00:00+00:00,7505.98,7506.24,7498.48,7499.49,1286
2026-07-14T12:05:00+00:00,7499.49,7499.98,7496.97,7498.23,1234
2026-07-14T12:10:00+00:00,7498.23,7499.49,7494.98,7497.98,951
2026-07-14T12:15:00+00:00,7497.98,7501.48,7495.73,7499.99,1207
2026-07-14T12:20:00+00:00,7499.99,7507.98,7498.72,7507.47,1371
2026-07-14T12:25:00+00:00,7507.47,7511.86,7506.36,7511.25,1609
2026-07-14T12:30:00+00:00,7511.25,7563.99,7509.34,7546.1,7396
2026-07-14T12:35:00+00:00,7546.1,7546.61,7531.98,7536.98,5512
2026-07-14T12:40:00+00:00,7536.98,7541.23,7532.22,7538.47,3763
2026-07-14T12:45:00+00:00,7538.47,7540.48,7531.47,7533.47,3064
2026-07-14T12:50:00+00:00,7533.47,7533.49,7526.98,7529.86,2795
2026-07-14T12:55:00+00:00,7529.86,7531.99,7525.97,7529.86,2326
2026-07-14T13:00:00+00:00,7529.86,7534.24,7527.47,7529.99,2453
2026-07-14T13:05:00+00:00,7529.99,7533.72,7528.99,7529.98,1872
2026-07-14T13:10:00+00:00,7529.98,7532.74,7527.72,7529.47,1681
2026-07-14T13:15:00+00:00,7529.47,7530.99,7524.98,7525.47,1643
2026-07-14T13:20:00+00:00,7525.47,7532.72,7521.24,7531.34,1818
2026-07-14T13:25:00+00:00,7531.34,7535.24,7528.72,7529.84,2229
2026-07-14T13:30:00+00:00,7529.84,7531.29,7515.77,7516.77,9951
2026-07-14T13:35:00+00:00,7516.77,7534.29,7514.76,7532.14,7724
2026-07-14T13:40:00+00:00,7532.14,7535.79,7526.02,7533.52,8328
2026-07-14T13:45:00+00:00,7533.52,7538.54,7526.53,7530.03,8261
2026-07-14T13:50:00+00:00,7530.03,7536.79,7526.53,7531.53,6907
2026-07-14T13:55:00+00:00,7531.53,7536.29,7527.77,7533.91,5018
2026-07-14T14:00:00+00:00,7533.91,7535.54,7522.52,7524.78,7893
2026-07-14T14:05:00+00:00,7524.78,7527.54,7519.28,7523.03,8238
2026-07-14T14:10:00+00:00,7523.03,7525.79,7518.27,7525.02,7461
2026-07-14T14:15:00+00:00,7525.02,7525.03,7507.02,7519.28,8014
2026-07-14T14:20:00+00:00,7519.28,7529.79,7518.52,7522.16,6335
2026-07-14T14:25:00+00:00,7522.16,7534.02,7520.52,7527.66,6856
2026-07-14T14:30:00+00:00,7527.66,7554.04,7525.52,7541.16,9129
2026-07-14T14:35:00+00:00,7541.16,7542.29,7536.24,7540.04,7566
2026-07-14T14:40:00+00:00,7540.04,7544.04,7530.53,7532.03,5476
2026-07-14T14:45:00+00:00,7532.03,7535.54,7528.52,7529.78,5757
2026-07-14T14:50:00+00:00,7529.78,7537.04,7525.77,7537.03,4543
2026-07-14T14:55:00+00:00,7537.03,7540.77,7536.27,7538.03,3290
2026-07-14T15:00:00+00:00,7538.03,7550.79,7533.54,7544.27,6805
2026-07-14T15:05:00+00:00,7544.27,7552.04,7542.26,7549.29,5360
2026-07-14T15:10:00+00:00,7549.29,7551.29,7544.77,7546.28,3114
2026-07-14T15:15:00+00:00,7546.28,7547.79,7537.91,7540.29,2983
2026-07-14T15:20:00+00:00,7540.29,7546.29,7537.27,7546.03,2798
2026-07-14T15:25:00+00:00,7546.03,7548.29,7544.02,7547.54,2165
2026-07-14T15:30:00+00:00,7547.54,7550.52,7539.27,7540.54,2924
2026-07-14T15:35:00+00:00,7540.54,7541.29,7536.02,7539.54,3054
2026-07-14T15:40:00+00:00,7539.54,7539.54,7528.27,7536.54,4089
2026-07-14T15:45:00+00:00,7536.54,7540.29,7536.02,7536.77,2462
2026-07-14T15:50:00+00:00,7536.77,7537.79,7529.77,7530.77,3514
2026-07-14T15:55:00+00:00,7530.77,7532.53,7526.78,7530.28,3379
2026-07-14T16:00:00+00:00,7530.28,7531.28,7520.52,7523.91,3461
2026-07-14T16:05:00+00:00,7523.91,7527.29,7520.52,7525.04,3043
2026-07-14T16:10:00+00:00,7525.04,7527.02,7520.54,7525.79,2365
2026-07-14T16:15:00+00:00,7525.79,7526.78,7520.52,7524.79,2939
2026-07-14T16:20:00+00:00,7524.79,7526.28,7520.27,7523.79,2390
2026-07-14T16:25:00+00:00,7523.79,7529.78,7522.77,7528.52,1900
2026-07-14T16:30:00+00:00,7528.52,7531.53,7526.77,7531.28,2082
2026-07-14T16:35:00+00:00,7531.28,7534.04,7530.28,7533.04,1536
2026-07-14T16:40:00+00:00,7533.04,7538.28,7531.54,7535.54,1571
2026-07-14T16:45:00+00:00,7535.54,7538.29,7530.27,7534.79,1601
2026-07-14T16:50:00+00:00,7534.79,7537.54,7533.75,7535.79,1327
2026-07-14T16:55:00+00:00,7535.79,7539.54,7534.74,7539.54,1217
2026-07-14T17:00:00+00:00,7539.54,7541.54,7537.25,7537.77,1259
2026-07-14T17:05:00+00:00,7537.77,7542.54,7536.27,7542.02,802
2026-07-14T17:10:00+00:00,7542.02,7543.04,7539.04,7539.04,755
2026-07-14T17:15:00+00:00,7539.04,7542.02,7535.54,7541.79,1388
2026-07-14T17:20:00+00:00,7541.79,7547.04,7541.53,7545.53,1089
2026-07-14T17:25:00+00:00,7545.53,7546.79,7543.27,7544.29,872
2026-07-14T17:30:00+00:00,7544.29,7545.79,7541.02,7541.02,699
2026-07-14T17:35:00+00:00,7541.02,7542.04,7539.02,7542.04,760
2026-07-14T17:40:00+00:00,7542.04,7542.54,7539.77,7541.03,604
2026-07-14T17:45:00+00:00,7541.03,7543.04,7538.27,7541.54,688
2026-07-14T17:50:00+00:00,7541.54,7544.03,7541.28,7543.04,621
2026-07-14T17:55:00+00:00,7543.04,7544.04,7542.03,7543.79,665
2026-07-14T18:00:00+00:00,7543.79,7545.54,7540.27,7545.29,965
2026-07-14T18:05:00+00:00,7545.29,7546.04,7543.53,7545.02,813
2026-07-14T18:10:00+00:00,7545.02,7547.04,7544.28,7546.78,562
2026-07-14T18:15:00+00:00,7546.78,7548.79,7545.52,7547.03,783
2026-07-14T18:20:00+00:00,7547.03,7548.53,7545.02,7545.27,506
2026-07-14T18:25:00+00:00,7545.27,7547.02,7543.78,7545.78,647
2026-07-14T18:30:00+00:00,7545.78,7546.29,7543.78,7545.29,648
2026-07-14T18:35:00+00:00,7545.29,7546.54,7541.02,7544.04,1217
2026-07-14T18:40:00+00:00,7544.04,7544.04,7537.51,7540.77,2365
2026-07-14T18:45:00+00:00,7540.77,7542.29,7539.53,7540.28,960
2026-07-14T18:50:00+00:00,7540.28,7543.79,7539.27,7542.77,736
2026-07-14T18:55:00+00:00,7542.77,7543.27,7541.28,7542.52,679
2026-07-14T19:00:00+00:00,7542.52,7543.29,7539.02,7540.04,889
2026-07-14T19:05:00+00:00,7540.04,7541.29,7538.77,7539.27,910
2026-07-14T19:10:00+00:00,7539.27,7541.54,7537.77,7540.53,796
2026-07-14T19:15:00+00:00,7540.53,7542.79,7538.78,7541.27,909
2026-07-14T19:20:00+00:00,7541.27,7544.91,7540.77,7544.52,681
2026-07-14T19:25:00+00:00,7544.52,7545.04,7541.49,7541.78,753
2026-07-14T19:30:00+00:00,7541.78,7542.29,7537.51,7540.53,2340
2026-07-14T19:35:00+00:00,7540.53,7543.29,7539.52,7540.29,1141
2026-07-14T19:40:00+00:00,7540.29,7544.65,7539.52,7543.54,878
2026-07-14T19:45:00+00:00,7543.54,7545.54,7543.14,7545.27,1032
2026-07-14T19:50:00+00:00,7545.27,7545.89,7541.79,7541.79,2137
2026-07-14T19:55:00+00:00,7541.79,7546.29,7539.54,7540.54,3555
2026-07-14T20:00:00+00:00,7540.54,7541.74,7538.97,7539.74,1244
2026-07-14T20:05:00+00:00,7539.74,7542.74,7539.22,7540.09,727
2026-07-14T20:10:00+00:00,7540.09,7540.97,7537.97,7539.73,379
2026-07-14T20:15:00+00:00,7539.73,7540.24,7538.99,7539.49,247
2026-07-14T20:20:00+00:00,7539.49,7539.49,7535.98,7537.99,147
2026-07-14T20:25:00+00:00,7537.99,7539.24,7536.22,7536.48,202
2026-07-14T20:30:00+00:00,7536.48,7537.74,7535.98,7537.24,118
2026-07-14T20:35:00+00:00,7537.24,7539.74,7537.24,7539.72,132
2026-07-14T20:40:00+00:00,7539.72,7539.74,7538.72,7539.11,110
2026-07-14T20:45:00+00:00,7539.11,7539.99,7537.47,7537.49,128
2026-07-14T20:50:00+00:00,7537.49,7540.22,7537.22,7540.22,105
2026-07-14T20:55:00+00:00,7540.22,7541.97,7539.97,7541.32,146
2026-07-14T22:00:00+00:00,7541.32,7542.21,7539.46,7540.32,784
2026-07-14T22:05:00+00:00,7540.32,7540.96,7537.69,7538.58,323
2026-07-14T22:10:00+00:00,7538.58,7539.21,7533.69,7534.82,562
2026-07-14T22:15:00+00:00,7534.82,7539.71,7534.69,7539.44,377
2026-07-14T22:20:00+00:00,7539.44,7542.81,7539.08,7542.44,292
2026-07-14T22:25:00+00:00,7542.44,7542.57,7540.94,7541.2,119
2026-07-14T22:30:00+00:00,7541.2,7543.2,7541.2,7541.58,144
2026-07-14T22:35:00+00:00,7541.58,7542.07,7541.44,7541.82,78
2026-07-14T22:40:00+00:00,7541.82,7542.2,7540.94,7541.46,130
2026-07-14T22:45:00+00:00,7541.46,7541.83,7539.98,7540.56,97
2026-07-14T22:50:00+00:00,7540.56,7541.21,7539.2,7539.69,196
2026-07-14T22:55:00+00:00,7539.69,7540.21,7538.94,7539.83,172
2026-07-14T23:00:00+00:00,7539.83,7541.07,7538.44,7540.83,253
2026-07-14T23:05:00+00:00,7540.83,7542.2,7540.44,7541.81,166
2026-07-14T23:10:00+00:00,7541.81,7543.58,7541.7,7542.96,179
2026-07-14T23:15:00+00:00,7542.96,7543.33,7541.69,7542.58,122
2026-07-14T23:20:00+00:00,7542.58,7544.46,7542.21,7544.07,149
2026-07-14T23:25:00+00:00,7544.07,7550.96,7543.69,7550.45,905
2026-07-14T23:30:00+00:00,7550.45,7552.96,7550.19,7551.7,517
2026-07-14T23:35:00+00:00,7551.7,7552.71,7551.19,7551.58,235
2026-07-14T23:40:00+00:00,7551.58,7553.96,7551.19,7551.96,371
2026-07-14T23:45:00+00:00,7551.96,7554.21,7551.19,7553.45,576
2026-07-14T23:50:00+00:00,7553.45,7554.96,7552.69,7554.44,376
2026-07-14T23:55:00+00:00,7554.44,7555.08,7552.19,7553.45,544
2026-07-15T00:00:00+00:00,7553.45,7554.7,7550.45,7551.58,1173
2026-07-15T00:05:00+00:00,7551.58,7551.71,7548.69,7551.31,926
2026-07-15T00:10:00+00:00,7551.31,7555.21,7550.94,7553.96,894
2026-07-15T00:15:00+00:00,7553.96,7554.19,7551.94,7552.31,854
2026-07-15T00:20:00+00:00,7552.31,7555.46,7552.19,7552.82,830
2026-07-15T00:25:00+00:00,7552.82,7553.71,7551.69,7553.19,629
2026-07-15T00:30:00+00:00,7553.19,7553.71,7550.19,7550.44,609
2026-07-15T00:35:00+00:00,7550.44,7550.46,7546.44,7548.46,709
2026-07-15T00:40:00+00:00,7548.46,7549.46,7543.45,7544.81,707
2026-07-15T00:45:00+00:00,7544.81,7547.96,7543.69,7546.94,877
2026-07-15T00:50:00+00:00,7546.94,7550.94,7546.56,7550.2,658
2026-07-15T00:55:00+00:00,7550.2,7554.21,7549.83,7552.71,664
2026-07-15T01:00:00+00:00,7552.71,7553.96,7547.19,7549.21,1001
2026-07-15T01:05:00+00:00,7549.21,7549.95,7546.69,7547.7,886
2026-07-15T01:10:00+00:00,7547.7,7549.96,7546.69,7549.31,792
2026-07-15T01:15:00+00:00,7549.31,7553.21,7549.19,7551.69,783
2026-07-15T01:20:00+00:00,7551.69,7552.7,7550.44,7551.44,766
2026-07-15T01:25:00+00:00,7551.44,7554.46,7551.07,7552.45,728
2026-07-15T01:30:00+00:00,7552.45,7553.46,7551.44,7552.7,888
2026-07-15T01:35:00+00:00,7552.7,7554.2,7551.7,7553.46,766
2026-07-15T01:40:00+00:00,7553.46,7553.58,7548.2,7548.46,734
2026-07-15T01:45:00+00:00,7548.46,7551.21,7548.46,7550.69,618
2026-07-15T01:50:00+00:00,7550.69,7552.71,7549.95,7552.56,703
2026-07-15T01:55:00+00:00,7552.56,7555.21,7552.44,7555.08,590
2026-07-15T02:00:00+00:00,7555.08,7555.46,7553.44,7554.7,566
2026-07-15T02:05:00+00:00,7554.7,7556.32,7553.7,7554.82,433
2026-07-15T02:10:00+00:00,7554.82,7556.21,7553.94,7554.46,374
2026-07-15T02:15:00+00:00,7554.46,7556.19,7553.95,7555.46,304
2026-07-15T02:20:00+00:00,7555.46,7556.46,7554.44,7554.44,474
2026-07-15T02:25:00+00:00,7554.44,7555.71,7554.44,7555.44,304
2026-07-15T02:30:00+00:00,7555.44,7557.69,7554.94,7556.94,329
2026-07-15T02:35:00+00:00,7556.94,7557.95,7556.2,7556.94,256
2026-07-15T02:40:00+00:00,7556.94,7557.46,7556.69,7557.44,189
2026-07-15T02:45:00+00:00,7557.44,7557.71,7556.45,7557.07,168
2026-07-15T02:50:00+00:00,7557.07,7557.21,7554.69,7555.21,304
2026-07-15T02:55:00+00:00,7555.21,7555.71,7553.69,7553.94,298
2026-07-15T03:00:00+00:00,7553.94,7554.69,7553.69,7554.46,301
2026-07-15T03:05:00+00:00,7554.46,7554.46,7553.44,7553.71,248
2026-07-15T03:10:00+00:00,7553.71,7553.71,7552.19,7553.21,308
2026-07-15T03:15:00+00:00,7553.21,7555.32,7552.94,7554.95,412
2026-07-15T03:20:00+00:00,7554.95,7555.46,7553.94,7554.45,274
2026-07-15T03:25:00+00:00,7554.45,7556.21,7554.32,7555.45,254
2026-07-15T03:30:00+00:00,7555.45,7557.21,7555.2,7556.95,344
2026-07-15T03:35:00+00:00,7556.95,7557.21,7556.19,7556.45,164
2026-07-15T03:40:00+00:00,7556.45,7557.46,7555.69,7555.69,307
2026-07-15T03:45:00+00:00,7555.69,7557.96,7555.69,7557.96,253
2026-07-15T03:50:00+00:00,7557.96,7559.21,7557.96,7558.71,162
2026-07-15T03:55:00+00:00,7558.71,7558.71,7557.69,7557.94,133
2026-07-15T04:00:00+00:00,7557.94,7558.46,7557.44,7557.44,235
2026-07-15T04:05:00+00:00,7557.44,7557.7,7556.44,7556.69,208
2026-07-15T04:10:00+00:00,7556.69,7557.71,7556.69,7557.44,192
2026-07-15T04:15:00+00:00,7557.44,7558.94,7556.94,7558.7,167
2026-07-15T04:20:00+00:00,7558.7,7558.96,7557.94,7558.69,63
2026-07-15T04:25:00+00:00,7558.69,7558.94,7557.7,7557.7,156
2026-07-15T04:30:00+00:00,7557.7,7558.21,7556.94,7557.46,200
2026-07-15T04:35:00+00:00,7557.46,7558.71,7557.19,7558.57,290
2026-07-15T04:40:00+00:00,7558.57,7558.7,7557.19,7557.71,123
2026-07-15T04:45:00+00:00,7557.71,7558.46,7557.69,7557.95,139
2026-07-15T04:50:00+00:00,7557.95,7558.71,7557.45,7558.46,156
2026-07-15T04:55:00+00:00,7558.46,7559.21,7557.94,7559.2,286
2026-07-15T05:00:00+00:00,7559.2,7564.19,7554.94,7555.96,2103
2026-07-15T05:05:00+00:00,7555.96,7558.21,7553.94,7558.06,900
2026-07-15T05:10:00+00:00,7558.06,7558.46,7554.69,7555.71,566
2026-07-15T05:15:00+00:00,7555.71,7558.56,7555.19,7557.94,463
2026-07-15T05:20:00+00:00,7557.94,7558.71,7555.56,7555.71,503
2026-07-15T05:25:00+00:00,7555.71,7555.71,7553.44,7554.44,474
2026-07-15T05:30:00+00:00,7554.44,7556.95,7553.44,7556.44,666
2026-07-15T05:35:00+00:00,7556.44,7558.96,7556.44,7558.71,535
2026-07-15T05:40:00+00:00,7558.71,7558.95,7555.94,7556.69,503
2026-07-15T05:45:00+00:00,7556.69,7558.7,7555.94,7558.2,478
2026-07-15T05:50:00+00:00,7558.2,7558.96,7557.19,7558.46,346
2026-07-15T05:55:00+00:00,7558.46,7559.96,7558.19,7559.94,292
2026-07-15T06:00:00+00:00,7559.94,7560.46,7558.94,7560.44,463
2026-07-15T06:05:00+00:00,7560.44,7560.46,7558.2,7558.96,428
2026-07-15T06:10:00+00:00,7558.96,7559.71,7557.94,7558.96,265
2026-07-15T06:15:00+00:00,7558.96,7558.96,7557.08,7558.96,300
2026-07-15T06:20:00+00:00,7558.96,7558.96,7557.19,7558.7,274
2026-07-15T06:25:00+00:00,7558.7,7561.21,7558.45,7560.96,350
2026-07-15T06:30:00+00:00,7560.96,7561.69,7557.19,7559.71,405
2026-07-15T06:35:00+00:00,7559.71,7560.21,7558.7,7558.71,272
2026-07-15T06:40:00+00:00,7558.71,7558.94,7557.44,7558.2,197
2026-07-15T06:45:00+00:00,7558.2,7559.46,7557.94,7559.19,300
2026-07-15T06:50:00+00:00,7559.19,7559.21,7557.44,7558.96,330
2026-07-15T06:55:00+00:00,7558.96,7559.46,7557.69,7558.44,497
2026-07-15T07:00:00+00:00,7558.44,7558.71,7555.45,7558.19,769
2026-07-15T07:05:00+00:00,7558.19,7559.96,7557.45,7558.45,643
2026-07-15T07:10:00+00:00,7558.45,7558.83,7557.69,7557.96,440
2026-07-15T07:15:00+00:00,7557.96,7558.46,7556.19,7556.21,533
2026-07-15T07:20:00+00:00,7556.21,7556.46,7553.19,7553.19,426
2026-07-15T07:25:00+00:00,7553.19,7553.2,7544.19,7549.7,1299
2026-07-15T07:30:00+00:00,7549.7,7551.21,7547.69,7549.46,935
2026-07-15T07:35:00+00:00,7549.46,7551.96,7549.45,7551.44,828
2026-07-15T07:40:00+00:00,7551.44,7553.2,7550.94,7552.82,692
2026-07-15T07:45:00+00:00,7552.82,7555.46,7551.45,7555.44,431
2026-07-15T07:50:00+00:00,7555.44,7557.19,7554.69,7555.71,512
2026-07-15T07:55:00+00:00,7555.71,7555.96,7554.44,7555.21,399
2026-07-15T08:00:00+00:00,7555.21,7555.96,7548.94,7550.21,887
2026-07-15T08:05:00+00:00,7550.21,7550.71,7548.46,7549.94,727
2026-07-15T08:10:00+00:00,7549.94,7552.21,7547.94,7550.95,563
2026-07-15T08:15:00+00:00,7550.95,7553.21,7549.94,7551.69,815
2026-07-15T08:20:00+00:00,7551.69,7552.46,7546.71,7548.46,1039
2026-07-15T08:25:00+00:00,7548.46,7552.21,7547.94,7551.95,890
2026-07-15T08:30:00+00:00,7551.95,7553.21,7550.69,7552.2,733
2026-07-15T08:35:00+00:00,7552.2,7554.96,7551.19,7554.69,370
2026-07-15T08:40:00+00:00,7554.69,7555.46,7551.44,7554.96,659
2026-07-15T08:45:00+00:00,7554.96,7558.21,7554.69,7556.45,507
2026-07-15T08:50:00+00:00,7556.45,7556.71,7554.69,7554.7,418
2026-07-15T08:55:00+00:00,7554.7,7557.7,7554.44,7557.46,390
2026-07-15T09:00:00+00:00,7557.46,7558.96,7557.44,7558.96,447
2026-07-15T09:05:00+00:00,7558.96,7560.45,7558.44,7560.45,302
2026-07-15T09:10:00+00:00,7560.45,7561.46,7559.45,7560.46,233
2026-07-15T09:15:00+00:00,7560.46,7561.21,7558.94,7560.95,289
2026-07-15T09:20:00+00:00,7560.95,7561.21,7559.7,7560.19,275
2026-07-15T09:25:00+00:00,7560.19,7560.46,7558.44,7559.21,208
2026-07-15T09:30:00+00:00,7559.21,7559.21,7557.7,7558.71,298
2026-07-15T09:35:00+00:00,7558.71,7560.2,7557.94,7558.7,331
2026-07-15T09:40:00+00:00,7558.7,7561.2,7558.44,7560.44,288
2026-07-15T09:45:00+00:00,7560.44,7560.7,7557.19,7558.2,321
2026-07-15T09:50:00+00:00,7558.2,7558.46,7554.94,7555.95,311
2026-07-15T09:55:00+00:00,7555.95,7555.96,7554.46,7555.44,232
2026-07-15T10:00:00+00:00,7555.44,7556.96,7554.46,7555.96,387
2026-07-15T10:05:00+00:00,7555.96,7557.21,7554.94,7555.69,324
2026-07-15T10:10:00+00:00,7555.69,7556.96,7554.95,7556.7,221
2026-07-15T10:15:00+00:00,7556.7,7557.46,7555.94,7556.19,267
2026-07-15T10:20:00+00:00,7556.19,7556.58,7550.94,7551.21,921
2026-07-15T10:25:00+00:00,7551.21,7551.46,7547.94,7549.07,1021
2026-07-15T10:30:00+00:00,7549.07,7550.69,7548.69,7549.19,731
2026-07-15T10:35:00+00:00,7549.19,7552.96,7548.95,7551.95,374
2026-07-15T10:40:00+00:00,7551.95,7552.08,7549.94,7550.44,372
2026-07-15T10:45:00+00:00,7550.44,7552.71,7550.19,7552.71,324
2026-07-15T10:50:00+00:00,7552.71,7552.95,7550.94,7551.96,348
2026-07-15T10:55:00+00:00,7551.96,7553.07,7551.2,7552.06,480
2026-07-15T11:00:00+00:00,7552.06,7554.71,7551.82,7553.69,1018
2026-07-15T11:05:00+00:00,7553.69,7554.46,7550.94,7552.94,673
2026-07-15T11:10:00+00:00,7552.94,7552.94,7550.19,7551.08,494
2026-07-15T11:15:00+00:00,7551.08,7553.21,7550.69,7550.95,523
2026-07-15T11:20:00+00:00,7550.95,7552.69,7550.94,7551.46,379
2026-07-15T11:25:00+00:00,7551.46,7552.69,7550.69,7551.45,370
2026-07-15T11:30:00+00:00,7551.45,7551.95,7548.7,7551.71,621
2026-07-15T11:35:00+00:00,7551.71,7553.21,7550.94,7552.7,484
2026-07-15T11:40:00+00:00,7552.7,7554.21,7551.94,7552.69,392
2026-07-15T11:45:00+00:00,7552.69,7552.96,7549.19,7549.71,500
2026-07-15T11:50:00+00:00,7549.71,7552.19,7549.44,7550.06,767
2026-07-15T11:55:00+00:00,7550.06,7552.21,7549.32,7550.83,507
2026-07-15T12:00:00+00:00,7550.83,7551.46,7548.69,7548.7,617
2026-07-15T12:05:00+00:00,7548.7,7548.71,7545.44,7547.46,800
2026-07-15T12:10:00+00:00,7547.46,7548.21,7545.69,7546.69,662
2026-07-15T12:15:00+00:00,7546.69,7548.46,7546.69,7546.69,548
2026-07-15T12:20:00+00:00,7546.69,7546.96,7543.2,7545.19,511
2026-07-15T12:25:00+00:00,7545.19,7545.96,7544.19,7545.47,564
2026-07-15T12:30:00+00:00,7545.47,7557.71,7544.71,7555.83,3388
2026-07-15T12:35:00+00:00,7555.83,7559.96,7555.31,7557.69,1429
2026-07-15T12:40:00+00:00,7557.69,7564.19,7556.44,7561.44,1461
2026-07-15T12:45:00+00:00,7561.44,7563.71,7558.7,7562.96,1122
2026-07-15T12:50:00+00:00,7562.96,7565.46,7562.69,7564.21,745
2026-07-15T12:55:00+00:00,7564.21,7564.71,7561.69,7562.2,870
2026-07-15T13:00:00+00:00,7562.2,7565.21,7561.69,7564.7,756
2026-07-15T13:05:00+00:00,7564.7,7566.2,7561.44,7561.71,603
2026-07-15T13:10:00+00:00,7561.71,7561.96,7557.19,7557.95,636
2026-07-15T13:15:00+00:00,7557.95,7560.7,7557.44,7560.44,488
2026-07-15T13:20:00+00:00,7560.44,7560.46,7558.44,7558.96,440
2026-07-15T13:25:00+00:00,7558.96,7563.21,7556.69,7563.19,656
2026-07-15T13:30:00+00:00,7563.19,7573.5,7562.46,7572.76,6061
2026-07-15T13:35:00+00:00,7572.76,7577.01,7566.25,7569.49,4545
2026-07-15T13:40:00+00:00,7569.49,7569.51,7563.74,7564.26,4044
2026-07-15T13:45:00+00:00,7564.26,7565.51,7554.24,7556.25,5401
2026-07-15T13:50:00+00:00,7556.25,7561.51,7552.24,7561.51,4670
2026-07-15T13:55:00+00:00,7561.51,7567.49,7559.48,7565.51,6104
2026-07-15T14:00:00+00:00,7565.51,7572.76,7565.25,7568.75,4393
2026-07-15T14:05:00+00:00,7568.75,7574.26,7567.24,7571.5,4056
2026-07-15T14:10:00+00:00,7571.5,7573.25,7567.26,7568.51,3575
2026-07-15T14:15:00+00:00,7568.51,7576.76,7567.74,7574.36,4602
2026-07-15T14:20:00+00:00,7574.36,7574.76,7553.99,7558.76,6700
2026-07-15T14:25:00+00:00,7558.76,7568.26,7554.49,7567.26,7636
2026-07-15T14:30:00+00:00,7567.26,7569.76,7560.24,7567.12,6549
2026-07-15T14:35:00+00:00,7567.12,7569,7555.86,7557.51,7269
2026-07-15T14:40:00+00:00,7557.51,7560.76,7548.74,7555.99,7263
2026-07-15T14:45:00+00:00,7555.99,7559.26,7549.74,7558.51,5881
2026-07-15T14:50:00+00:00,7558.51,7559.26,7548.24,7551.51,5436
2026-07-15T14:55:00+00:00,7551.51,7556.26,7548.99,7555.63,4597
2026-07-15T15:00:00+00:00,7555.63,7557.75,7551.38,7552.74,4885
2026-07-15T15:05:00+00:00,7552.74,7562.26,7550.49,7560.99,4234
2026-07-15T15:10:00+00:00,7560.99,7562.26,7551.49,7552.01,4077
2026-07-15T15:15:00+00:00,7552.01,7554.51,7542.75,7553.49,5325
2026-07-15T15:20:00+00:00,7553.49,7553.51,7545.24,7549.74,4170
2026-07-15T15:25:00+00:00,7549.74,7557.01,7548.26,7556.75,4181
2026-07-15T15:30:00+00:00,7556.75,7559.26,7552.49,7556.51,3128
2026-07-15T15:35:00+00:00,7556.51,7558.51,7551.74,7557.51,3084
2026-07-15T15:40:00+00:00,7557.51,7558.26,7551.01,7552.25,2518
2026-07-15T15:45:00+00:00,7552.25,7553.26,7548.49,7549.01,2732
2026-07-15T15:50:00+00:00,7549.01,7549.26,7543.74,7547.74,2795
2026-07-15T15:55:00+00:00,7547.74,7548.51,7543.49,7547.01,2461
2026-07-15T16:00:00+00:00,7547.01,7549.01,7538.24,7541.25,3326
2026-07-15T16:05:00+00:00,7541.25,7541.76,7534.24,7539.76,3356
2026-07-15T16:10:00+00:00,7539.76,7541.26,7531.99,7532.51,2510
2026-07-15T16:15:00+00:00,7532.51,7534.26,7529.26,7530.75,3351
2026-07-15T16:20:00+00:00,7530.75,7532.26,7524.74,7525.51,2986
2026-07-15T16:25:00+00:00,7525.51,7529.51,7524.74,7528.76,3071
2026-07-15T16:30:00+00:00,7528.76,7532.51,7525.01,7526.26,2527
2026-07-15T16:35:00+00:00,7526.26,7526.99,7523.24,7525.01,2365
2026-07-15T16:40:00+00:00,7525.01,7530.01,7522.74,7529.75,2327
2026-07-15T16:45:00+00:00,7529.75,7544.26,7527.74,7534.01,4640
2026-07-15T16:50:00+00:00,7534.01,7539.26,7533.63,7535.26,2703
2026-07-15T16:55:00+00:00,7535.26,7537.74,7530.49,7537.74,2108
2026-07-15T17:00:00+00:00,7537.74,7541.51,7536.76,7539.75,2199
2026-07-15T17:05:00+00:00,7539.75,7545.01,7538.99,7542.01,1576
2026-07-15T17:10:00+00:00,7542.01,7543.5,7538.61,7539,1348
2026-07-15T17:15:00+00:00,7539,7545.51,7538.49,7544.99,1287
2026-07-15T17:20:00+00:00,7544.99,7546.76,7543.24,7545.24,1403
2026-07-15T17:25:00+00:00,7545.24,7549.5,7544.26,7549.25,1196
2026-07-15T17:30:00+00:00,7549.25,7553.26,7549.24,7552,2033
2026-07-15T17:35:00+00:00,7552,7555.75,7551,7554.99,1400
2026-07-15T17:40:00+00:00,7554.99,7555.51,7553.24,7554.26,1161
2026-07-15T17:45:00+00:00,7554.26,7561.76,7553.5,7561.51,1603
2026-07-15T17:50:00+00:00,7561.51,7567,7559.74,7565.99,1552
2026-07-15T17:55:00+00:00,7565.99,7566,7562.24,7563.25,1290
2026-07-15T18:00:00+00:00,7563.25,7566.99,7562.74,7564.74,1307
2026-07-15T18:05:00+00:00,7564.74,7567.76,7564.24,7566.76,783.4082381856081
2026-07-15T18:10:00+00:00,7566.76,7568.76,7566.49,7566.76,715
2026-07-15T18:15:00+00:00,7566.76,7566.76,7563.25,7564.49,1003
2026-07-15T18:20:00+00:00,7564.49,7569.49,7564.24,7568.25,902
2026-07-15T18:25:00+00:00,7568.25,7569.01,7566.74,7567.26,675
2026-07-15T18:30:00+00:00,7567.26,7570.26,7566.24,7569.25,737
2026-07-15T18:35:00+00:00,7569.25,7569.26,7565.49,7566,823
2026-07-15T18:40:00+00:00,7566,7567.01,7560.99,7561.24,995
2026-07-15T18:45:00+00:00,7561.24,7561.51,7555.21,7557.25,2409
2026-07-15T18:50:00+00:00,7557.25,7558.01,7552.49,7554.24,2165
2026-07-15T18:55:00+00:00,7554.24,7556.26,7551.74,7552.51,1734
2026-07-15T19:00:00+00:00,7552.51,7558,7551.01,7557.26,1883
2026-07-15T19:05:00+00:00,7557.26,7559.01,7555.49,7556.26,1440
2026-07-15T19:10:00+00:00,7556.26,7559.51,7555.49,7558.49,1596
2026-07-15T19:15:00+00:00,7558.49,7559.26,7555.99,7555.99,1292
2026-07-15T19:20:00+00:00,7555.99,7556.5,7552.24,7553.99,1796
2026-07-15T19:25:00+00:00,7553.99,7558.51,7552.25,7557,1634
2026-07-15T19:30:00+00:00,7557,7560.01,7551.99,7553.24,3559
2026-07-15T19:35:00+00:00,7553.24,7559.51,7551.99,7559.24,2205
2026-07-15T19:40:00+00:00,7559.24,7563.26,7558.51,7561.99,1841
2026-07-15T19:45:00+00:00,7561.99,7562.51,7555.99,7557.51,1463
2026-07-15T19:50:00+00:00,7557.51,7562.26,7557.24,7561.99,2555
2026-07-15T19:55:00+00:00,7561.99,7568.5,7561.97,7567.51,2952
2026-07-15T20:00:00+00:00,7567.51,7570.06,7563.94,7567.95,1319
2026-07-15T20:05:00+00:00,7567.95,7568.2,7559.21,7563.69,642
2026-07-15T20:10:00+00:00,7563.69,7565.96,7562.94,7565.2,422
2026-07-15T20:15:00+00:00,7565.2,7566.2,7563.94,7566.2,330
2026-07-15T20:20:00+00:00,7566.2,7568.21,7565.94,7568.21,175
2026-07-15T20:25:00+00:00,7568.21,7568.46,7567.19,7567.44,125
2026-07-15T20:30:00+00:00,7567.44,7567.71,7565.44,7565.69,104
2026-07-15T20:35:00+00:00,7565.69,7567.2,7565.44,7566.71,112
2026-07-15T20:40:00+00:00,7566.71,7567.71,7566.2,7567.21,77
2026-07-15T20:45:00+00:00,7567.21,7568.21,7567.2,7567.21,63
2026-07-15T20:50:00+00:00,7567.21,7567.58,7566.19,7566.21,74
2026-07-15T20:55:00+00:00,7566.21,7567.46,7565.94,7566.79,108
2026-07-15T22:00:00+00:00,7566.79,7572.45,7565.96,7572.19,918
2026-07-15T22:05:00+00:00,7572.19,7573.82,7571.57,7571.71,365
2026-07-15T22:10:00+00:00,7571.71,7571.96,7569.95,7570.45,271
2026-07-15T22:15:00+00:00,7570.45,7570.71,7569.69,7569.7,195
2026-07-15T22:20:00+00:00,7569.7,7570.33,7568.19,7568.45,254
2026-07-15T22:25:00+00:00,7568.45,7568.71,7567.96,7568.45,183
2026-07-15T22:30:00+00:00,7568.45,7569.44,7567.94,7568.44,219
2026-07-15T22:35:00+00:00,7568.44,7568.96,7566.95,7567.2,315
2026-07-15T22:40:00+00:00,7567.2,7567.96,7566.69,7567.21,145
2026-07-15T22:45:00+00:00,7567.21,7568.21,7566.71,7566.95,154
2026-07-15T22:50:00+00:00,7566.95,7570.45,7564.96,7567.46,516
2026-07-15T22:55:00+00:00,7567.46,7570.46,7565.94,7569.95,403
2026-07-15T23:00:00+00:00,7569.95,7570.94,7568.95,7570.71,223
2026-07-15T23:05:00+00:00,7570.71,7570.94,7568.95,7570.19,133
2026-07-15T23:10:00+00:00,7570.19,7571.21,7569.71,7570.19,110
2026-07-15T23:15:00+00:00,7570.19,7570.21,7568.58,7569.82,211
2026-07-15T23:20:00+00:00,7569.82,7570.71,7569.2,7570.08,127
2026-07-15T23:25:00+00:00,7570.08,7571.7,7569.19,7571.2,182
2026-07-15T23:30:00+00:00,7571.2,7573.45,7571.19,7573.2,209
2026-07-15T23:35:00+00:00,7573.2,7573.46,7570.94,7571.21,139
2026-07-15T23:40:00+00:00,7571.21,7572.21,7570.19,7571.82,217
2026-07-15T23:45:00+00:00,7571.82,7572.46,7568.45,7568.7,652
2026-07-15T23:50:00+00:00,7568.7,7570.69,7567.95,7568.71,672
2026-07-15T23:55:00+00:00,7568.71,7569.71,7567.19,7567.96,634
2026-07-16T00:00:00+00:00,7567.96,7575.21,7567.31,7574.94,2269
2026-07-16T00:05:00+00:00,7574.94,7576.46,7573.2,7575.46,1538
2026-07-16T00:10:00+00:00,7575.46,7578.46,7574.07,7578.19,1386
2026-07-16T00:15:00+00:00,7578.19,7579.21,7572.44,7572.58,1099
2026-07-16T00:20:00+00:00,7572.58,7573.46,7571.19,7571.82,1110
2026-07-16T00:25:00+00:00,7571.82,7573.21,7569.69,7570.69,1139
2026-07-16T00:30:00+00:00,7570.69,7573.46,7569.19,7572.96,1310
2026-07-16T00:35:00+00:00,7572.96,7572.96,7568.31,7568.71,1138
2026-07-16T00:40:00+00:00,7568.71,7568.96,7566.94,7566.95,821
2026-07-16T00:45:00+00:00,7566.95,7568.71,7565.94,7568.45,1039
2026-07-16T00:50:00+00:00,7568.45,7572.07,7567.19,7568.19,1279
2026-07-16T00:55:00+00:00,7568.19,7568.95,7567.19,7568.21,1137
2026-07-16T01:00:00+00:00,7568.21,7569.21,7566.19,7568.33,1957
2026-07-16T01:05:00+00:00,7568.33,7569.7,7567.19,7568.96,1312
2026-07-16T01:10:00+00:00,7568.96,7569.32,7564.94,7566.45,903
2026-07-16T01:15:00+00:00,7566.45,7566.95,7562.19,7562.44,898
2026-07-16T01:20:00+00:00,7562.44,7564.71,7561.94,7563.7,1041
2026-07-16T01:25:00+00:00,7563.7,7564.95,7562.69,7562.96,978
2026-07-16T01:30:00+00:00,7562.96,7565.58,7562.46,7564.45,1310
2026-07-16T01:35:00+00:00,7564.45,7566.69,7563.81,7566.21,1078
2026-07-16T01:40:00+00:00,7566.21,7567.2,7563.2,7563.95,846
2026-07-16T01:45:00+00:00,7563.95,7569.96,7563.69,7569.71,962
2026-07-16T01:50:00+00:00,7569.71,7570.21,7567.19,7568.46,1012
2026-07-16T01:55:00+00:00,7568.46,7570.46,7565.19,7566.19,782
2026-07-16T02:00:00+00:00,7566.19,7566.46,7562.46,7563.2,833
2026-07-16T02:05:00+00:00,7563.2,7564.96,7562.81,7563.45,568
2026-07-16T02:10:00+00:00,7563.45,7565.32,7563.19,7564.69,626
2026-07-16T02:15:00+00:00,7564.69,7567.71,7564.44,7567.69,606
2026-07-16T02:20:00+00:00,7567.69,7571.21,7567.07,7570.96,717
2026-07-16T02:25:00+00:00,7570.96,7571.95,7570.06,7571.19,715
2026-07-16T02:30:00+00:00,7571.19,7572.46,7570.44,7571.44,573
2026-07-16T02:35:00+00:00,7571.44,7572.46,7569.94,7570.71,592
2026-07-16T02:40:00+00:00,7570.71,7571.21,7569.44,7570.21,660
2026-07-16T02:45:00+00:00,7570.21,7573.46,7569.94,7572.21,490
2026-07-16T02:50:00+00:00,7572.21,7573.96,7571.33,7573.46,504
2026-07-16T02:55:00+00:00,7573.46,7575.21,7573.19,7574.19,436
2026-07-16T03:00:00+00:00,7574.19,7574.71,7573.44,7574.69,412
2026-07-16T03:05:00+00:00,7574.69,7576.46,7574.44,7576.21,236
2026-07-16T03:10:00+00:00,7576.21,7576.46,7574.96,7575.44,366
2026-07-16T03:15:00+00:00,7575.44,7575.46,7572.94,7573.33,287
2026-07-16T03:20:00+00:00,7573.33,7574.21,7572.44,7572.95,488
2026-07-16T03:25:00+00:00,7572.95,7573.46,7572.46,7573.45,291
2026-07-16T03:30:00+00:00,7573.45,7576.46,7572.94,7575.71,935
2026-07-16T03:35:00+00:00,7575.71,7576.71,7574.44,7574.44,515
2026-07-16T03:40:00+00:00,7574.44,7575.83,7574.2,7574.45,681
2026-07-16T03:45:00+00:00,7574.45,7574.96,7573.44,7573.69,426
2026-07-16T03:50:00+00:00,7573.69,7575.71,7573.69,7575.19,439
2026-07-16T03:55:00+00:00,7575.19,7575.96,7574.69,7575.96,271
2026-07-16T04:00:00+00:00,7575.96,7576.96,7575.69,7575.96,371
2026-07-16T04:05:00+00:00,7575.96,7577.2,7575.44,7575.71,388
2026-07-16T04:10:00+00:00,7575.71,7577.96,7575.44,7577.71,283
2026-07-16T04:15:00+00:00,7577.71,7577.81,7575.2,7575.45,239
2026-07-16T04:20:00+00:00,7575.45,7575.46,7573.94,7575.2,190
2026-07-16T04:25:00+00:00,7575.2,7575.21,7573.69,7574.19,373
2026-07-16T04:30:00+00:00,7574.19,7574.83,7573.69,7573.69,241
2026-07-16T04:35:00+00:00,7573.69,7573.71,7572.69,7572.96,192
2026-07-16T04:40:00+00:00,7572.96,7574.19,7572.21,7572.94,304
2026-07-16T04:45:00+00:00,7572.94,7573.46,7572.19,7573.2,251
2026-07-16T04:50:00+00:00,7573.2,7573.96,7572.94,7573.94,409
2026-07-16T04:55:00+00:00,7573.94,7574.69,7573.06,7573.44,384
2026-07-16T05:00:00+00:00,7573.44,7575.96,7573.44,7575.2,574
2026-07-16T05:05:00+00:00,7575.2,7575.71,7574.19,7574.21,560
2026-07-16T05:10:00+00:00,7574.21,7578.21,7573.2,7578.21,540
2026-07-16T05:15:00+00:00,7578.21,7581.46,7577.69,7578.69,510
2026-07-16T05:20:00+00:00,7578.69,7580.46,7578.69,7579.69,274
2026-07-16T05:25:00+00:00,7579.69,7580.71,7578.19,7579.19,329
2026-07-16T05:30:00+00:00,7579.19,7583.46,7573.44,7573.71,1424
2026-07-16T05:35:00+00:00,7573.71,7573.71,7568.44,7569.56,1171
2026-07-16T05:40:00+00:00,7569.56,7573.56,7568.19,7571.71,773
2026-07-16T05:45:00+00:00,7571.71,7572.45,7568.44,7568.69,577
2026-07-16T05:50:00+00:00,7568.69,7568.96,7566.94,7567.45,480
2026-07-16T05:55:00+00:00,7567.45,7570.21,7567.33,7568.69,375
2026-07-16T06:00:00+00:00,7568.69,7573.21,7568.69,7570.96,969
2026-07-16T06:05:00+00:00,7570.96,7576.45,7564.94,7572.57,2399
2026-07-16T06:10:00+00:00,7572.57,7573.46,7570.57,7573.45,1632
2026-07-16T06:15:00+00:00,7573.45,7575.21,7572.81,7573.94,905
2026-07-16T06:20:00+00:00,7573.94,7574.2,7569.44,7569.94,619
2026-07-16T06:25:00+00:00,7569.94,7571.19,7568.69,7569.69,736
2026-07-16T06:30:00+00:00,7569.69,7569.96,7565.46,7565.71,757
2026-07-16T06:35:00+00:00,7565.71,7566.19,7562.71,7565.82,460
2026-07-16T06:40:00+00:00,7565.82,7567.45,7565.82,7566.94,258
2026-07-16T06:45:00+00:00,7566.94,7567.71,7565.45,7567.21,265
2026-07-16T06:50:00+00:00,7567.21,7567.71,7566.94,7567.44,248
2026-07-16T06:55:00+00:00,7567.44,7570.71,7567.2,7569.95,398
2026-07-16T07:00:00+00:00,7569.95,7570.46,7561.94,7567.08,1130
2026-07-16T07:05:00+00:00,7567.08,7567.46,7564.44,7565.21,796
2026-07-16T07:10:00+00:00,7565.21,7565.45,7561.69,7561.7,839
2026-07-16T07:15:00+00:00,7561.7,7562.21,7559.94,7561.44,1068
2026-07-16T07:20:00+00:00,7561.44,7564.71,7561.06,7562.7,773
2026-07-16T07:25:00+00:00,7562.7,7563.21,7560.7,7562.19,499
2026-07-16T07:30:00+00:00,7562.19,7563.21,7558.95,7560.95,752
2026-07-16T07:35:00+00:00,7560.95,7561.21,7558.44,7558.7,541
2026-07-16T07:40:00+00:00,7558.7,7559.2,7557.44,7557.81,554
2026-07-16T07:45:00+00:00,7557.81,7558.21,7555.94,7557.44,611
2026-07-16T07:50:00+00:00,7557.44,7557.83,7553.94,7554.21,630
2026-07-16T07:55:00+00:00,7554.21,7554.46,7551.69,7553.21,505
2026-07-16T08:00:00+00:00,7553.21,7554.46,7550.69,7552.96,1409
2026-07-16T08:05:00+00:00,7552.96,7553.71,7550.69,7550.96,889
2026-07-16T08:10:00+00:00,7550.96,7550.96,7545.19,7545.71,1041
2026-07-16T08:15:00+00:00,7545.71,7550.71,7545.19,7550.2,1115
2026-07-16T08:20:00+00:00,7550.2,7555.44,7549.81,7551.19,813
2026-07-16T08:25:00+00:00,7551.19,7553.46,7550.94,7553.06,940
2026-07-16T08:30:00+00:00,7553.06,7555.46,7551.81,7553.81,785
2026-07-16T08:35:00+00:00,7553.81,7557.21,7553.69,7556.33,806
2026-07-16T08:40:00+00:00,7556.33,7557.71,7554.44,7555.44,569
2026-07-16T08:45:00+00:00,7555.44,7561.71,7555.44,7561.19,533
2026-07-16T08:50:00+00:00,7561.19,7561.46,7559.44,7559.81,533
2026-07-16T08:55:00+00:00,7559.81,7561.46,7559.57,7561.21,530
2026-07-16T09:00:00+00:00,7561.21,7564.71,7561.19,7563.71,681
2026-07-16T09:05:00+00:00,7563.71,7564.46,7562.46,7562.71,479
2026-07-16T09:10:00+00:00,7562.71,7565.45,7561.95,7564.69,392
2026-07-16T09:15:00+00:00,7564.69,7566.96,7563.96,7564.46,355
2026-07-16T09:20:00+00:00,7564.46,7566.21,7563.44,7563.45,289
2026-07-16T09:25:00+00:00,7563.45,7565.32,7561.95,7562.44,352
2026-07-16T09:30:00+00:00,7562.44,7564.46,7561.69,7562.96,382
2026-07-16T09:35:00+00:00,7562.96,7563.32,7560.71,7561.19,488
2026-07-16T09:40:00+00:00,7561.19,7562.7,7560.2,7560.33,365
2026-07-16T09:45:00+00:00,7560.33,7560.45,7556.95,7557.19,562
2026-07-16T09:50:00+00:00,7557.19,7558.44,7556.44,7558.19,616
2026-07-16T09:55:00+00:00,7558.19,7561.94,7556.69,7556.7,1350
2026-07-16T10:00:00+00:00,7556.7,7557.46,7553.94,7557.2,820
2026-07-16T10:05:00+00:00,7557.2,7559.45,7556.19,7558.95,638
2026-07-16T10:10:00+00:00,7558.95,7558.96,7556.69,7557.81,491
2026-07-16T10:15:00+00:00,7557.81,7557.96,7555.69,7555.94,397
2026-07-16T10:20:00+00:00,7555.94,7556.44,7552.94,7553.56,606
2026-07-16T10:25:00+00:00,7553.56,7556.21,7553.08,7556.21,594
2026-07-16T10:30:00+00:00,7556.21,7558.71,7555.95,7558.7,836
2026-07-16T10:35:00+00:00,7558.7,7558.71,7553.7,7553.96,571
2026-07-16T10:40:00+00:00,7553.96,7556.46,7553.69,7555.19,572
2026-07-16T10:45:00+00:00,7555.19,7555.96,7553.19,7553.7,458
2026-07-16T10:50:00+00:00,7553.7,7554.19,7552.44,7553.21,374
2026-07-16T10:55:00+00:00,7553.21,7555.71,7552.94,7554.46,512
2026-07-16T11:00:00+00:00,7554.46,7554.81,7547.45,7550.45,1089
2026-07-16T11:05:00+00:00,7550.45,7551.71,7548.69,7549.94,692
2026-07-16T11:10:00+00:00,7549.94,7552.46,7548.2,7552.21,660
2026-07-16T11:15:00+00:00,7552.21,7553.46,7547.2,7548.45,1134
2026-07-16T11:20:00+00:00,7548.45,7554.7,7548.44,7554.7,692
2026-07-16T11:25:00+00:00,7554.7,7554.96,7549.96,7551.44,797
2026-07-16T11:30:00+00:00,7551.44,7551.71,7546.44,7548.71,938
2026-07-16T11:35:00+00:00,7548.71,7550.71,7546.69,7548.96,978
2026-07-16T11:40:00+00:00,7548.96,7550.21,7547.44,7548.21,776
2026-07-16T11:45:00+00:00,7548.21,7549.7,7532.21,7535.69,1965
2026-07-16T11:50:00+00:00,7535.69,7546.21,7535.44,7545.71,3863
2026-07-16T11:55:00+00:00,7545.71,7549.2,7544.94,7548.71,923
2026-07-16T12:00:00+00:00,7548.71,7550.46,7546.45,7546.69,834
2026-07-16T12:05:00+00:00,7546.69,7547.46,7541.94,7543.44,1002
2026-07-16T12:10:00+00:00,7543.44,7543.71,7539.96,7542.96,653
2026-07-16T12:15:00+00:00,7542.96,7545.95,7541.44,7545.7,837
2026-07-16T12:20:00+00:00,7545.7,7545.96,7536.44,7536.69,1633
2026-07-16T12:25:00+00:00,7536.69,7539.33,7535.45,7538.57,1200
2026-07-16T12:30:00+00:00,7538.57,7541.06,7535.69,7539.96,1750
2026-07-16T12:35:00+00:00,7539.96,7540.21,7532.06,7534.7,1787
2026-07-16T12:40:00+00:00,7534.7,7536.7,7532.69,7534.44,1483
2026-07-16T12:45:00+00:00,7534.44,7540.21,7533.2,7537.44,1142
2026-07-16T12:50:00+00:00,7537.44,7541.31,7536.69,7539.94,866
2026-07-16T12:55:00+00:00,7539.94,7540.21,7537.69,7538.21,817
2026-07-16T13:00:00+00:00,7538.21,7544.31,7537.44,7543.44,1701
2026-07-16T13:05:00+00:00,7543.44,7546.46,7542.94,7545.46,922
2026-07-16T13:10:00+00:00,7545.46,7547.71,7543.69,7547.2,717
2026-07-16T13:15:00+00:00,7547.2,7549.45,7546.19,7547.19,674
2026-07-16T13:20:00+00:00,7547.19,7549.21,7545.94,7548.81,726
2026-07-16T13:25:00+00:00,7548.81,7549.46,7546.21,7548.2,1245
2026-07-16T13:30:00+00:00,7548.2,7555.75,7541.24,7542.49,6247
2026-07-16T13:35:00+00:00,7542.49,7545.86,7536.74,7537.51,6564
2026-07-16T13:40:00+00:00,7537.51,7543.51,7531.24,7533.49,6550
2026-07-16T13:45:00+00:00,7533.49,7537.76,7526.99,7530.76,7265
2026-07-16T13:50:00+00:00,7530.76,7543.01,7530.24,7535.25,7991
2026-07-16T13:55:00+00:00,7535.25,7541.51,7531.75,7539.5,6707
2026-07-16T14:00:00+00:00,7539.5,7548.76,7536.75,7548.01,6686
2026-07-16T14:05:00+00:00,7548.01,7556.26,7546.49,7554.75,5237
2026-07-16T14:10:00+00:00,7554.75,7557.01,7552.74,7554.24,3965
2026-07-16T14:15:00+00:00,7554.24,7560.25,7552.74,7559.49,4116
2026-07-16T14:20:00+00:00,7559.49,7560.26,7551.51,7557.26,3854
2026-07-16T14:25:00+00:00,7557.26,7564.75,7553.74,7564.01,3440
2026-07-16T14:30:00+00:00,7564.01,7565.01,7560.49,7562.26,3161
2026-07-16T14:35:00+00:00,7562.26,7565.25,7558.74,7559.99,2680
2026-07-16T14:40:00+00:00,7559.99,7565,7558.24,7564.5,2535
2026-07-16T14:45:00+00:00,7564.5,7566.51,7562.11,7562.5,2806
2026-07-16T14:50:00+00:00,7562.5,7563.5,7556.24,7557.51,3342
2026-07-16T14:55:00+00:00,7557.51,7563.01,7554.49,7562.76,3451
2026-07-16T15:00:00+00:00,7562.76,7564.76,7556.99,7557.5,3089
2026-07-16T15:05:00+00:00,7557.5,7559.01,7551.74,7556.24,2907
2026-07-16T15:10:00+00:00,7556.24,7558.26,7551.49,7554,2642
2026-07-16T15:15:00+00:00,7554,7557.01,7550.24,7556.75,2565
2026-07-16T15:20:00+00:00,7556.75,7557.01,7550.74,7556.76,2513
2026-07-16T15:25:00+00:00,7556.76,7565.26,7556.25,7558.75,3336
2026-07-16T15:30:00+00:00,7558.75,7563.24,7553.25,7562.74,2746
2026-07-16T15:35:00+00:00,7562.74,7564.51,7559,7563.76,2114
2026-07-16T15:40:00+00:00,7563.76,7564.76,7555.74,7557.25,2388
2026-07-16T15:45:00+00:00,7557.25,7557.26,7550.75,7555.74,2737
2026-07-16T15:50:00+00:00,7555.74,7561.75,7555.74,7558.51,1746
2026-07-16T15:55:00+00:00,7558.51,7558.75,7553.74,7556.49,1801
2026-07-16T16:00:00+00:00,7556.49,7557.01,7547.99,7548.25,2593
2026-07-16T16:05:00+00:00,7548.25,7551.01,7543.71,7549.51,2994
2026-07-16T16:10:00+00:00,7549.51,7549.51,7540.24,7540.74,2396
2026-07-16T16:15:00+00:00,7540.74,7546.01,7539.25,7542.49,2723
2026-07-16T16:20:00+00:00,7542.49,7542.75,7535.74,7536.74,3793
2026-07-16T16:25:00+00:00,7536.74,7541.76,7534.74,7540.01,2595
2026-07-16T16:30:00+00:00,7540.01,7545.99,7539.49,7542.25,2384
2026-07-16T16:35:00+00:00,7542.25,7544.26,7538.99,7539.5,2219
2026-07-16T16:40:00+00:00,7539.5,7542.76,7538.49,7540.24,1650
2026-07-16T16:45:00+00:00,7540.24,7543,7537.49,7541.12,2064
2026-07-16T16:50:00+00:00,7541.12,7547.51,7539.49,7546.75,1967
2026-07-16T16:55:00+00:00,7546.75,7550.76,7546.74,7549.74,2132
2026-07-16T17:00:00+00:00,7549.74,7550.26,7543,7546.75,1832
2026-07-16T17:05:00+00:00,7546.75,7549.24,7542.99,7547.75,1324
2026-07-16T17:10:00+00:00,7547.75,7548.75,7542.24,7542.75,1348
2026-07-16T17:15:00+00:00,7542.75,7546.01,7541.74,7544.76,1642
2026-07-16T17:20:00+00:00,7544.76,7546.01,7541.24,7541.26,1465
2026-07-16T17:25:00+00:00,7541.26,7549.01,7540.99,7547.74,1842
2026-07-16T17:30:00+00:00,7547.74,7549.01,7540.76,7541.51,1724
2026-07-16T17:35:00+00:00,7541.51,7542.75,7535.71,7536.75,1812
2026-07-16T17:40:00+00:00,7536.75,7537.01,7531.24,7534.74,2465
2026-07-16T17:45:00+00:00,7534.74,7539.51,7531.24,7537.63,1995
2026-07-16T17:50:00+00:00,7537.63,7539.25,7534.25,7536.24,1314
2026-07-16T17:55:00+00:00,7536.24,7536.74,7531.49,7534.01,1484
2026-07-16T18:00:00+00:00,7534.01,7535.51,7529.74,7529.75,1847
2026-07-16T18:05:00+00:00,7529.75,7530.26,7525.25,7528.26,2647
2026-07-16T18:10:00+00:00,7528.26,7535.37,7527.99,7527.99,2785
2026-07-16T18:15:00+00:00,7527.99,7534.51,7525.49,7533,2202
2026-07-16T18:20:00+00:00,7533,7538.01,7532.5,7534.51,2117
2026-07-16T18:25:00+00:00,7534.51,7536.01,7529.74,7530.25,1995
2026-07-16T18:30:00+00:00,7530.25,7530.26,7526.49,7527.99,1993
2026-07-16T18:35:00+00:00,7527.99,7527.99,7524.49,7524.76,1568
2026-07-16T18:40:00+00:00,7524.76,7527.76,7519.86,7525.99,2353
2026-07-16T18:45:00+00:00,7525.99,7530.01,7523.99,7528.5,1501
2026-07-16T18:50:00+00:00,7528.5,7530.26,7523.24,7523.26,1232
2026-07-16T18:55:00+00:00,7523.26,7525.51,7522.24,7522.99,1309
2026-07-16T19:00:00+00:00,7522.99,7527.75,7521.74,7525.99,1739
2026-07-16T19:05:00+00:00,7525.99,7527.76,7518.21,7518.5,2124
2026-07-16T19:10:00+00:00,7518.5,7519.26,7516.49,7518.24,1712
2026-07-16T19:15:00+00:00,7518.24,7519.75,7514.75,7518.51,1869
2026-07-16T19:20:00+00:00,7518.51,7521.01,7515.99,7516.26,1802
2026-07-16T19:25:00+00:00,7516.26,7517.5,7509.74,7512,1889
2026-07-16T19:30:00+00:00,7512,7512.76,7505.24,7507.75,3097
2026-07-16T19:35:00+00:00,7507.75,7512.76,7504.76,7511.38,2122
2026-07-16T19:40:00+00:00,7511.38,7513.01,7506,7506.24,1775
2026-07-16T19:45:00+00:00,7506.24,7507.26,7499.99,7503.24,2270
2026-07-16T19:50:00+00:00,7503.24,7521.01,7503.24,7520.24,4427
2026-07-16T19:55:00+00:00,7520.24,7531.25,7520.24,7529,3310
2026-07-16T20:00:00+00:00,7529,7529.33,7522.44,7524.45,2410
2026-07-16T20:05:00+00:00,7524.45,7524.71,7520.94,7521.94,1315
2026-07-16T20:10:00+00:00,7521.94,7522.46,7518.44,7518.96,826
2026-07-16T20:15:00+00:00,7518.96,7522.21,7517.94,7521.7,574
2026-07-16T20:20:00+00:00,7521.7,7525.21,7521.45,7523.44,663
2026-07-16T20:25:00+00:00,7523.44,7523.71,7520.45,7520.69,273
2026-07-16T20:30:00+00:00,7520.69,7521.19,7518.19,7520.7,356
2026-07-16T20:35:00+00:00,7520.7,7522.08,7520.69,7520.96,297
2026-07-16T20:40:00+00:00,7520.96,7521.96,7520.19,7520.2,226
2026-07-16T20:45:00+00:00,7520.2,7521.7,7519.44,7519.69,294
2026-07-16T20:50:00+00:00,7519.69,7521.7,7518.69,7520.96,182
2026-07-16T20:55:00+00:00,7520.96,7521.46,7519.31,7520.8,173
2026-07-16T22:00:00+00:00,7520.8,7527.38,7520.8,7526.25,1337
2026-07-16T22:05:00+00:00,7526.25,7526.62,7523.88,7524.38,397
2026-07-16T22:10:00+00:00,7524.38,7524.73,7522.11,7522.86,319
2026-07-16T22:15:00+00:00,7522.86,7523.11,7519.75,7519.86,326
2026-07-16T22:20:00+00:00,7519.86,7522.38,7519.11,7521.38,247
2026-07-16T22:25:00+00:00,7521.38,7521.87,7519.36,7519.61,283
2026-07-16T22:30:00+00:00,7519.61,7520.63,7517.86,7518.73,335
2026-07-16T22:35:00+00:00,7518.73,7520.63,7518.12,7520.13,126
2026-07-16T22:40:00+00:00,7520.13,7520.37,7517.61,7519.73,236
2026-07-16T22:45:00+00:00,7519.73,7519.88,7517.62,7517.99,366
2026-07-16T22:50:00+00:00,7517.99,7518.88,7516.36,7516.75,255
2026-07-16T22:55:00+00:00,7516.75,7518.98,7516.11,7518.37,256
2026-07-16T23:00:00+00:00,7518.37,7519.5,7516.13,7517.61,323
2026-07-16T23:05:00+00:00,7517.61,7517.88,7514.38,7514.87,282
2026-07-16T23:10:00+00:00,7514.87,7518,7513.86,7517.25,297
2026-07-16T23:15:00+00:00,7517.25,7517.38,7514.61,7515.24,179
2026-07-16T23:20:00+00:00,7515.24,7515.48,7512.13,7512.48,316
2026-07-16T23:25:00+00:00,7512.48,7514.63,7511.12,7513.38,351
2026-07-16T23:30:00+00:00,7513.38,7513.87,7510.62,7512.25,465
2026-07-16T23:35:00+00:00,7512.25,7514.61,7509.36,7514.38,504
2026-07-16T23:40:00+00:00,7514.38,7516.63,7514.36,7514.75,369
2026-07-16T23:45:00+00:00,7514.75,7514.98,7511.61,7513,798
2026-07-16T23:50:00+00:00,7513,7515.75,7512.62,7514.87,698
2026-07-16T23:55:00+00:00,7514.87,7515.13,7511.13,7512.99,629
2026-07-17T00:00:00+00:00,7512.99,7516.13,7511.11,7511.37,1620
2026-07-17T00:05:00+00:00,7511.37,7511.62,7506.37,7508.12,1583
2026-07-17T00:10:00+00:00,7508.12,7508.13,7504.61,7505.63,1464
2026-07-17T00:15:00+00:00,7505.63,7509.88,7505.11,7506.38,1915
2026-07-17T00:20:00+00:00,7506.38,7507.63,7504.61,7505.11,1404
2026-07-17T00:25:00+00:00,7505.11,7505.62,7501.86,7502.75,1171
2026-07-17T00:30:00+00:00,7502.75,7503.38,7500.11,7501.88,1237
2026-07-17T00:35:00+00:00,7501.88,7503.11,7500.12,7500.61,913
2026-07-17T00:40:00+00:00,7500.61,7501.49,7498.62,7500.87,864
2026-07-17T00:45:00+00:00,7500.87,7502.75,7500.36,7502.61,1217
2026-07-17T00:50:00+00:00,7502.61,7506.38,7501.86,7506.38,1212
2026-07-17T00:55:00+00:00,7506.38,7507.88,7504.5,7504.61,1017
2026-07-17T01:00:00+00:00,7504.61,7508.63,7503.86,7505.37,1428
2026-07-17T01:05:00+00:00,7505.37,7505.37,7499.11,7501.87,1776
2026-07-17T01:10:00+00:00,7501.87,7502.88,7497.86,7498.5,1634
2026-07-17T01:15:00+00:00,7498.5,7500.88,7498.13,7498.87,1234
2026-07-17T01:20:00+00:00,7498.87,7499.87,7496.87,7497.98,931
2026-07-17T01:25:00+00:00,7497.98,7500.63,7496.11,7500.61,1165
2026-07-17T01:30:00+00:00,7500.61,7501.25,7492.88,7493.12,1648
2026-07-17T01:35:00+00:00,7493.12,7496.63,7492.5,7494.86,940
2026-07-17T01:40:00+00:00,7494.86,7495.88,7490.49,7491.25,886
2026-07-17T01:45:00+00:00,7491.25,7492.99,7488.12,7489.37,1118
2026-07-17T01:50:00+00:00,7489.37,7490.61,7488.12,7488.63,732
2026-07-17T01:55:00+00:00,7488.63,7491.38,7487.86,7490.49,655
2026-07-17T02:00:00+00:00,7490.49,7491.88,7489.61,7491.13,797
2026-07-17T02:05:00+00:00,7491.13,7491.38,7486.61,7486.63,660
2026-07-17T02:10:00+00:00,7486.63,7489.11,7486.36,7487.5,566
2026-07-17T02:15:00+00:00,7487.5,7487.75,7484.98,7486.36,579
2026-07-17T02:20:00+00:00,7486.36,7486.36,7483.61,7484.37,599
2026-07-17T02:25:00+00:00,7484.37,7484.88,7482.61,7483.88,385
2026-07-17T02:30:00+00:00,7483.88,7484.63,7480.64,7481.74,567
2026-07-17T02:35:00+00:00,7481.74,7483.25,7481.11,7482.36,468
2026-07-17T02:40:00+00:00,7482.36,7484.88,7481.86,7484.87,444
2026-07-17T02:45:00+00:00,7484.87,7485.62,7481.62,7482.25,486
2026-07-17T02:50:00+00:00,7482.25,7482.62,7479.75,7479.86,456
2026-07-17T02:55:00+00:00,7479.86,7482.87,7478.11,7482.63,579
2026-07-17T03:00:00+00:00,7482.63,7484.37,7480.86,7483.88,545
2026-07-17T03:05:00+00:00,7483.88,7487.62,7483.61,7486.88,400
2026-07-17T03:10:00+00:00,7486.88,7487.36,7485.61,7486.63,365
2026-07-17T03:15:00+00:00,7486.63,7489.63,7486.61,7489.61,369
2026-07-17T03:20:00+00:00,7489.61,7492.87,7489.36,7491.12,482
2026-07-17T03:25:00+00:00,7491.12,7493.74,7491.11,7492.13,427
2026-07-17T03:30:00+00:00,7492.13,7492.38,7485.75,7486.36,679
2026-07-17T03:35:00+00:00,7486.36,7489.24,7486.12,7486.36,576
2026-07-17T03:40:00+00:00,7486.36,7486.62,7480.87,7482.73,762
2026-07-17T03:45:00+00:00,7482.73,7483.13,7479.64,7480.12,495
2026-07-17T03:50:00+00:00,7480.12,7480.13,7477.87,7478.62,583
2026-07-17T03:55:00+00:00,7478.62,7478.88,7476.86,7476.86,583
2026-07-17T04:00:00+00:00,7476.86,7477.13,7471.61,7471.86,1064
2026-07-17T04:05:00+00:00,7471.86,7474.38,7470.86,7472.37,738
2026-07-17T04:10:00+00:00,7472.37,7473.12,7470.11,7471.11,778
2026-07-17T04:15:00+00:00,7471.11,7471.63,7469.36,7470.12,599
2026-07-17T04:20:00+00:00,7470.12,7471.88,7466.65,7468.86,750
2026-07-17T04:25:00+00:00,7468.86,7469.13,7465.11,7466.75,855
2026-07-17T04:30:00+00:00,7466.75,7468.38,7460.9,7463.87,1002
2026-07-17T04:35:00+00:00,7463.87,7465.37,7461.61,7464.36,916
2026-07-17T04:40:00+00:00,7464.36,7467.63,7462.61,7466.61,1059
2026-07-17T04:45:00+00:00,7466.61,7470.13,7466.11,7469.36,823
2026-07-17T04:50:00+00:00,7469.36,7471.63,7468.62,7471.36,838
2026-07-17T04:55:00+00:00,7471.36,7471.63,7466.36,7466.38,690
2026-07-17T05:00:00+00:00,7466.38,7468.25,7464.36,7467.86,1069
2026-07-17T05:05:00+00:00,7467.86,7467.99,7463.99,7465.63,755
2026-07-17T05:10:00+00:00,7465.63,7466.87,7463.48,7464.61,730
2026-07-17T05:15:00+00:00,7464.61,7467.25,7462.36,7466.12,764
2026-07-17T05:20:00+00:00,7466.12,7466.13,7464.11,7464.38,586
2026-07-17T05:25:00+00:00,7464.38,7465.13,7463.11,7464.12,651
2026-07-17T05:30:00+00:00,7464.12,7466.63,7460.86,7461.87,915
2026-07-17T05:35:00+00:00,7461.87,7463.11,7457.62,7458.98,1038
2026-07-17T05:40:00+00:00,7458.98,7460.63,7455.62,7460.63,1009
2026-07-17T05:45:00+00:00,7460.63,7463.5,7457.75,7462.36,895
2026-07-17T05:50:00+00:00,7462.36,7463.36,7460.61,7463.36,869
2026-07-17T05:55:00+00:00,7463.36,7464.13,7460.36,7463.63,894
2026-07-17T06:00:00+00:00,7463.63,7467.73,7463.12,7465.99,1460
2026-07-17T06:05:00+00:00,7465.99,7467.62,7461.9,7462.61,1069
2026-07-17T06:10:00+00:00,7462.61,7468.37,7461.62,7466.12,1060
2026-07-17T06:15:00+00:00,7466.12,7470.38,7465.61,7469.88,862
2026-07-17T06:20:00+00:00,7469.88,7473.62,7469.86,7473.12,664
2026-07-17T06:25:00+00:00,7473.12,7475.63,7473.12,7474.63,671
2026-07-17T06:30:00+00:00,7474.63,7475.88,7473.61,7475.13,853
2026-07-17T06:35:00+00:00,7475.13,7475.38,7469.86,7469.88,785
2026-07-17T06:40:00+00:00,7469.88,7470.63,7466.86,7468.11,727
2026-07-17T06:45:00+00:00,7468.11,7468.12,7463.36,7464.12,952
2026-07-17T06:50:00+00:00,7464.12,7464.63,7461.36,7463.63,789
2026-07-17T06:55:00+00:00,7463.63,7465.38,7463.11,7464.5,850
2026-07-17T07:00:00+00:00,7464.5,7468.88,7462.86,7468.62,2143
2026-07-17T07:05:00+00:00,7468.62,7468.63,7463.61,7464.36,1437
2026-07-17T07:10:00+00:00,7464.36,7467.36,7462.36,7467.13,1430
2026-07-17T07:15:00+00:00,7467.13,7469.5,7466.61,7468.63,1329
2026-07-17T07:20:00+00:00,7468.63,7468.63,7463.11,7464.11,1388
2026-07-17T07:25:00+00:00,7464.11,7469.61,7462.73,7469.25,1147
2026-07-17T07:30:00+00:00,7469.25,7471.38,7467.24,7467.24,1309
2026-07-17T07:35:00+00:00,7467.24,7468.37,7465.11,7468.37,992
2026-07-17T07:40:00+00:00,7468.37,7469.61,7465.61,7467.86,782
2026-07-17T07:45:00+00:00,7467.86,7467.88,7463.36,7466.36,972
2026-07-17T07:50:00+00:00,7466.36,7467.88,7465.11,7465.86,771
2026-07-17T07:55:00+00:00,7465.86,7468.62,7463.12,7464.11,1165
2026-07-17T08:00:00+00:00,7464.11,7467.88,7463.37,7467.36,2639
2026-07-17T08:05:00+00:00,7467.36,7469.37,7462.11,7464.88,1557
2026-07-17T08:10:00+00:00,7464.88,7464.88,7458.61,7460.13,2011
2026-07-17T08:15:00+00:00,7460.13,7460.75,7448.11,7449.88,3155
2026-07-17T08:20:00+00:00,7449.88,7453.63,7447.61,7450.61,2649
2026-07-17T08:25:00+00:00,7450.61,7456.13,7447.86,7452.88,2119
2026-07-17T08:30:00+00:00,7452.88,7455,7447.62,7448.11,1694
2026-07-17T08:35:00+00:00,7448.11,7449.37,7444.36,7445.36,1447
2026-07-17T08:40:00+00:00,7445.36,7447.88,7443.63,7447.37,1593
2026-07-17T08:45:00+00:00,7447.37,7450.87,7446.73,7448.61,1306
2026-07-17T08:50:00+00:00,7448.61,7452.63,7446.36,7451.88,1485
2026-07-17T08:55:00+00:00,7451.88,7456.63,7451.12,7451.99,1363
2026-07-17T09:00:00+00:00,7451.99,7453.38,7449.11,7453.36,1534
2026-07-17T09:05:00+00:00,7453.36,7453.38,7450.36,7452.61,1142
2026-07-17T09:10:00+00:00,7452.61,7458.38,7451.49,7457.99,1178
2026-07-17T09:15:00+00:00,7457.99,7458.13,7454.37,7456.23,1286
2026-07-17T09:20:00+00:00,7456.23,7460.38,7455.61,7460.38,1146
2026-07-17T09:25:00+00:00,7460.38,7462.88,7460.36,7462.88,781
2026-07-17T09:30:00+00:00,7462.88,7463.13,7457.61,7457.61,850
2026-07-17T09:35:00+00:00,7457.61,7460.38,7456.61,7459.36,893
2026-07-17T09:40:00+00:00,7459.36,7459.63,7455.61,7456.13,886
2026-07-17T09:45:00+00:00,7456.13,7460.12,7456.12,7457.13,888
2026-07-17T09:50:00+00:00,7457.13,7462.63,7457.11,7461.62,1355
2026-07-17T09:55:00+00:00,7461.62,7463.13,7460.12,7462.63,1183
2026-07-17T10:00:00+00:00,7462.63,7464.38,7459.38,7461.86,1259
2026-07-17T10:05:00+00:00,7461.86,7465.87,7461.61,7465.13,1258
2026-07-17T10:10:00+00:00,7465.13,7469.75,7463.61,7468.87,1774
2026-07-17T10:15:00+00:00,7468.87,7470.38,7466.63,7467.12,1147
2026-07-17T10:20:00+00:00,7467.12,7468.38,7463.61,7465.86,935
2026-07-17T10:25:00+00:00,7465.86,7468.63,7464.36,7468.11,926
2026-07-17T10:30:00+00:00,7468.11,7471.63,7467.86,7471.63,730
2026-07-17T10:35:00+00:00,7471.63,7473.37,7470.61,7472.87,656
2026-07-17T10:40:00+00:00,7472.87,7474.38,7470.86,7471.73,649
2026-07-17T10:45:00+00:00,7471.73,7472.88,7470.38,7470.86,708
2026-07-17T10:50:00+00:00,7470.86,7471.13,7468.86,7469.86,426
2026-07-17T10:55:00+00:00,7469.86,7472.87,7469.11,7470.63,780
2026-07-17T11:00:00+00:00,7470.63,7474.38,7469.23,7469.37,1313
2026-07-17T11:05:00+00:00,7469.37,7471.63,7466.36,7466.62,1020
2026-07-17T11:10:00+00:00,7466.62,7468.13,7464.61,7465.38,772
2026-07-17T11:15:00+00:00,7465.38,7466.49,7463.86,7464.38,805
2026-07-17T11:20:00+00:00,7464.38,7466.11,7461.87,7464.61,884
2026-07-17T11:25:00+00:00,7464.61,7469.49,7464.36,7469.49,1054
2026-07-17T11:30:00+00:00,7469.49,7470.13,7466.23,7467.88,834
2026-07-17T11:35:00+00:00,7467.88,7471.13,7467.62,7469.13,668
2026-07-17T11:40:00+00:00,7469.13,7470.38,7465.63,7466.49,979
2026-07-17T11:45:00+00:00,7466.49,7469.88,7464.86,7468.62,1026
2026-07-17T11:50:00+00:00,7468.62,7472.88,7465.74,7472.37,1114
2026-07-17T11:55:00+00:00,7472.37,7473,7469.86,7471.38,592
2026-07-17T12:00:00+00:00,7471.38,7472,7465.12,7465.86,1239
2026-07-17T12:05:00+00:00,7465.86,7466.13,7462.86,7463.63,1205
2026-07-17T12:10:00+00:00,7463.63,7464.88,7461.86,7462.86,884
2026-07-17T12:15:00+00:00,7462.86,7464.12,7460.98,7461.11,853
2026-07-17T12:20:00+00:00,7461.11,7464.87,7460.11,7463.37,1057
2026-07-17T12:25:00+00:00,7463.37,7463.88,7460.36,7461.87,733
2026-07-17T12:30:00+00:00,7461.87,7462.48,7459.61,7460.61,1201
2026-07-17T12:35:00+00:00,7460.61,7462.13,7458.86,7461.38,950
2026-07-17T12:40:00+00:00,7461.38,7463.88,7457.61,7460.36,948
2026-07-17T12:45:00+00:00,7460.36,7462.48,7456.23,7456.38,1127
2026-07-17T12:50:00+00:00,7456.38,7458.88,7455.11,7458.86,792
2026-07-17T12:55:00+00:00,7458.86,7460.88,7456.11,7456.87,1128
2026-07-17T13:00:00+00:00,7456.87,7457.12,7450.61,7451.62,1528
2026-07-17T13:05:00+00:00,7451.62,7452.63,7446.61,7447.13,1042
2026-07-17T13:10:00+00:00,7447.13,7448.13,7445.36,7445.75,736
2026-07-17T13:15:00+00:00,7445.75,7448.88,7442.86,7444.36,1585
2026-07-17T13:20:00+00:00,7444.36,7445.13,7439.36,7439.62,1080
2026-07-17T13:25:00+00:00,7439.62,7445.9,7435.86,7437.88,2874
2026-07-17T13:30:00+00:00,7437.88,7443.68,7427.66,7427.91,10568
2026-07-17T13:35:00+00:00,7427.91,7434.43,7425.66,7433.17,7588
2026-07-17T13:40:00+00:00,7433.17,7444.68,7426.17,7428.16,8977
2026-07-17T13:45:00+00:00,7428.16,7449.43,7427.41,7448.43,9879
2026-07-17T13:50:00+00:00,7448.43,7460.43,7447.91,7456.66,6704
2026-07-17T13:55:00+00:00,7456.66,7466.66,7453.91,7466.18,6111
2026-07-17T14:00:00+00:00,7466.18,7476.18,7464.91,7471.41,8440
2026-07-17T14:05:00+00:00,7471.41,7482.91,7471.16,7481.66,6675
2026-07-17T14:10:00+00:00,7481.66,7486.18,7477.66,7481.16,5474
2026-07-17T14:15:00+00:00,7481.16,7491.43,7480.16,7484.18,6498
2026-07-17T14:20:00+00:00,7484.18,7489.16,7480.43,7486.93,5474
2026-07-17T14:25:00+00:00,7486.93,7490.41,7480.03,7481.93,5136
2026-07-17T14:30:00+00:00,7481.93,7484.93,7474.41,7478.43,5918
2026-07-17T14:35:00+00:00,7478.43,7486.43,7475.42,7485.43,5533
2026-07-17T14:40:00+00:00,7485.43,7486.41,7475.67,7477.18,4869
2026-07-17T14:45:00+00:00,7477.18,7484.17,7471.16,7474.93,5524
2026-07-17T14:50:00+00:00,7474.93,7476.93,7469.89,7472.41,4894
2026-07-17T14:55:00+00:00,7472.41,7480.16,7466.91,7468.67,5044
2026-07-17T15:00:00+00:00,7468.67,7470.43,7459.41,7460.42,4331
2026-07-17T15:05:00+00:00,7460.42,7468.43,7459.16,7466.92,5209
2026-07-17T15:10:00+00:00,7466.92,7470.18,7459.16,7461.68,4853
2026-07-17T15:15:00+00:00,7461.68,7466.68,7457.91,7463.66,4337
2026-07-17T15:20:00+00:00,7463.66,7467.18,7457.42,7461.18,5213
2026-07-17T15:25:00+00:00,7461.18,7474.18,7460.91,7472.91,5500
2026-07-17T15:30:00+00:00,7472.91,7477.43,7466.91,7468.16,6038
2026-07-17T15:35:00+00:00,7468.16,7475.91,7462.66,7474.68,5176
2026-07-17T15:40:00+00:00,7474.68,7477.18,7467.91,7473.16,3757
2026-07-17T15:45:00+00:00,7473.16,7474.18,7466.91,7473.68,3888
2026-07-17T15:50:00+00:00,7473.68,7478.93,7469.66,7478.91,2955
2026-07-17T15:55:00+00:00,7478.91,7488.93,7477.91,7486.92,4108
2026-07-17T16:00:00+00:00,7486.92,7489.43,7469.66,7473.43,6899
2026-07-17T16:05:00+00:00,7473.43,7477.43,7466.17,7477.41,4141
2026-07-17T16:10:00+00:00,7477.41,7481.43,7475.05,7480.93,3294
2026-07-17T16:15:00+00:00,7480.93,7483.43,7477.91,7481.41,3207
2026-07-17T16:20:00+00:00,7481.41,7483.18,7469.93,7470.42,3419
2026-07-17T16:25:00+00:00,7470.42,7482.17,7469.17,7477.43,2873
2026-07-17T16:30:00+00:00,7477.43,7479.68,7473.38,7473.66,2816
2026-07-17T16:35:00+00:00,7473.66,7478.91,7473.41,7477.17,2380
2026-07-17T16:40:00+00:00,7477.17,7482.68,7473.92,7482.3,2577
2026-07-17T16:45:00+00:00,7482.3,7488.67,7480.41,7486.91,2883
2026-07-17T16:50:00+00:00,7486.91,7491.17,7483.91,7486.93,2727
2026-07-17T16:55:00+00:00,7486.93,7487.93,7479.66,7481.68,2129
2026-07-17T17:00:00+00:00,7481.68,7490.42,7480.41,7484.91,2876
2026-07-17T17:05:00+00:00,7484.91,7488.18,7482.68,7487.92,2074
2026-07-17T17:10:00+00:00,7487.92,7489.28,7482.18,7482.41,1947
2026-07-17T17:15:00+00:00,7482.41,7488.18,7480.66,7481.16,2476
2026-07-17T17:20:00+00:00,7481.16,7482.68,7477.91,7481.16,2880
2026-07-17T17:25:00+00:00,7481.16,7488.43,7480.93,7486.91,2061
2026-07-17T17:30:00+00:00,7486.91,7487.93,7483.42,7484.17,2367
2026-07-17T17:35:00+00:00,7484.17,7484.92,7476.91,7477.91,2617
2026-07-17T17:40:00+00:00,7477.91,7478.54,7472.91,7473.93,2676
2026-07-17T17:45:00+00:00,7473.93,7476.93,7471.91,7473.67,1939.4184468131389
2026-07-17T17:50:00+00:00,7473.67,7474.42,7465.91,7466.91,2343
2026-07-17T17:55:00+00:00,7466.91,7467.92,7461.41,7463.67,2575
2026-07-17T18:00:00+00:00,7463.67,7469.43,7461.66,7464.28,3480
2026-07-17T18:05:00+00:00,7464.28,7464.28,7459.41,7461.18,2907
2026-07-17T18:10:00+00:00,7461.18,7462.93,7458.66,7459.17,2198
2026-07-17T18:15:00+00:00,7459.17,7459.93,7453.66,7456.43,3210
2026-07-17T18:20:00+00:00,7456.43,7459.43,7453.41,7455.17,2841
2026-07-17T18:25:00+00:00,7455.17,7455.43,7450.41,7454.91,2597
2026-07-17T18:30:00+00:00,7454.91,7461.43,7451.68,7454.42,3761
2026-07-17T18:35:00+00:00,7454.42,7457.41,7452.91,7455.42,2287
2026-07-17T18:40:00+00:00,7455.42,7456.18,7448.41,7450.16,2851
2026-07-17T18:45:00+00:00,7450.16,7459.93,7448.41,7456.93,3253
2026-07-17T18:50:00+00:00,7456.93,7463.68,7454.53,7463.68,2841
2026-07-17T18:55:00+00:00,7463.68,7464.68,7459.42,7461.41,2767
2026-07-17T19:00:00+00:00,7461.41,7462.67,7455.17,7456.67,3329
2026-07-17T19:05:00+00:00,7456.67,7457.93,7451.67,7452.18,2444
2026-07-17T19:10:00+00:00,7452.18,7452.91,7445.16,7445.16,2547
2026-07-17T19:15:00+00:00,7445.16,7447.93,7443.66,7446.93,3876
2026-07-17T19:20:00+00:00,7446.93,7447.17,7441.41,7441.42,2654
2026-07-17T19:25:00+00:00,7441.42,7450.68,7439.16,7449.67,3553
2026-07-17T19:30:00+00:00,7449.67,7453.8,7445.42,7448.18,5765
2026-07-17T19:35:00+00:00,7448.18,7453.18,7445.16,7446.41,3603
2026-07-17T19:40:00+00:00,7446.41,7454.18,7443.92,7452.66,3743
2026-07-17T19:45:00+00:00,7452.66,7458.41,7451.67,7457.93,4362
2026-07-17T19:50:00+00:00,7457.93,7460.92,7452.66,7457.41,6108
2026-07-17T19:55:00+00:00,7457.41,7462.16,7447.16,7449.43,6959
2026-07-17T20:00:00+00:00,7449.43,7450.37,7439.86,7442.62,5293
2026-07-17T20:05:00+00:00,7442.62,7443.87,7439.73,7441.87,1818
2026-07-17T20:10:00+00:00,7441.87,7442.88,7436.88,7441.36,1580
2026-07-17T20:15:00+00:00,7441.36,7443.11,7440.11,7441.88,676
2026-07-17T20:20:00+00:00,7441.88,7445.38,7441.88,7445.11,567
2026-07-17T20:25:00+00:00,7445.11,7446.38,7445.11,7445.63,323
2026-07-17T20:30:00+00:00,7445.63,7448.5,7445.37,7447.62,530
2026-07-17T20:35:00+00:00,7447.62,7448.61,7445.62,7447.38,296
2026-07-17T20:40:00+00:00,7447.38,7449.13,7447.13,7448.97,224
2026-07-19T22:00:00+00:00,7448.97,7453.58,7439.83,7444.18,3922
2026-07-19T22:05:00+00:00,7444.18,7444.83,7438.58,7443.58,2227
2026-07-19T22:10:00+00:00,7443.58,7443.94,7438.56,7440.19,927
2026-07-19T22:15:00+00:00,7440.19,7449.07,7440.07,7448.83,1114
2026-07-19T22:20:00+00:00,7448.83,7453.08,7447.32,7447.32,1151
2026-07-19T22:25:00+00:00,7447.32,7447.58,7443.32,7443.69,797
2026-07-19T22:30:00+00:00,7443.69,7453.33,7442.43,7453.18,1109
2026-07-19T22:35:00+00:00,7453.18,7453.95,7450.44,7451.83,668
2026-07-19T22:40:00+00:00,7451.83,7458.83,7451.68,7457.07,809
2026-07-19T22:45:00+00:00,7457.07,7458.58,7453.31,7455.31,628
2026-07-19T22:50:00+00:00,7455.31,7455.58,7451.06,7452.32,603
2026-07-19T22:55:00+00:00,7452.32,7453.83,7451.31,7452.33,379
2026-07-19T23:00:00+00:00,7452.33,7452.82,7448.56,7450.83,685
2026-07-19T23:05:00+00:00,7450.83,7453.83,7449.82,7453.56,644
2026-07-19T23:10:00+00:00,7453.56,7454.82,7451.56,7451.95,489
2026-07-19T23:15:00+00:00,7451.95,7452.82,7449.81,7451.58,403
2026-07-19T23:20:00+00:00,7451.58,7453.2,7448.82,7453.07,405
2026-07-19T23:25:00+00:00,7453.07,7454.82,7448.31,7449.82,629
2026-07-19T23:30:00+00:00,7449.82,7452.94,7447.56,7452.94,548
2026-07-19T23:35:00+00:00,7452.94,7454.7,7450.57,7453.33,709
2026-07-19T23:40:00+00:00,7453.33,7458.58,7452.56,7458.44,624
2026-07-19T23:45:00+00:00,7458.44,7458.57,7451.18,7452.32,1854
2026-07-19T23:50:00+00:00,7452.32,7459.33,7452.07,7456.69,1294
2026-07-19T23:55:00+00:00,7456.69,7461.69,7455.82,7460.7,1077
2026-07-20T00:00:00+00:00,7460.7,7461.33,7453.31,7460.94,2508
2026-07-20T00:05:00+00:00,7460.94,7471.08,7460.43,7469.18,2057
2026-07-20T00:10:00+00:00,7469.18,7473.82,7468.33,7471.18,1781
2026-07-20T00:15:00+00:00,7471.18,7473.58,7470.31,7472.56,1521
2026-07-20T00:20:00+00:00,7472.56,7473.08,7468.06,7469.06,1392
2026-07-20T00:25:00+00:00,7469.06,7469.33,7466.81,7467.93,1452
2026-07-20T00:30:00+00:00,7467.93,7468.45,7460.19,7460.33,1572
2026-07-20T00:35:00+00:00,7460.33,7466.07,7460.06,7462.45,1621
2026-07-20T00:40:00+00:00,7462.45,7466.45,7460.81,7460.83,1451
2026-07-20T00:45:00+00:00,7460.83,7462.7,7458.81,7461.56,1753
2026-07-20T00:50:00+00:00,7461.56,7462.95,7459.56,7459.94,1277
2026-07-20T00:55:00+00:00,7459.94,7463.07,7458.56,7459.81,1336
2026-07-20T01:00:00+00:00,7459.81,7464.33,7459.81,7461.43,2320
2026-07-20T01:05:00+00:00,7461.43,7466.94,7460.81,7466.44,1820
2026-07-20T01:10:00+00:00,7466.44,7468.08,7459.56,7460.06,1795
2026-07-20T01:15:00+00:00,7460.06,7462.08,7458.31,7458.69,1920
2026-07-20T01:20:00+00:00,7458.69,7463.81,7456.7,7461.33,1836
2026-07-20T01:25:00+00:00,7461.33,7463.83,7454.93,7455.58,1776
2026-07-20T01:30:00+00:00,7455.58,7456.81,7454.31,7455.57,2049
2026-07-20T01:35:00+00:00,7455.57,7457.33,7453.69,7456.31,1613
2026-07-20T01:40:00+00:00,7456.31,7457.31,7449.43,7451.68,1957
2026-07-20T01:45:00+00:00,7451.68,7454.7,7450.32,7453.83,1554
2026-07-20T01:50:00+00:00,7453.83,7454.32,7446.56,7446.69,1243
2026-07-20T01:55:00+00:00,7446.69,7452.33,7446.57,7451.08,1244
2026-07-20T02:00:00+00:00,7451.08,7461.57,7451.07,7460.81,2035
2026-07-20T02:05:00+00:00,7460.81,7462.95,7459.56,7460.07,1435
2026-07-20T02:10:00+00:00,7460.07,7460.07,7455.32,7456.06,1086
2026-07-20T02:15:00+00:00,7456.06,7456.58,7451.31,7451.57,1192
2026-07-20T02:20:00+00:00,7451.57,7452.83,7450.56,7451.58,1349
2026-07-20T02:25:00+00:00,7451.58,7454.33,7450.08,7452.93,1207
2026-07-20T02:30:00+00:00,7452.93,7460.83,7452.58,7458.68,1579
2026-07-20T02:35:00+00:00,7458.68,7461.83,7457.31,7459.06,1467
2026-07-20T02:40:00+00:00,7459.06,7465.57,7458.56,7463.2,1500
2026-07-20T02:45:00+00:00,7463.2,7466.83,7462.83,7466.83,1311
2026-07-20T02:50:00+00:00,7466.83,7467.2,7463.45,7463.69,1068
2026-07-20T02:55:00+00:00,7463.69,7464.81,7461.81,7462.07,805
2026-07-20T03:00:00+00:00,7462.07,7464.31,7461.43,7461.7,1015
2026-07-20T03:05:00+00:00,7461.7,7462.07,7457.57,7458.83,850
2026-07-20T03:10:00+00:00,7458.83,7460.56,7457.82,7460.08,1058
2026-07-20T03:15:00+00:00,7460.08,7464.08,7459.06,7462.06,1216
2026-07-20T03:20:00+00:00,7462.06,7463.33,7459.7,7462.82,1161
2026-07-20T03:25:00+00:00,7462.82,7463.07,7459.94,7460.68,996
2026-07-20T03:30:00+00:00,7460.68,7463.81,7459.56,7461.06,1208
2026-07-20T03:35:00+00:00,7461.06,7463.31,7458.81,7462.45,1157
2026-07-20T03:40:00+00:00,7462.45,7464.45,7460.56,7464.06,1036
2026-07-20T03:45:00+00:00,7464.06,7464.82,7462.56,7463.94,984
2026-07-20T03:50:00+00:00,7463.94,7466.81,7463.57,7465.95,674
2026-07-20T03:55:00+00:00,7465.95,7466.33,7460.31,7462.08,888
2026-07-20T04:00:00+00:00,7462.08,7464.06,7461.81,7462.57,926
2026-07-20T04:05:00+00:00,7462.57,7462.83,7459.06,7460.32,811
2026-07-20T04:10:00+00:00,7460.32,7461.19,7457.81,7458.33,747
2026-07-20T04:15:00+00:00,7458.33,7458.33,7455.57,7457.58,813
2026-07-20T04:20:00+00:00,7457.58,7459.83,7456.56,7459.31,1066
2026-07-20T04:25:00+00:00,7459.31,7464.83,7459.06,7464.33,815
2026-07-20T04:30:00+00:00,7464.33,7468.58,7462.81,7465.06,1109
2026-07-20T04:35:00+00:00,7465.06,7468.33,7464.32,7467.06,874
2026-07-20T04:40:00+00:00,7467.06,7469.83,7466.57,7468.82,1039
2026-07-20T04:45:00+00:00,7468.82,7470.58,7467.82,7470.45,653
2026-07-20T04:50:00+00:00,7470.45,7471.58,7467.82,7468.07,784
2026-07-20T04:55:00+00:00,7468.07,7468.83,7465.31,7465.57,647
2026-07-20T05:00:00+00:00,7465.57,7466.7,7463.31,7463.83,986
2026-07-20T05:05:00+00:00,7463.83,7463.83,7459.31,7460.07,846
2026-07-20T05:10:00+00:00,7460.07,7460.56,7454.31,7459.58,1245
2026-07-20T05:15:00+00:00,7459.58,7459.58,7456.57,7458.95,1242
2026-07-20T05:20:00+00:00,7458.95,7459.57,7455.57,7457.44,958
2026-07-20T05:25:00+00:00,7457.44,7458.31,7455.57,7456.81,983
2026-07-20T05:30:00+00:00,7456.81,7456.94,7454.06,7455.08,1063
2026-07-20T05:35:00+00:00,7455.08,7457.08,7454.56,7454.82,950
2026-07-20T05:40:00+00:00,7454.82,7456.57,7453.81,7453.81,1065
2026-07-20T05:45:00+00:00,7453.81,7456.08,7452.56,7454.32,920
2026-07-20T05:50:00+00:00,7454.32,7454.58,7451.08,7451.31,715
2026-07-20T05:55:00+00:00,7451.31,7454.83,7450.56,7452.57,720
2026-07-20T06:00:00+00:00,7452.57,7455.08,7452.31,7454.58,1298
2026-07-20T06:05:00+00:00,7454.58,7456.07,7451.56,7453.81,1091
2026-07-20T06:10:00+00:00,7453.81,7453.81,7451.06,7451.58,702
2026-07-20T06:15:00+00:00,7451.58,7454.2,7450.31,7452.32,939
2026-07-20T06:20:00+00:00,7452.32,7454.56,7449.56,7449.58,690
2026-07-20T06:25:00+00:00,7449.58,7452.33,7449.32,7451.31,777
2026-07-20T06:30:00+00:00,7451.31,7452.33,7448.69,7449.45,806
2026-07-20T06:35:00+00:00,7449.45,7450.33,7447.56,7448.82,677
2026-07-20T06:40:00+00:00,7448.82,7454.82,7448.57,7452.81,951
2026-07-20T06:45:00+00:00,7452.81,7453.33,7450.06,7451.06,657
2026-07-20T06:50:00+00:00,7451.06,7454.06,7451.06,7452.81,549
2026-07-20T06:55:00+00:00,7452.81,7453.58,7450.68,7453.57,818
2026-07-20T07:00:00+00:00,7453.57,7459.08,7453.57,7456.81,1781
2026-07-20T07:05:00+00:00,7456.81,7458.07,7455.32,7457.06,1455
2026-07-20T07:10:00+00:00,7457.06,7457.58,7455.07,7456.06,1026
2026-07-20T07:15:00+00:00,7456.06,7456.33,7453.18,7455.31,968
2026-07-20T07:20:00+00:00,7455.31,7462.58,7454.82,7460.69,1919
2026-07-20T07:25:00+00:00,7460.69,7466.32,7460.43,7466.06,1731
2026-07-20T07:30:00+00:00,7466.06,7473.45,7465.81,7472.07,2021
2026-07-20T07:35:00+00:00,7472.07,7474.33,7471.06,7473.08,1733
2026-07-20T07:40:00+00:00,7473.08,7475.81,7471.07,7473.58,1540
2026-07-20T07:45:00+00:00,7473.58,7475.08,7469.56,7470.06,1209
2026-07-20T07:50:00+00:00,7470.06,7470.83,7468.19,7469.56,921
2026-07-20T07:55:00+00:00,7469.56,7474.31,7469.56,7472.32,1075
2026-07-20T08:00:00+00:00,7472.32,7477.08,7472.2,7475.08,1824
2026-07-20T08:05:00+00:00,7475.08,7475.95,7470.56,7472.32,1219
2026-07-20T08:10:00+00:00,7472.32,7476.58,7471.2,7476.31,1018
2026-07-20T08:15:00+00:00,7476.31,7478.08,7475.31,7475.58,980
2026-07-20T08:20:00+00:00,7475.58,7475.83,7473.56,7475.07,768
2026-07-20T08:25:00+00:00,7475.07,7475.83,7473.68,7474.08,1035
2026-07-20T08:30:00+00:00,7474.08,7474.83,7469.31,7471.2,1036
2026-07-20T08:35:00+00:00,7471.2,7472.33,7469.33,7471.82,799
2026-07-20T08:40:00+00:00,7471.82,7472.83,7468.56,7469.31,904
2026-07-20T08:45:00+00:00,7469.31,7472.31,7468.7,7472.07,722
2026-07-20T08:50:00+00:00,7472.07,7472.32,7468.82,7469.31,665
2026-07-20T08:55:00+00:00,7469.31,7471.57,7468.82,7470.56,719
2026-07-20T09:00:00+00:00,7470.56,7472.18,7469.32,7469.33,863
2026-07-20T09:05:00+00:00,7469.33,7470.32,7467.33,7468.81,874
2026-07-20T09:10:00+00:00,7468.81,7470.94,7468.31,7469.33,701
2026-07-20T09:15:00+00:00,7469.33,7473.19,7469.31,7469.57,716
2026-07-20T09:20:00+00:00,7469.57,7474.7,7469.32,7473.57,772
2026-07-20T09:25:00+00:00,7473.57,7474.33,7473.06,7473.58,614
2026-07-20T09:30:00+00:00,7473.58,7475.81,7472.56,7473.93,851
2026-07-20T09:35:00+00:00,7473.93,7475.45,7473.81,7475.06,652
2026-07-20T09:40:00+00:00,7475.06,7477.31,7474.56,7477.08,645
2026-07-20T09:45:00+00:00,7477.08,7480.33,7476.81,7480.08,608
2026-07-20T09:50:00+00:00,7480.08,7483.83,7479.57,7480.07,831
2026-07-20T09:55:00+00:00,7480.07,7480.08,7477.06,7478.06,795
2026-07-20T10:00:00+00:00,7478.06,7478.82,7476.07,7476.82,552
2026-07-20T10:05:00+00:00,7476.82,7477.33,7475.06,7475.68,538
2026-07-20T10:10:00+00:00,7475.68,7477.57,7474.31,7474.82,613
2026-07-20T10:15:00+00:00,7474.82,7475.08,7473.31,7474.07,602
2026-07-20T10:20:00+00:00,7474.07,7477.32,7473.81,7476.43,631
2026-07-20T10:25:00+00:00,7476.43,7477.08,7474.56,7476.33,601
2026-07-20T10:30:00+00:00,7476.33,7479.08,7475.07,7476.82,760
2026-07-20T10:35:00+00:00,7476.82,7476.83,7474.07,7475.06,725
2026-07-20T10:40:00+00:00,7475.06,7476.33,7473.82,7476.07,795
2026-07-20T10:45:00+00:00,7476.07,7478.83,7474.94,7477.81,866
2026-07-20T10:50:00+00:00,7477.81,7480.56,7477.07,7480.56,571
2026-07-20T10:55:00+00:00,7480.56,7480.58,7477.56,7478.31,503
2026-07-20T11:00:00+00:00,7478.31,7482.44,7477.08,7482.2,1245
2026-07-20T11:05:00+00:00,7482.2,7484.08,7482.06,7483.56,812
2026-07-20T11:10:00+00:00,7483.56,7485.83,7482.81,7483.82,788
2026-07-20T11:15:00+00:00,7483.82,7484.7,7481.57,7481.83,838
2026-07-20T11:20:00+00:00,7481.83,7482.58,7480.31,7480.33,558
2026-07-20T11:25:00+00:00,7480.33,7480.83,7479.31,7480.08,324
2026-07-20T11:30:00+00:00,7480.08,7501.83,7479.57,7497.32,6471
2026-07-20T11:35:00+00:00,7497.32,7499.58,7494.56,7495.18,2124
2026-07-20T11:40:00+00:00,7495.18,7499.06,7492.44,7495.56,1712
2026-07-20T11:45:00+00:00,7495.56,7497.31,7490.31,7491.06,1728
2026-07-20T11:50:00+00:00,7491.06,7494.08,7489.07,7493.57,1397
2026-07-20T11:55:00+00:00,7493.57,7493.83,7491.07,7492.08,898
2026-07-20T12:00:00+00:00,7492.08,7492.56,7477.56,7481.32,4153
2026-07-20T12:05:00+00:00,7481.32,7486.43,7479.94,7483.81,2205
2026-07-20T12:10:00+00:00,7483.81,7485.06,7480.31,7482.58,1564
2026-07-20T12:15:00+00:00,7482.58,7484.57,7480.07,7482.57,1215
2026-07-20T12:20:00+00:00,7482.57,7483.2,7480.31,7481.31,848
2026-07-20T12:25:00+00:00,7481.31,7486.57,7479.82,7486.57,842
2026-07-20T12:30:00+00:00,7486.57,7487.58,7482.93,7485.57,995
2026-07-20T12:35:00+00:00,7485.57,7487.33,7485.06,7485.33,723
2026-07-20T12:40:00+00:00,7485.33,7486.07,7480.81,7481.56,737
2026-07-20T12:45:00+00:00,7481.56,7487.07,7481.32,7485.56,817
2026-07-20T12:50:00+00:00,7485.56,7485.82,7480.81,7481.08,792
2026-07-20T12:55:00+00:00,7481.08,7483.82,7479.08,7483.56,991
2026-07-20T13:00:00+00:00,7483.56,7486.58,7483.07,7486.07,1289
2026-07-20T13:05:00+00:00,7486.07,7486.58,7484.56,7485.33,716
2026-07-20T13:10:00+00:00,7485.33,7487.83,7483.57,7483.82,632
2026-07-20T13:15:00+00:00,7483.82,7485.33,7482.56,7484.82,603
2026-07-20T13:20:00+00:00,7484.82,7487.56,7484.81,7486.82,539
2026-07-20T13:25:00+00:00,7486.82,7492.58,7486.82,7490.57,1342
2026-07-20T13:30:00+00:00,7490.57,7501.36,7489.86,7501.36,5928
2026-07-20T13:35:00+00:00,7501.36,7507.87,7498.11,7502.38,3034
2026-07-20T13:40:00+00:00,7502.38,7506.88,7501.36,7506.63,2751
2026-07-20T13:45:00+00:00,7506.63,7508.37,7495.86,7496.36,3173
2026-07-20T13:50:00+00:00,7496.36,7498.88,7482.86,7485.13,4702
2026-07-20T13:55:00+00:00,7485.13,7485.37,7475.61,7476.88,5246
2026-07-20T14:00:00+00:00,7476.88,7483.75,7474.11,7478.87,5424
2026-07-20T14:05:00+00:00,7478.87,7480.86,7472.88,7474.13,4489
2026-07-20T14:10:00+00:00,7474.13,7474.13,7467.87,7470.61,4591
2026-07-20T14:15:00+00:00,7470.61,7475.12,7466.61,7468.87,4481
2026-07-20T14:20:00+00:00,7468.87,7472.37,7462.63,7469.88,4771
2026-07-20T14:25:00+00:00,7469.88,7477.63,7469.37,7476.86,3997
2026-07-20T14:30:00+00:00,7476.86,7479.36,7470.62,7472.88,4244
2026-07-20T14:35:00+00:00,7472.88,7475.73,7469.86,7473.87,4477
2026-07-20T14:40:00+00:00,7473.87,7478.37,7467.86,7469.12,4384
2026-07-20T14:45:00+00:00,7469.12,7477.87,7465.38,7466.63,4744
2026-07-20T14:50:00+00:00,7466.63,7469.86,7462.12,7463.63,4446
2026-07-20T14:55:00+00:00,7463.63,7465.13,7457.86,7461.61,4528
2026-07-20T15:00:00+00:00,7461.61,7468.87,7458.5,7466.12,4665
2026-07-20T15:05:00+00:00,7466.12,7475.25,7458.86,7474.62,4288
2026-07-20T15:10:00+00:00,7474.62,7474.88,7467.12,7468.37,3695
2026-07-20T15:15:00+00:00,7468.37,7475.88,7466.5,7473.11,3313
2026-07-20T15:20:00+00:00,7473.11,7479.38,7470.99,7477.63,2785
2026-07-20T15:25:00+00:00,7477.63,7480.13,7472.61,7479.13,2853
2026-07-20T15:30:00+00:00,7479.13,7480.63,7477.88,7479.23,2678
2026-07-20T15:35:00+00:00,7479.23,7479.62,7474.36,7474.87,2496
2026-07-20T15:40:00+00:00,7474.87,7480.12,7473.13,7480.12,2522
2026-07-20T15:45:00+00:00,7480.12,7480.25,7471.12,7473.12,2550
2026-07-20T15:50:00+00:00,7473.12,7483.87,7471.61,7482.63,2670
2026-07-20T15:55:00+00:00,7482.63,7484.63,7479.61,7480.12,1830
2026-07-20T16:00:00+00:00,7480.12,7482.88,7476.12,7481.87,2133
2026-07-20T16:05:00+00:00,7481.87,7488.62,7481.87,7488.12,1776
2026-07-20T16:10:00+00:00,7488.12,7490.38,7486.87,7488.36,1490
2026-07-20T16:15:00+00:00,7488.36,7488.88,7484.61,7487.12,1568
2026-07-20T16:20:00+00:00,7487.12,7489.13,7486.37,7488.13,1297
2026-07-20T16:25:00+00:00,7488.13,7488.63,7481.86,7485.13,1412
2026-07-20T16:30:00+00:00,7485.13,7488,7478.11,7478.37,1685
2026-07-20T16:35:00+00:00,7478.37,7483.88,7478.12,7483.62,1514
2026-07-20T16:40:00+00:00,7483.62,7485.38,7466.12,7474.48,5433
2026-07-20T16:45:00+00:00,7474.48,7482.38,7472.61,7481.88,2772
2026-07-20T16:50:00+00:00,7481.88,7482.12,7469.61,7470.13,2140
2026-07-20T16:55:00+00:00,7470.13,7471.88,7467.61,7470.11,2405
2026-07-20T17:00:00+00:00,7470.11,7472.38,7465.88,7465.88,2016
2026-07-20T17:05:00+00:00,7465.88,7466.63,7461.62,7466.11,1592
2026-07-20T17:10:00+00:00,7466.11,7466.63,7458.86,7459.11,1563
2026-07-20T17:15:00+00:00,7459.11,7462.87,7455.86,7461.38,1975
2026-07-20T17:20:00+00:00,7461.38,7464.88,7459.86,7461.12,1451
2026-07-20T17:25:00+00:00,7461.12,7463.63,7459.12,7461.38,1348
2026-07-20T17:30:00+00:00,7461.38,7464.36,7459.61,7463.38,1504
2026-07-20T17:35:00+00:00,7463.38,7465.63,7459.86,7460.37,1595
2026-07-20T17:40:00+00:00,7460.37,7460.62,7455.87,7457.63,1678
2026-07-20T17:45:00+00:00,7457.63,7463.61,7457.36,7462.62,1649
2026-07-20T17:50:00+00:00,7462.62,7468.75,7462.12,7466.62,1569
2026-07-20T17:55:00+00:00,7466.62,7467,7462.23,7465.62,1526
2026-07-20T18:00:00+00:00,7465.62,7471.63,7465.62,7468.63,1846
2026-07-20T18:05:00+00:00,7468.63,7469.38,7465.36,7468.86,1140
2026-07-20T18:10:00+00:00,7468.86,7472.13,7467.11,7470.61,1013
2026-07-20T18:15:00+00:00,7470.61,7474.13,7469.11,7472.61,1144
2026-07-20T18:20:00+00:00,7472.61,7473.13,7462.73,7462.88,1725
2026-07-20T18:25:00+00:00,7462.88,7468.38,7461.62,7464.86,1818
2026-07-20T18:30:00+00:00,7464.86,7464.88,7454.63,7456.62,2195
2026-07-20T18:35:00+00:00,7456.62,7463.11,7454.87,7455.86,2106
2026-07-20T18:40:00+00:00,7455.86,7456.13,7445.36,7445.36,3008
2026-07-20T18:45:00+00:00,7445.36,7450.38,7444.23,7446.86,2699
2026-07-20T18:50:00+00:00,7446.86,7452.12,7445.63,7450.62,1761
2026-07-20T18:55:00+00:00,7450.62,7451.13,7444.87,7447,1684
2026-07-20T19:00:00+00:00,7447,7451.62,7444.11,7445.63,2125
2026-07-20T19:05:00+00:00,7445.63,7448.12,7442.61,7446.86,2109
2026-07-20T19:10:00+00:00,7446.86,7450.63,7437.12,7437.12,2479
2026-07-20T19:15:00+00:00,7437.12,7441.63,7434.86,7438.87,2682
2026-07-20T19:20:00+00:00,7438.87,7444.12,7437.87,7442.88,2170
2026-07-20T19:25:00+00:00,7442.88,7448.73,7438.37,7446.87,2481
2026-07-20T19:30:00+00:00,7446.87,7451.87,7443.37,7449.61,3593
2026-07-20T19:35:00+00:00,7449.61,7451.38,7445.11,7449.86,2115
2026-07-20T19:40:00+00:00,7449.86,7453.63,7448.36,7450.37,1910
2026-07-20T19:45:00+00:00,7450.37,7452.88,7447.36,7451.13,2650
2026-07-20T19:50:00+00:00,7451.13,7451.13,7439.61,7442.36,3266
2026-07-20T19:55:00+00:00,7442.36,7442.62,7436.99,7442.11,3503
2026-07-20T20:00:00+00:00,7442.11,7449.32,7442.11,7443.33,1721
2026-07-20T20:05:00+00:00,7443.33,7444.32,7437.83,7438.83,640
2026-07-20T20:10:00+00:00,7438.83,7439.58,7437.56,7438.32,478
2026-07-20T20:15:00+00:00,7438.32,7438.56,7435.06,7436.07,557
2026-07-20T20:20:00+00:00,7436.07,7436.83,7435.31,7436.33,208
2026-07-20T20:25:00+00:00,7436.33,7437.33,7433.32,7435.57,367
2026-07-20T20:30:00+00:00,7435.57,7438.08,7435.32,7438.08,222
2026-07-20T20:35:00+00:00,7438.08,7439.83,7437.56,7439.33,129
2026-07-20T20:40:00+00:00,7439.33,7439.33,7437.31,7438.33,203
2026-07-20T20:45:00+00:00,7438.33,7440.07,7437.56,7439.57,146
2026-07-20T20:50:00+00:00,7439.57,7439.82,7437.31,7439.82,217
2026-07-20T20:55:00+00:00,7439.82,7440.33,7439.07,7439.93,195
2026-07-20T22:00:00+00:00,7439.93,7443.08,7434.56,7434.7,922
2026-07-20T22:05:00+00:00,7434.7,7434.82,7430.82,7433.82,742
2026-07-20T22:10:00+00:00,7433.82,7434.7,7433.06,7433.33,350
2026-07-20T22:15:00+00:00,7433.33,7434.7,7432.19,7433.33,347
2026-07-20T22:20:00+00:00,7433.33,7434.83,7432.56,7434.31,259
2026-07-20T22:25:00+00:00,7434.31,7434.58,7432.58,7433.32,234
2026-07-20T22:30:00+00:00,7433.32,7434.45,7430.57,7431.18,323
2026-07-20T22:35:00+00:00,7431.18,7433.31,7430.81,7432.31,324
2026-07-20T22:40:00+00:00,7432.31,7433.57,7431.81,7433.57,194
2026-07-20T22:45:00+00:00,7433.57,7434.31,7431.31,7432.2,259
2026-07-20T22:50:00+00:00,7432.2,7433.06,7431.32,7432.58,171
2026-07-20T22:55:00+00:00,7432.58,7433.07,7432.43,7432.83,116
2026-07-20T23:00:00+00:00,7432.83,7435.33,7432.18,7435.2,339
2026-07-20T23:05:00+00:00,7435.2,7440.32,7435.2,7440.06,430
2026-07-20T23:10:00+00:00,7440.06,7440.58,7439.07,7440.33,311
2026-07-20T23:15:00+00:00,7440.33,7444.69,7440.06,7444.58,381
2026-07-20T23:20:00+00:00,7444.58,7446.94,7444.19,7446.31,502
2026-07-20T23:25:00+00:00,7446.31,7447.32,7445.19,7447.06,213
2026-07-20T23:30:00+00:00,7447.06,7448.33,7446.32,7447.32,357
2026-07-20T23:35:00+00:00,7447.32,7447.32,7445.58,7445.83,231
2026-07-20T23:40:00+00:00,7445.83,7446.83,7445.33,7446.32,184
2026-07-20T23:45:00+00:00,7446.32,7448.07,7444.18,7444.32,1021
2026-07-20T23:50:00+00:00,7444.32,7444.32,7438.06,7441.18,1063
2026-07-20T23:55:00+00:00,7441.18,7445.07,7440.33,7442.56,980
2026-07-21T00:00:00+00:00,7442.56,7442.56,7434.58,7436.82,3552
2026-07-21T00:05:00+00:00,7436.82,7438.07,7431.81,7434.43,2383
2026-07-21T00:10:00+00:00,7434.43,7439.56,7432.32,7435.06,2528
2026-07-21T00:15:00+00:00,7435.06,7442.83,7431.32,7442.33,2717
2026-07-21T00:20:00+00:00,7442.33,7442.94,7438.45,7441.07,2191
2026-07-21T00:25:00+00:00,7441.07,7445.83,7439.56,7443.58,1904
2026-07-21T00:30:00+00:00,7443.58,7450.31,7443.33,7449.45,1718
2026-07-21T00:35:00+00:00,7449.45,7450.33,7446.82,7449.31,1374
2026-07-21T00:40:00+00:00,7449.31,7451.56,7448.06,7449.81,1295
2026-07-21T00:45:00+00:00,7449.81,7453.2,7448.2,7452.58,1270
2026-07-21T00:50:00+00:00,7452.58,7453.08,7450.81,7451.32,809
2026-07-21T00:55:00+00:00,7451.32,7451.57,7449.56,7449.56,804
2026-07-21T01:00:00+00:00,7449.56,7451.18,7446.82,7450.95,1298
2026-07-21T01:05:00+00:00,7450.95,7455.56,7450.95,7454.43,1334
2026-07-21T01:10:00+00:00,7454.43,7456.08,7453.58,7455.32,969
2026-07-21T01:15:00+00:00,7455.32,7456.83,7451.93,7455.06,1425
2026-07-21T01:20:00+00:00,7455.06,7456.43,7453.06,7454.08,1180
2026-07-21T01:25:00+00:00,7454.08,7454.57,7452.56,7453.07,1133
2026-07-21T01:30:00+00:00,7453.07,7455.58,7452.07,7455.08,1112
2026-07-21T01:35:00+00:00,7455.08,7455.58,7451.81,7451.83,686
2026-07-21T01:40:00+00:00,7451.83,7452.33,7448.45,7449.32,1038
2026-07-21T01:45:00+00:00,7449.32,7453.33,7448.32,7452.58,900
2026-07-21T01:50:00+00:00,7452.58,7453.32,7450.2,7452.56,863
2026-07-21T01:55:00+00:00,7452.56,7452.56,7449.06,7450.18,879
2026-07-21T02:00:00+00:00,7450.18,7454.08,7449.93,7453.32,991
2026-07-21T02:05:00+00:00,7453.32,7457.08,7451.32,7451.7,1152
2026-07-21T02:10:00+00:00,7451.7,7451.93,7449.56,7450.32,782
2026-07-21T02:15:00+00:00,7450.32,7450.94,7446.06,7446.56,796
2026-07-21T02:20:00+00:00,7446.56,7453.68,7446.31,7453.57,791
2026-07-21T02:25:00+00:00,7453.57,7454.81,7451.32,7451.32,792
2026-07-21T02:30:00+00:00,7451.32,7456.06,7451.32,7455.31,586
2026-07-21T02:35:00+00:00,7455.31,7458.95,7455.2,7458.32,576
2026-07-21T02:40:00+00:00,7458.32,7458.83,7457.45,7458.08,468
2026-07-21T02:45:00+00:00,7458.08,7458.08,7456.06,7456.31,423
2026-07-21T02:50:00+00:00,7456.31,7457.08,7455.57,7457.06,427
2026-07-21T02:55:00+00:00,7457.06,7459.33,7456.82,7459.08,495
2026-07-21T03:00:00+00:00,7459.08,7461.08,7459.07,7461.07,343
2026-07-21T03:05:00+00:00,7461.07,7461.56,7460.31,7460.33,290
2026-07-21T03:10:00+00:00,7460.33,7461.82,7460.31,7461.06,140
2026-07-21T03:15:00+00:00,7461.06,7464.08,7460.83,7463.81,246
2026-07-21T03:20:00+00:00,7463.81,7464.93,7463.32,7464.81,268
2026-07-21T03:25:00+00:00,7464.81,7465.33,7464.31,7465.33,232
2026-07-21T03:30:00+00:00,7465.33,7466.33,7464.83,7466.06,447
2026-07-21T03:35:00+00:00,7466.06,7468.08,7465.56,7467.81,342
2026-07-21T03:40:00+00:00,7467.81,7468.58,7466.82,7466.82,333
2026-07-21T03:45:00+00:00,7466.82,7469.83,7466.81,7469.32,356
2026-07-21T03:50:00+00:00,7469.32,7469.58,7468.43,7469.58,360
2026-07-21T03:55:00+00:00,7469.58,7470.43,7468.56,7470.2,273
2026-07-21T04:00:00+00:00,7470.2,7472.08,7470.06,7470.83,432
2026-07-21T04:05:00+00:00,7470.83,7474.07,7470.31,7471.82,547
2026-07-21T04:10:00+00:00,7471.82,7472.81,7471.56,7471.56,327
2026-07-21T04:15:00+00:00,7471.56,7472.08,7470.57,7470.57,390
2026-07-21T04:20:00+00:00,7470.57,7472.08,7470.56,7471.31,298
2026-07-21T04:25:00+00:00,7471.31,7472.32,7470.58,7471.31,273
2026-07-21T04:30:00+00:00,7471.31,7471.83,7470.81,7471.56,292
2026-07-21T04:35:00+00:00,7471.56,7473.58,7471.56,7472.83,378
2026-07-21T04:40:00+00:00,7472.83,7473.08,7471.57,7472.07,315
2026-07-21T04:45:00+00:00,7472.07,7473.08,7471.31,7473.07,172
2026-07-21T04:50:00+00:00,7473.07,7473.07,7470.57,7471.33,277
2026-07-21T04:55:00+00:00,7471.33,7472.08,7470.57,7471.69,451
2026-07-21T05:00:00+00:00,7471.69,7472.08,7471.31,7471.56,638
2026-07-21T05:05:00+00:00,7471.56,7471.7,7470.31,7471.08,399
2026-07-21T05:10:00+00:00,7471.08,7471.08,7468.82,7469.32,344
2026-07-21T05:15:00+00:00,7469.32,7469.33,7467.56,7467.83,363
2026-07-21T05:20:00+00:00,7467.83,7471.81,7467.56,7471.31,568
2026-07-21T05:25:00+00:00,7471.31,7474.33,7471.06,7474.06,369
2026-07-21T05:30:00+00:00,7474.06,7474.57,7471.81,7473.83,392
2026-07-21T05:35:00+00:00,7473.83,7474.82,7473.33,7473.95,293
2026-07-21T05:40:00+00:00,7473.95,7479.2,7473.95,7478.57,671
2026-07-21T05:45:00+00:00,7478.57,7479.08,7476.32,7478.32,402
2026-07-21T05:50:00+00:00,7478.32,7480.2,7478.31,7478.81,552
2026-07-21T05:55:00+00:00,7478.81,7479.33,7477.94,7478.31,643
2026-07-21T06:00:00+00:00,7478.31,7479.58,7477.93,7479.31,688
2026-07-21T06:05:00+00:00,7479.31,7480.31,7477.56,7477.83,501
2026-07-21T06:10:00+00:00,7477.83,7479.57,7476.83,7478.58,548
2026-07-21T06:15:00+00:00,7478.58,7479.33,7476.81,7477.06,442
2026-07-21T06:20:00+00:00,7477.06,7477.83,7475.31,7477.32,467
2026-07-21T06:25:00+00:00,7477.32,7480.18,7477.07,7477.08,459
2026-07-21T06:30:00+00:00,7477.08,7480.58,7477.08,7480.33,843
2026-07-21T06:35:00+00:00,7480.33,7484.82,7480.31,7481.32,768
2026-07-21T06:40:00+00:00,7481.32,7483.44,7480.93,7482.68,347
2026-07-21T06:45:00+00:00,7482.68,7483.08,7479.68,7481.57,243
2026-07-21T06:50:00+00:00,7481.57,7482.33,7480.57,7481.57,227
2026-07-21T06:55:00+00:00,7481.57,7482.32,7480.32,7481.31,305
2026-07-21T07:00:00+00:00,7481.31,7485.32,7479.83,7483.08,1042
2026-07-21T07:05:00+00:00,7483.08,7484.08,7481.81,7482.08,607
2026-07-21T07:10:00+00:00,7482.08,7483.07,7478.19,7480.32,680
2026-07-21T07:15:00+00:00,7480.32,7480.33,7477.81,7479.81,568
2026-07-21T07:20:00+00:00,7479.81,7479.81,7475.82,7476.32,493
2026-07-21T07:25:00+00:00,7476.32,7477.58,7473.31,7474.32,519
2026-07-21T07:30:00+00:00,7474.32,7476.82,7471.32,7476.82,708
2026-07-21T07:35:00+00:00,7476.82,7477.83,7476.06,7476.56,445
2026-07-21T07:40:00+00:00,7476.56,7477.08,7474.56,7474.82,479
2026-07-21T07:45:00+00:00,7474.82,7475.57,7472.57,7472.83,485
2026-07-21T07:50:00+00:00,7472.83,7474.08,7471.82,7473.32,552
2026-07-21T07:55:00+00:00,7473.32,7475.57,7472.69,7475.32,557
2026-07-21T08:00:00+00:00,7475.32,7476.58,7473.31,7476.31,1271
2026-07-21T08:05:00+00:00,7476.31,7477.83,7475.56,7477.07,891
2026-07-21T08:10:00+00:00,7477.07,7480.58,7475.32,7480.32,782
2026-07-21T08:15:00+00:00,7480.32,7481.06,7478.81,7479.58,691
2026-07-21T08:20:00+00:00,7479.58,7481.33,7478.81,7480.81,667
2026-07-21T08:25:00+00:00,7480.81,7481.81,7479.57,7481.06,591
2026-07-21T08:30:00+00:00,7481.06,7481.83,7479.81,7480.7,758
2026-07-21T08:35:00+00:00,7480.7,7482.08,7480.06,7480.58,582
2026-07-21T08:40:00+00:00,7480.58,7483.06,7479.82,7482.07,482
2026-07-21T08:45:00+00:00,7482.07,7482.07,7478.81,7480.32,522
2026-07-21T08:50:00+00:00,7480.32,7481.33,7479.58,7480.31,417
2026-07-21T08:55:00+00:00,7480.31,7481.32,7479.31,7480.82,294
2026-07-21T09:00:00+00:00,7480.82,7483.08,7480.33,7482.83,563
2026-07-21T09:05:00+00:00,7482.83,7483.82,7482.31,7482.83,310
2026-07-21T09:10:00+00:00,7482.83,7483.58,7482.31,7482.81,369
2026-07-21T09:15:00+00:00,7482.81,7484.83,7482.81,7484.06,460
2026-07-21T09:20:00+00:00,7484.06,7485.58,7482.81,7483.08,369
2026-07-21T09:25:00+00:00,7483.08,7484.06,7480.32,7480.57,421
2026-07-21T09:30:00+00:00,7480.57,7482.83,7479.06,7481.83,476
2026-07-21T09:35:00+00:00,7481.83,7481.95,7478.83,7480.31,327
2026-07-21T09:40:00+00:00,7480.31,7481.08,7478.83,7480.32,365
2026-07-21T09:45:00+00:00,7480.32,7484.58,7479.81,7484.18,450
2026-07-21T09:50:00+00:00,7484.18,7484.18,7481.82,7483.06,395
2026-07-21T09:55:00+00:00,7483.06,7483.07,7479.33,7479.94,336
2026-07-21T10:00:00+00:00,7479.94,7484.32,7479.68,7480.32,818
2026-07-21T10:05:00+00:00,7480.32,7480.68,7478.56,7478.95,385
2026-07-21T10:10:00+00:00,7478.95,7485.31,7478.31,7480.82,2057
2026-07-21T10:15:00+00:00,7480.82,7482.08,7480.07,7481.57,643
2026-07-21T10:20:00+00:00,7481.57,7483.56,7481.31,7482.56,609
2026-07-21T10:25:00+00:00,7482.56,7482.83,7480.06,7481.32,465
2026-07-21T10:30:00+00:00,7481.32,7483.57,7481.07,7482.81,482
2026-07-21T10:35:00+00:00,7482.81,7486.08,7481.32,7481.32,969
2026-07-21T10:40:00+00:00,7481.32,7481.83,7478.82,7480.57,508
2026-07-21T10:45:00+00:00,7480.57,7482.08,7477.31,7482.06,625
2026-07-21T10:50:00+00:00,7482.06,7482.31,7478.56,7478.56,459
2026-07-21T10:55:00+00:00,7478.56,7481.31,7478.31,7479.58,574
2026-07-21T11:00:00+00:00,7479.58,7481.08,7475.06,7475.33,843
2026-07-21T11:05:00+00:00,7475.33,7475.83,7473.81,7474.31,597
2026-07-21T11:10:00+00:00,7474.31,7477.08,7473.32,7476.57,443
2026-07-21T11:15:00+00:00,7476.57,7476.69,7472.56,7473.08,501
2026-07-21T11:20:00+00:00,7473.08,7474.57,7470.44,7474.56,766
2026-07-21T11:25:00+00:00,7474.56,7474.81,7470.68,7471.82,708
2026-07-21T11:30:00+00:00,7471.82,7475.33,7471.81,7473.58,567
2026-07-21T11:35:00+00:00,7473.58,7478.08,7473.44,7475.83,749
2026-07-21T11:40:00+00:00,7475.83,7476.43,7473.83,7474.58,574
2026-07-21T11:45:00+00:00,7474.58,7475.58,7474.18,7475.33,398
2026-07-21T11:50:00+00:00,7475.33,7476.06,7471.57,7472.06,521
2026-07-21T11:55:00+00:00,7472.06,7472.82,7471.07,7472.31,518
2026-07-21T12:00:00+00:00,7472.31,7475.06,7470.95,7473.31,844
2026-07-21T12:05:00+00:00,7473.31,7477.32,7472.56,7475.58,800
2026-07-21T12:10:00+00:00,7475.58,7478.45,7474.58,7475.56,716
2026-07-21T12:15:00+00:00,7475.56,7475.57,7468.08,7470.32,1605
2026-07-21T12:20:00+00:00,7470.32,7471.81,7469.06,7471.33,833
2026-07-21T12:25:00+00:00,7471.33,7471.33,7468.08,7468.32,709
2026-07-21T12:30:00+00:00,7468.32,7470.08,7468.31,7469.57,692
2026-07-21T12:35:00+00:00,7469.57,7469.83,7466.57,7468.81,640
2026-07-21T12:40:00+00:00,7468.81,7468.81,7463.32,7467.18,1153
2026-07-21T12:45:00+00:00,7467.18,7473.44,7467.18,7472.33,1202
2026-07-21T12:50:00+00:00,7472.33,7474.83,7471.81,7474.08,917
2026-07-21T12:55:00+00:00,7474.08,7474.33,7472.32,7473.08,451
2026-07-21T13:00:00+00:00,7473.08,7473.82,7470.31,7470.83,975
2026-07-21T13:05:00+00:00,7470.83,7472.08,7469.33,7470.32,588
2026-07-21T13:10:00+00:00,7470.32,7472.33,7469.81,7471.58,377
2026-07-21T13:15:00+00:00,7471.58,7475.32,7471.08,7474.31,838
2026-07-21T13:20:00+00:00,7474.31,7475.58,7473.69,7475.56,442
2026-07-21T13:25:00+00:00,7475.56,7483.31,7475.56,7483.19,1360
2026-07-21T13:30:00+00:00,7483.19,7487.61,7471.63,7476.36,5494
2026-07-21T13:35:00+00:00,7476.36,7482.38,7472.87,7472.87,3720
2026-07-21T13:40:00+00:00,7472.87,7473.38,7463.12,7465.36,4867
2026-07-21T13:45:00+00:00,7465.36,7470.38,7462.12,7469.61,5766
2026-07-21T13:50:00+00:00,7469.61,7473.88,7462.88,7470.88,5640
2026-07-21T13:55:00+00:00,7470.88,7473.88,7466.37,7473.87,4844
2026-07-21T14:00:00+00:00,7473.87,7479.13,7470.11,7474.63,4910
2026-07-21T14:05:00+00:00,7474.63,7477.88,7470.61,7472.37,4811
2026-07-21T14:10:00+00:00,7472.37,7479.37,7469.86,7477.98,4027
2026-07-21T14:15:00+00:00,7477.98,7482.12,7468.23,7480.86,4284
2026-07-21T14:20:00+00:00,7480.86,7482.86,7475.11,7480.36,3405
2026-07-21T14:25:00+00:00,7480.36,7490.63,7479.98,7489.37,3333
2026-07-21T14:30:00+00:00,7489.37,7493.13,7486.62,7488.88,2739
2026-07-21T14:35:00+00:00,7488.88,7490.88,7481.63,7483.87,2134
2026-07-21T14:40:00+00:00,7483.87,7487.13,7478.61,7486.88,2612
2026-07-21T14:45:00+00:00,7486.88,7493.48,7485.62,7490.13,2833
2026-07-21T14:50:00+00:00,7490.13,7490.63,7485.86,7487.87,2158
2026-07-21T14:55:00+00:00,7487.87,7489.13,7484.13,7488.63,2087
2026-07-21T15:00:00+00:00,7488.63,7489.63,7479.23,7481.13,2689
2026-07-21T15:05:00+00:00,7481.13,7491.36,7479.12,7490.62,2145
2026-07-21T15:10:00+00:00,7490.62,7496.23,7490.36,7493.12,1659
2026-07-21T15:15:00+00:00,7493.12,7496.38,7492.36,7494.88,1197
2026-07-21T15:20:00+00:00,7494.88,7500.73,7494.23,7497.63,2116
2026-07-21T15:25:00+00:00,7497.63,7501.37,7497.11,7501.13,1194
2026-07-21T15:30:00+00:00,7501.13,7501.38,7495.11,7498.74,1456
2026-07-21T15:35:00+00:00,7498.74,7500.38,7495.61,7496.86,1125
2026-07-21T15:40:00+00:00,7496.86,7499.63,7496.12,7496.87,984
2026-07-21T15:45:00+00:00,7496.87,7500.12,7496.11,7499.13,715
2026-07-21T15:50:00+00:00,7499.13,7500.63,7497.87,7498.12,656
2026-07-21T15:55:00+00:00,7498.12,7499.86,7495.61,7496.12,795
2026-07-21T16:00:00+00:00,7496.12,7503.38,7495.62,7503.13,896
2026-07-21T16:05:00+00:00,7503.13,7503.88,7501.61,7502.37,662
2026-07-21T16:10:00+00:00,7502.37,7503.37,7501.37,7503.12,470
2026-07-21T16:15:00+00:00,7503.12,7505.86,7502.86,7505.36,761
2026-07-21T16:20:00+00:00,7505.36,7508.12,7504.86,7506.37,577
2026-07-21T16:25:00+00:00,7506.37,7507.88,7505.23,7507.11,520
2026-07-21T16:30:00+00:00,7507.11,7508.63,7505.61,7507.62,637
2026-07-21T16:35:00+00:00,7507.62,7508.13,7505.62,7507.62,450
2026-07-21T16:40:00+00:00,7507.62,7508.23,7505.85,7507.11,430
2026-07-21T16:45:00+00:00,7507.11,7507.38,7505.11,7505.62,481
2026-07-21T16:50:00+00:00,7505.62,7510.88,7505.36,7510.38,557
2026-07-21T16:55:00+00:00,7510.38,7511.38,7507.62,7507.86,536
2026-07-21T17:00:00+00:00,7507.86,7509.13,7506.86,7507.12,475
2026-07-21T17:05:00+00:00,7507.12,7509.37,7506.86,7508.12,389
2026-07-21T17:10:00+00:00,7508.12,7508.12,7506.11,7506.61,737
2026-07-21T17:15:00+00:00,7506.61,7507.37,7503.86,7503.87,559
2026-07-21T17:20:00+00:00,7503.87,7505.38,7503.12,7504.61,619
2026-07-21T17:25:00+00:00,7504.61,7505.62,7503.11,7504.38,440
2026-07-21T17:30:00+00:00,7504.38,7506.38,7502.86,7504.37,535
2026-07-21T17:35:00+00:00,7504.37,7507.86,7504.11,7507.62,505
2026-07-21T17:40:00+00:00,7507.62,7507.88,7505.86,7507.38,475
2026-07-21T17:45:00+00:00,7507.38,7509.38,7506.11,7508.88,456
2026-07-21T17:50:00+00:00,7508.88,7509.87,7507.23,7507.38,404
2026-07-21T17:55:00+00:00,7507.38,7507.63,7505.62,7506.61,507
2026-07-21T18:00:00+00:00,7506.61,7508.13,7503.13,7503.61,765
2026-07-21T18:05:00+00:00,7503.61,7506.13,7503.36,7505.12,607
2026-07-21T18:10:00+00:00,7505.12,7505.87,7501.98,7502.13,428
2026-07-21T18:15:00+00:00,7502.13,7503.38,7501.36,7502.63,466
2026-07-21T18:20:00+00:00,7502.63,7504.38,7501.63,7503.37,396
2026-07-21T18:25:00+00:00,7503.37,7503.38,7501.13,7502.63,384
2026-07-21T18:30:00+00:00,7502.63,7503.13,7499.86,7500.11,425
2026-07-21T18:35:00+00:00,7500.11,7503.11,7500.11,7501.88,413
2026-07-21T18:40:00+00:00,7501.88,7506.63,7500.86,7505.87,432
2026-07-21T18:45:00+00:00,7505.87,7506.86,7504.36,7505.11,350
2026-07-21T18:50:00+00:00,7505.11,7505.62,7503.11,7503.13,385
2026-07-21T18:55:00+00:00,7503.13,7505.11,7502.86,7504.37,374
2026-07-21T19:00:00+00:00,7504.37,7505.13,7502.36,7503.13,656
2026-07-21T19:05:00+00:00,7503.13,7504.88,7502.12,7502.12,524
2026-07-21T19:10:00+00:00,7502.12,7504.13,7501.63,7503.36,537
2026-07-21T19:15:00+00:00,7503.36,7505.38,7502.87,7503.88,537
2026-07-21T19:20:00+00:00,7503.88,7504.74,7502.61,7503.61,401
2026-07-21T19:25:00+00:00,7503.61,7505.13,7502.61,7503.11,520
2026-07-21T19:30:00+00:00,7503.11,7504.62,7501.88,7502.13,616
2026-07-21T19:35:00+00:00,7502.13,7506.13,7501.62,7504.37,604
2026-07-21T19:40:00+00:00,7504.37,7506.13,7502.61,7505.37,524
2026-07-21T19:45:00+00:00,7505.37,7506.37,7502.61,7506.12,1029
2026-07-21T19:50:00+00:00,7506.12,7506.87,7503.12,7503.86,1854
2026-07-21T19:55:00+00:00,7503.86,7506.13,7500.88,7503.63,1903
2026-07-21T20:00:00+00:00,7503.63,7504.33,7498.81,7499.08,1026
2026-07-21T20:05:00+00:00,7499.08,7501.82,7498.81,7501.31,307
2026-07-21T20:10:00+00:00,7501.31,7502.07,7499.81,7501.82,229
2026-07-21T20:15:00+00:00,7501.82,7501.82,7498.82,7498.83,202
2026-07-21T20:20:00+00:00,7498.83,7499.58,7498.31,7499.58,104
2026-07-21T20:25:00+00:00,7499.58,7499.83,7498.31,7498.82,112
2026-07-21T20:30:00+00:00,7498.82,7500.08,7498.82,7500.06,70
2026-07-21T20:35:00+00:00,7500.06,7501.06,7499.56,7500.32,74
2026-07-21T20:40:00+00:00,7500.32,7500.56,7499.56,7499.83,51
2026-07-21T20:45:00+00:00,7499.83,7500.08,7498.83,7498.83,79
2026-07-21T20:50:00+00:00,7498.83,7499.57,7498.56,7498.56,100
2026-07-21T20:55:00+00:00,7498.56,7500.33,7498.07,7500.18,108
2026-07-21T22:00:00+00:00,7500.18,7502.85,7500.18,7501.48,846
2026-07-21T22:05:00+00:00,7501.48,7502.24,7499.73,7501.1,467
2026-07-21T22:10:00+00:00,7501.1,7502.73,7500.84,7502.72,238
2026-07-21T22:15:00+00:00,7502.72,7503.49,7502.48,7503.23,194
2026-07-21T22:20:00+00:00,7503.23,7503.73,7499.47,7499.47,138
2026-07-21T22:25:00+00:00,7499.47,7501.1,7499.22,7499.99,252
2026-07-21T22:30:00+00:00,7499.99,7500.49,7498.48,7500.22,183
2026-07-21T22:35:00+00:00,7500.22,7500.72,7499.59,7500.23,132
2026-07-21T22:40:00+00:00,7500.23,7500.74,7499.22,7499.22,107
2026-07-21T22:45:00+00:00,7499.22,7499.24,7496.72,7496.99,236
2026-07-21T22:50:00+00:00,7496.99,7497.72,7496.97,7497.72,146
2026-07-21T22:55:00+00:00,7497.72,7498.99,7496.97,7498.98,187
2026-07-21T23:00:00+00:00,7498.98,7499.35,7497.98,7498.98,223
2026-07-21T23:05:00+00:00,7498.98,7499.24,7498.23,7498.98,122
2026-07-21T23:10:00+00:00,7498.98,7500.34,7498.47,7499.99,153
2026-07-21T23:15:00+00:00,7499.99,7502.22,7498.49,7501.85,220
2026-07-21T23:20:00+00:00,7501.85,7501.85,7499.23,7499.47,130
2026-07-21T23:25:00+00:00,7499.47,7501.49,7499.47,7501.23,120
2026-07-21T23:30:00+00:00,7501.23,7502.24,7500.6,7501.24,144
2026-07-21T23:35:00+00:00,7501.24,7501.36,7499.48,7499.72,132
2026-07-21T23:40:00+00:00,7499.72,7500.23,7497.97,7498.72,154
2026-07-21T23:45:00+00:00,7498.72,7501.74,7498.23,7501.48,592
2026-07-21T23:50:00+00:00,7501.48,7502.22,7498.59,7499.48,666
2026-07-21T23:55:00+00:00,7499.48,7502.24,7499.48,7501.49,648
2026-07-22T00:00:00+00:00,7501.49,7505.1,7500.23,7505.1,2108
2026-07-22T00:05:00+00:00,7505.1,7505.23,7501.74,7502.98,1633
2026-07-22T00:10:00+00:00,7502.98,7504.59,7500.48,7503.22,1264
2026-07-22T00:15:00+00:00,7503.22,7503.61,7500.72,7503.11,1135
2026-07-22T00:20:00+00:00,7503.11,7503.99,7500.09,7501.23,983
2026-07-22T00:25:00+00:00,7501.23,7502.47,7498.97,7500.22,1160
2026-07-22T00:30:00+00:00,7500.22,7501.24,7497.47,7499.1,1454
2026-07-22T00:35:00+00:00,7499.1,7500.23,7497.47,7499.72,990
2026-07-22T00:40:00+00:00,7499.72,7500.99,7498.74,7498.97,807
2026-07-22T00:45:00+00:00,7498.97,7499.49,7496.22,7498.72,1170
2026-07-22T00:50:00+00:00,7498.72,7499.86,7496.99,7497.48,668
2026-07-22T00:55:00+00:00,7497.48,7500.61,7496.74,7500.24,829
2026-07-22T01:00:00+00:00,7500.24,7500.99,7494.49,7495.74,1456
2026-07-22T01:05:00+00:00,7495.74,7496.35,7494.49,7494.98,750
2026-07-22T01:10:00+00:00,7494.98,7496.99,7494.48,7496.47,508
2026-07-22T01:15:00+00:00,7496.47,7497.49,7496.22,7496.74,709
2026-07-22T01:20:00+00:00,7496.74,7496.99,7493.34,7493.48,688
2026-07-22T01:25:00+00:00,7493.48,7496.36,7493.23,7494.47,633
2026-07-22T01:30:00+00:00,7494.47,7494.74,7492.72,7494.73,932
2026-07-22T01:35:00+00:00,7494.73,7495.99,7494.22,7495.99,646
2026-07-22T01:40:00+00:00,7495.99,7496.74,7494.47,7496.47,808
2026-07-22T01:45:00+00:00,7496.47,7500.49,7495.84,7500.49,746
2026-07-22T01:50:00+00:00,7500.49,7502.73,7499.47,7502.24,683
2026-07-22T01:55:00+00:00,7502.24,7502.24,7498.97,7499.23,619
2026-07-22T02:00:00+00:00,7499.23,7500.24,7495.23,7496.74,940
2026-07-22T02:05:00+00:00,7496.74,7497.73,7494.73,7495.73,746
2026-07-22T02:10:00+00:00,7495.73,7498.34,7495.47,7497.97,556
2026-07-22T02:15:00+00:00,7497.97,7498.74,7497.22,7497.85,673
2026-07-22T02:20:00+00:00,7497.85,7498.74,7497.47,7498.49,725
2026-07-22T02:25:00+00:00,7498.49,7500.97,7496.72,7499.74,651
2026-07-22T02:30:00+00:00,7499.74,7500.24,7497.47,7497.98,879
2026-07-22T02:35:00+00:00,7497.98,7498.24,7496.47,7496.48,760
2026-07-22T02:40:00+00:00,7496.48,7499.99,7496.47,7499.74,706
2026-07-22T02:45:00+00:00,7499.74,7501.47,7498.99,7500.97,653
2026-07-22T02:50:00+00:00,7500.97,7501.1,7499.24,7500.23,601
2026-07-22T02:55:00+00:00,7500.23,7500.47,7497.98,7499.61,512
2026-07-22T03:00:00+00:00,7499.61,7500.73,7498.34,7500.24,756
2026-07-22T03:05:00+00:00,7500.24,7500.85,7497.09,7497.24,665
2026-07-22T03:10:00+00:00,7497.24,7497.49,7496.22,7496.99,367
2026-07-22T03:15:00+00:00,7496.99,7498.49,7496.72,7497.98,581
2026-07-22T03:20:00+00:00,7497.98,7501.99,7497.97,7501.72,497
2026-07-22T03:25:00+00:00,7501.72,7502.74,7501.47,7502.47,444
2026-07-22T03:30:00+00:00,7502.47,7502.99,7497.47,7498.24,841
2026-07-22T03:35:00+00:00,7498.24,7498.74,7496.98,7498.1,1024
2026-07-22T03:40:00+00:00,7498.1,7499.23,7497.22,7497.47,586
2026-07-22T03:45:00+00:00,7497.47,7498.99,7497.47,7497.99,537
2026-07-22T03:50:00+00:00,7497.99,7497.99,7493.47,7493.84,987
2026-07-22T03:55:00+00:00,7493.84,7494.24,7492.72,7493.73,738
2026-07-22T04:00:00+00:00,7493.73,7494.99,7492.48,7494.99,655
2026-07-22T04:05:00+00:00,7494.99,7496.74,7494.22,7496.47,520
2026-07-22T04:10:00+00:00,7496.47,7496.86,7495.23,7495.74,623
2026-07-22T04:15:00+00:00,7495.74,7497.49,7495.73,7496.74,336
2026-07-22T04:20:00+00:00,7496.74,7497.74,7496.48,7497.35,327
2026-07-22T04:25:00+00:00,7497.35,7497.48,7496.47,7496.99,357
2026-07-22T04:30:00+00:00,7496.99,7496.99,7494.22,7494.74,478
2026-07-22T04:35:00+00:00,7494.74,7495.24,7494.22,7494.99,362
2026-07-22T04:40:00+00:00,7494.99,7496.49,7494.47,7496.11,341
2026-07-22T04:45:00+00:00,7496.11,7496.24,7494.22,7495.1,369
2026-07-22T04:50:00+00:00,7495.1,7495.48,7494.22,7494.22,414
2026-07-22T04:55:00+00:00,7494.22,7496.74,7493.47,7496.74,515
2026-07-22T05:00:00+00:00,7496.74,7497.24,7494.47,7494.61,661
2026-07-22T05:05:00+00:00,7494.61,7494.98,7493.23,7493.47,560
2026-07-22T05:10:00+00:00,7493.47,7494.24,7492.97,7493.73,709
2026-07-22T05:15:00+00:00,7493.73,7494.74,7492.97,7493.74,870
2026-07-22T05:20:00+00:00,7493.74,7493.74,7492.22,7492.61,745
2026-07-22T05:25:00+00:00,7492.61,7494.74,7492.48,7492.86,1133
2026-07-22T05:30:00+00:00,7492.86,7494.74,7491.99,7494.49,1130
2026-07-22T05:35:00+00:00,7494.49,7494.74,7491.47,7492.97,962
2026-07-22T05:40:00+00:00,7492.97,7493.47,7490.98,7491.48,613
2026-07-22T05:45:00+00:00,7491.48,7492.99,7490.47,7492.24,651
2026-07-22T05:50:00+00:00,7492.24,7495.24,7491.97,7492.86,737
2026-07-22T05:55:00+00:00,7492.86,7494.74,7492.73,7494.73,661
2026-07-22T06:00:00+00:00,7494.73,7494.99,7493.22,7493.99,772
2026-07-22T06:05:00+00:00,7493.99,7494.11,7490.97,7491.47,817
2026-07-22T06:10:00+00:00,7491.47,7493.24,7491.47,7492.48,479
2026-07-22T06:15:00+00:00,7492.48,7492.48,7487.59,7488.22,617
2026-07-22T06:20:00+00:00,7488.22,7488.47,7481.72,7484.23,725
2026-07-22T06:25:00+00:00,7484.23,7484.24,7482.47,7482.97,631
2026-07-22T06:30:00+00:00,7482.97,7485.24,7482.72,7485.24,690
2026-07-22T06:35:00+00:00,7485.24,7487.74,7485.22,7486.24,444
2026-07-22T06:40:00+00:00,7486.24,7486.49,7483.84,7483.84,352
2026-07-22T06:45:00+00:00,7483.84,7483.84,7479.47,7480.24,611
2026-07-22T06:50:00+00:00,7480.24,7484.49,7479.72,7483.47,473
2026-07-22T06:55:00+00:00,7483.47,7483.49,7480.97,7480.97,545
2026-07-22T07:00:00+00:00,7480.97,7481.73,7477.24,7478.24,1539
2026-07-22T07:05:00+00:00,7478.24,7478.48,7474.49,7476.97,924
2026-07-22T07:10:00+00:00,7476.97,7481.49,7476.97,7481.47,1072
2026-07-22T07:15:00+00:00,7481.47,7484.49,7481.22,7483.22,675
2026-07-22T07:20:00+00:00,7483.22,7484.47,7479.99,7480.49,783
2026-07-22T07:25:00+00:00,7480.49,7485.11,7479.73,7483.47,845
2026-07-22T07:30:00+00:00,7483.47,7484.48,7477.47,7477.47,1429
2026-07-22T07:35:00+00:00,7477.47,7478.34,7473.72,7473.72,1100
2026-07-22T07:40:00+00:00,7473.72,7475.24,7470.47,7475.22,1137
2026-07-22T07:45:00+00:00,7475.22,7476.97,7471.72,7472.22,1026
2026-07-22T07:50:00+00:00,7472.22,7475.09,7471.23,7474.22,923
2026-07-22T07:55:00+00:00,7474.22,7475.47,7473.48,7474.49,849
2026-07-22T08:00:00+00:00,7474.49,7479.73,7473.24,7479.49,1863
2026-07-22T08:05:00+00:00,7479.49,7480.99,7476.47,7479.23,1307
2026-07-22T08:10:00+00:00,7479.23,7479.49,7474.24,7474.74,1222
2026-07-22T08:15:00+00:00,7474.74,7478.11,7474.48,7476.99,1235
2026-07-22T08:20:00+00:00,7476.99,7480.74,7476.47,7480.48,1041
2026-07-22T08:25:00+00:00,7480.48,7481.99,7479.61,7481.99,1309
2026-07-22T08:30:00+00:00,7481.99,7484.74,7481.47,7483.72,935
2026-07-22T08:35:00+00:00,7483.72,7484.24,7480.47,7480.74,754
2026-07-22T08:40:00+00:00,7480.74,7481.73,7479.47,7480.61,931
2026-07-22T08:45:00+00:00,7480.61,7483.73,7480.6,7481.73,699
2026-07-22T08:50:00+00:00,7481.73,7484.24,7480.73,7483.47,785
2026-07-22T08:55:00+00:00,7483.47,7484.49,7481.47,7483.48,703
2026-07-22T09:00:00+00:00,7483.48,7487.73,7482.98,7486.99,882
2026-07-22T09:05:00+00:00,7486.99,7489.99,7485.85,7487.23,662
2026-07-22T09:10:00+00:00,7487.23,7488.24,7485.97,7486.49,426
2026-07-22T09:15:00+00:00,7486.49,7487.49,7485.72,7487.22,459
2026-07-22T09:20:00+00:00,7487.22,7489.49,7486.85,7488.61,623
2026-07-22T09:25:00+00:00,7488.61,7488.99,7485.48,7485.49,423
2026-07-22T09:30:00+00:00,7485.49,7485.74,7480.72,7480.85,869
2026-07-22T09:35:00+00:00,7480.85,7483.34,7480.72,7482.49,707
2026-07-22T09:40:00+00:00,7482.49,7484.24,7480.97,7483.1,633
2026-07-22T09:45:00+00:00,7483.1,7484.48,7482.47,7482.97,536
2026-07-22T09:50:00+00:00,7482.97,7482.99,7478.84,7480.23,710
2026-07-22T09:55:00+00:00,7480.23,7484.73,7479.97,7484.72,582
2026-07-22T10:00:00+00:00,7484.72,7488.97,7484.72,7487.49,656
2026-07-22T10:05:00+00:00,7487.49,7487.85,7485.23,7485.48,575
2026-07-22T10:10:00+00:00,7485.48,7486.49,7483.72,7483.73,506
2026-07-22T10:15:00+00:00,7483.73,7485.97,7482.72,7484.72,574
2026-07-22T10:20:00+00:00,7484.72,7491.23,7484.72,7490.35,1740
2026-07-22T10:25:00+00:00,7490.35,7490.74,7488.72,7489.97,867
2026-07-22T10:30:00+00:00,7489.97,7490.85,7488.47,7488.72,1053
2026-07-22T10:35:00+00:00,7488.72,7489.48,7486.09,7486.73,776
2026-07-22T10:40:00+00:00,7486.73,7487.24,7484.47,7484.47,856
2026-07-22T10:45:00+00:00,7484.47,7489.99,7484.22,7489.99,672
2026-07-22T10:50:00+00:00,7489.99,7490.24,7488.49,7488.85,580
2026-07-22T10:55:00+00:00,7488.85,7489.74,7488.22,7488.49,567
2026-07-22T11:00:00+00:00,7488.49,7488.59,7484.97,7484.98,1230
2026-07-22T11:05:00+00:00,7484.98,7487.23,7484.72,7487.22,993
2026-07-22T11:10:00+00:00,7487.22,7488.23,7483.6,7483.73,728
2026-07-22T11:15:00+00:00,7483.73,7483.74,7481.97,7482.24,615
2026-07-22T11:20:00+00:00,7482.24,7485.47,7482.24,7484.1,554
2026-07-22T11:25:00+00:00,7484.1,7484.1,7480.97,7481.47,511
2026-07-22T11:30:00+00:00,7481.47,7483.24,7480.98,7483.11,425
2026-07-22T11:35:00+00:00,7483.11,7484.74,7481.47,7481.99,562
2026-07-22T11:40:00+00:00,7481.99,7481.99,7469.97,7474.48,2886
2026-07-22T11:45:00+00:00,7474.48,7481.49,7473.97,7480.22,1458
2026-07-22T11:50:00+00:00,7480.22,7480.36,7476.09,7476.73,952
2026-07-22T11:55:00+00:00,7476.73,7477.22,7473.84,7475.59,815
2026-07-22T12:00:00+00:00,7475.59,7478.49,7472.23,7473.97,1214
2026-07-22T12:05:00+00:00,7473.97,7477.49,7473.47,7474.73,958
2026-07-22T12:10:00+00:00,7474.73,7477.74,7473.99,7477.09,720
2026-07-22T12:15:00+00:00,7477.09,7477.48,7473.47,7474.48,740
2026-07-22T12:20:00+00:00,7474.48,7474.72,7470.47,7470.98,836
2026-07-22T12:25:00+00:00,7470.98,7474.97,7470.47,7474.73,798
2026-07-22T12:30:00+00:00,7474.73,7481.11,7474.49,7479.74,1756
2026-07-22T12:35:00+00:00,7479.74,7481.48,7478.74,7480.85,1043
2026-07-22T12:40:00+00:00,7480.85,7481.48,7479.98,7480.11,559
2026-07-22T12:45:00+00:00,7480.11,7480.24,7473.97,7474.98,1021
2026-07-22T12:50:00+00:00,7474.98,7478.24,7474.48,7478.23,448
2026-07-22T12:55:00+00:00,7478.23,7478.24,7462.76,7472.97,2771
2026-07-22T13:00:00+00:00,7472.97,7477.73,7472.97,7477.49,1329
2026-07-22T13:05:00+00:00,7477.49,7479.47,7474.72,7478.99,764
2026-07-22T13:10:00+00:00,7478.99,7478.99,7475.97,7477.47,612
2026-07-22T13:15:00+00:00,7477.47,7482.72,7477.23,7482.23,810
2026-07-22T13:20:00+00:00,7482.23,7484.35,7480.97,7484.35,687
2026-07-22T13:25:00+00:00,7484.35,7486.99,7481.72,7486.24,1314
2026-07-22T13:30:00+00:00,7486.24,7495.77,7483.79,7493.29,4253
2026-07-22T13:35:00+00:00,7493.29,7494.79,7490.28,7494.04,2957
2026-07-22T13:40:00+00:00,7494.04,7497.03,7491.02,7495.78,2333
2026-07-22T13:45:00+00:00,7495.78,7500.52,7495.78,7497.78,2724
2026-07-22T13:50:00+00:00,7497.78,7502.02,7494.04,7501.77,2999
2026-07-22T13:55:00+00:00,7501.77,7508.29,7500.53,7508.29,2388
2026-07-22T14:00:00+00:00,7508.29,7510.29,7505.52,7510.27,2418
2026-07-22T14:05:00+00:00,7510.27,7514.54,7506.04,7506.28,2230
2026-07-22T14:10:00+00:00,7506.28,7508.54,7501.77,7503.03,2257
2026-07-22T14:15:00+00:00,7503.03,7503.79,7498.27,7501.77,2647
2026-07-22T14:20:00+00:00,7501.77,7504.54,7494.28,7496.54,3193
2026-07-22T14:25:00+00:00,7496.54,7498.04,7491.28,7493.04,2973
2026-07-22T14:30:00+00:00,7493.04,7498.28,7492.03,7492.79,3032
2026-07-22T14:35:00+00:00,7492.79,7494.64,7490.78,7493.53,2586
2026-07-22T14:40:00+00:00,7493.53,7494.79,7488.02,7488.14,3160
2026-07-22T14:45:00+00:00,7488.14,7495.29,7487.29,7494.52,3263
2026-07-22T14:50:00+00:00,7494.52,7497.29,7491.52,7494.79,2186
2026-07-22T14:55:00+00:00,7494.79,7500.79,7492.29,7500.28,1620
2026-07-22T15:00:00+00:00,7500.28,7505.03,7499.77,7503.78,1468
2026-07-22T15:05:00+00:00,7503.78,7508.04,7502.78,7506.78,1440
2026-07-22T15:10:00+00:00,7506.78,7511.02,7506.77,7509.53,1619
2026-07-22T15:15:00+00:00,7509.53,7510.54,7506.03,7509.54,1155
2026-07-22T15:20:00+00:00,7509.54,7514.78,7509.02,7514.28,1419
2026-07-22T15:25:00+00:00,7514.28,7518.03,7513.64,7515.27,1508
2026-07-22T15:30:00+00:00,7515.27,7516.04,7510.52,7510.79,1160
2026-07-22T15:35:00+00:00,7510.79,7512.29,7508.52,7510.04,1198
2026-07-22T15:40:00+00:00,7510.04,7513.04,7509.27,7510.79,1204
2026-07-22T15:45:00+00:00,7510.79,7514.54,7510.79,7514.53,789
2026-07-22T15:50:00+00:00,7514.53,7516.79,7513.27,7513.53,833
2026-07-22T15:55:00+00:00,7513.53,7518.52,7512.78,7518.52,780
2026-07-22T16:00:00+00:00,7518.52,7519.04,7515.79,7517.77,753
2026-07-22T16:05:00+00:00,7517.77,7520.03,7516.53,7518.53,656
2026-07-22T16:10:00+00:00,7518.53,7519.04,7517.27,7518.03,593
2026-07-22T16:15:00+00:00,7518.03,7521.29,7517.79,7521.02,696
2026-07-22T16:20:00+00:00,7521.02,7521.02,7519.02,7519.79,629
2026-07-22T16:25:00+00:00,7519.79,7520.54,7518.02,7519.79,690
2026-07-22T16:30:00+00:00,7519.79,7521.04,7518.77,7520.28,600
2026-07-22T16:35:00+00:00,7520.28,7520.54,7519.02,7519.79,647
2026-07-22T16:40:00+00:00,7519.79,7520.02,7517.54,7518.77,704
2026-07-22T16:45:00+00:00,7518.77,7520.04,7516.52,7517.28,705
2026-07-22T16:50:00+00:00,7517.28,7517.79,7516.02,7516.54,685
2026-07-22T16:55:00+00:00,7516.54,7520.77,7516.27,7519.52,486
2026-07-22T17:00:00+00:00,7519.52,7520.78,7515.52,7516.02,869
2026-07-22T17:05:00+00:00,7516.02,7518.29,7515.78,7517.04,651
2026-07-22T17:10:00+00:00,7517.04,7517.04,7513.52,7514.02,628
2026-07-22T17:15:00+00:00,7514.02,7515.29,7512.77,7513.52,756
2026-07-22T17:20:00+00:00,7513.52,7513.79,7510.53,7512.54,957
2026-07-22T17:25:00+00:00,7512.54,7513.64,7510.78,7511.27,752
2026-07-22T17:30:00+00:00,7511.27,7513.64,7509.53,7509.53,588
2026-07-22T17:35:00+00:00,7509.53,7514.54,7509.27,7514.27,861
2026-07-22T17:40:00+00:00,7514.27,7514.29,7511.28,7512.02,514
2026-07-22T17:45:00+00:00,7512.02,7513.02,7511.02,7511.27,383
2026-07-22T17:50:00+00:00,7511.27,7512.29,7507.77,7507.79,682
2026-07-22T17:55:00+00:00,7507.79,7507.79,7504.52,7506.02,1313
2026-07-22T18:00:00+00:00,7506.02,7508.04,7503.03,7504.79,1169
2026-07-22T18:05:00+00:00,7504.79,7507.66,7503.54,7503.79,778
2026-07-22T18:10:00+00:00,7503.79,7504.53,7500.78,7501.28,860
2026-07-22T18:15:00+00:00,7501.28,7504.54,7501.02,7503.29,791
2026-07-22T18:20:00+00:00,7503.29,7506.28,7502.29,7503.28,796
2026-07-22T18:25:00+00:00,7503.28,7506.29,7503.03,7505.52,638
2026-07-22T18:30:00+00:00,7505.52,7505.66,7501.29,7502.77,858
2026-07-22T18:35:00+00:00,7502.77,7505.54,7502.52,7505.02,485
2026-07-22T18:40:00+00:00,7505.02,7505.53,7503.27,7503.77,606
2026-07-22T18:45:00+00:00,7503.77,7506.54,7503.02,7503.02,666
2026-07-22T18:50:00+00:00,7503.02,7506.53,7502.02,7506.03,626
2026-07-22T18:55:00+00:00,7506.03,7506.79,7504.54,7505.28,503
2026-07-22T19:00:00+00:00,7505.28,7505.54,7502.52,7503.52,840
2026-07-22T19:05:00+00:00,7503.52,7504.54,7502.53,7503.03,699
2026-07-22T19:10:00+00:00,7503.03,7503.29,7499.52,7500.04,849
2026-07-22T19:15:00+00:00,7500.04,7503.02,7499.29,7502.02,599
2026-07-22T19:20:00+00:00,7502.02,7502.04,7499.27,7499.77,571
2026-07-22T19:25:00+00:00,7499.77,7501.79,7497.52,7501.04,844
2026-07-22T19:30:00+00:00,7501.04,7501.04,7497.77,7498.03,1023
2026-07-22T19:35:00+00:00,7498.03,7499.04,7494.52,7495.29,1077
2026-07-22T19:40:00+00:00,7495.29,7500.04,7495.28,7499.28,1019
2026-07-22T19:45:00+00:00,7499.28,7501.53,7498.79,7501.28,1020
2026-07-22T19:50:00+00:00,7501.28,7504.29,7498.52,7499.54,2061
2026-07-22T19:55:00+00:00,7499.54,7504.03,7494.54,7494.54,2265
2026-07-22T20:00:00+00:00,7494.54,7509.47,7493.98,7494.6,7086
2026-07-22T20:05:00+00:00,7494.6,7499.85,7490.35,7494.35,2921
2026-07-22T20:10:00+00:00,7494.35,7510.86,7493.59,7510.74,2634
2026-07-22T20:15:00+00:00,7510.74,7512.11,7506.85,7510.84,2491
2026-07-22T20:20:00+00:00,7510.84,7511.24,7505.97,7509.48,1193
2026-07-22T20:25:00+00:00,7509.48,7510.23,7504.72,7506.72,788
2026-07-22T20:30:00+00:00,7506.72,7507.49,7504.74,7505.98,631
2026-07-22T20:35:00+00:00,7505.98,7506.98,7501.47,7504.86,792
2026-07-22T20:40:00+00:00,7504.86,7505.23,7502.98,7502.98,604
2026-07-22T20:45:00+00:00,7502.98,7504.73,7502.24,7502.97,392
2026-07-22T20:50:00+00:00,7502.97,7506.98,7502.97,7505.48,424
2026-07-22T20:55:00+00:00,7505.48,7505.48,7499.34,7499.34,1265
2026-07-22T22:00:00+00:00,7499.34,7499.34,7482.08,7483.58,1725
2026-07-22T22:05:00+00:00,7483.58,7484.82,7482.09,7483.58,912
2026-07-22T22:10:00+00:00,7483.58,7485.84,7482.96,7484.58,598
2026-07-22T22:15:00+00:00,7484.58,7485.71,7481.83,7484.21,481
2026-07-22T22:20:00+00:00,7484.21,7486.32,7483.57,7484.96,483
2026-07-22T22:25:00+00:00,7484.96,7485.59,7481.08,7481.59,309
2026-07-22T22:30:00+00:00,7481.59,7482.32,7480.59,7481.08,320
2026-07-22T22:35:00+00:00,7481.08,7481.82,7476.32,7476.59,423
2026-07-22T22:40:00+00:00,7476.59,7477.09,7475.19,7476.58,299
2026-07-22T22:45:00+00:00,7476.58,7479.59,7475.7,7479.59,423
2026-07-22T22:50:00+00:00,7479.59,7482.57,7479.32,7482.33,339
2026-07-22T22:55:00+00:00,7482.33,7483.59,7481.32,7481.58,211
2026-07-22T23:00:00+00:00,7481.58,7481.95,7476.32,7477.84,567
2026-07-22T23:05:00+00:00,7477.84,7478.59,7476.95,7477.34,314
2026-07-22T23:10:00+00:00,7477.34,7480.58,7477.19,7480.33,431
2026-07-22T23:15:00+00:00,7480.33,7480.34,7476.57,7477.08,258
2026-07-22T23:20:00+00:00,7477.08,7478.46,7476.94,7478.46,181
2026-07-22T23:25:00+00:00,7478.46,7479.33,7477.44,7478.69,202
2026-07-22T23:30:00+00:00,7478.69,7480.59,7478.69,7480.09,266
2026-07-22T23:35:00+00:00,7480.09,7481.45,7479.96,7481.08,231
2026-07-22T23:40:00+00:00,7481.08,7482.59,7481.08,7482.34,190
2026-07-22T23:45:00+00:00,7482.34,7487.58,7481.82,7486.21,787
2026-07-22T23:50:00+00:00,7486.21,7487.59,7485.33,7486.2,539
2026-07-22T23:55:00+00:00,7486.2,7489.59,7485.57,7489.59,572
2026-07-23T00:00:00+00:00,7489.59,7490.83,7486.95,7490.09,1851
2026-07-23T00:05:00+00:00,7490.09,7492.45,7490.07,7491.07,1589
2026-07-23T00:10:00+00:00,7491.07,7491.83,7488.57,7490.82,1058
2026-07-23T00:15:00+00:00,7490.82,7496.59,7489.34,7495.83,1329
2026-07-23T00:20:00+00:00,7495.83,7500.57,7495.83,7500.46,1068
2026-07-23T00:25:00+00:00,7500.46,7504.07,7499.7,7499.84,880
2026-07-23T00:30:00+00:00,7499.84,7502.59,7499.82,7502.34,935
2026-07-23T00:35:00+00:00,7502.34,7504.09,7501.7,7503.34,861
2026-07-23T00:40:00+00:00,7503.34,7505.34,7502.94,7503.83,751
2026-07-23T00:45:00+00:00,7503.83,7505.21,7503.07,7503.83,757
2026-07-23T00:50:00+00:00,7503.83,7508.59,7502.58,7507.32,859
2026-07-23T00:55:00+00:00,7507.32,7508.21,7505.83,7505.84,662
2026-07-23T01:00:00+00:00,7505.84,7508.83,7504.07,7507.59,1177
2026-07-23T01:05:00+00:00,7507.59,7508.59,7505.32,7506.08,811
2026-07-23T01:10:00+00:00,7506.08,7507.59,7505.96,7506.59,761
2026-07-23T01:15:00+00:00,7506.59,7507.19,7503.57,7503.57,765
2026-07-23T01:20:00+00:00,7503.57,7505.59,7503.08,7503.46,829
2026-07-23T01:25:00+00:00,7503.46,7504.71,7502.57,7503.08,734
2026-07-23T01:30:00+00:00,7503.08,7504.59,7499.84,7504.34,1450
2026-07-23T01:35:00+00:00,7504.34,7505.09,7500.32,7500.32,1160
2026-07-23T01:40:00+00:00,7500.32,7501.59,7498.32,7498.34,1257
2026-07-23T01:45:00+00:00,7498.34,7499.84,7497.59,7498.83,949
2026-07-23T01:50:00+00:00,7498.83,7501.59,7498.07,7500.71,1383
2026-07-23T01:55:00+00:00,7500.71,7501.57,7497.7,7497.83,982
2026-07-23T02:00:00+00:00,7497.83,7500.33,7496.58,7500.32,1345
2026-07-23T02:05:00+00:00,7500.32,7500.84,7498.32,7498.59,1028
2026-07-23T02:10:00+00:00,7498.59,7498.59,7495.09,7495.46,899
2026-07-23T02:15:00+00:00,7495.46,7496.34,7492.32,7492.82,976
2026-07-23T02:20:00+00:00,7492.82,7493.09,7489.84,7489.95,964
2026-07-23T02:25:00+00:00,7489.95,7490.59,7488.82,7490.08,965
2026-07-23T02:30:00+00:00,7490.08,7493.32,7489.57,7493.07,895
2026-07-23T02:35:00+00:00,7493.07,7493.08,7486.45,7487.19,640
2026-07-23T02:40:00+00:00,7487.19,7488.59,7486.07,7487.09,849
2026-07-23T02:45:00+00:00,7487.09,7489.33,7487.08,7487.08,658
2026-07-23T02:50:00+00:00,7487.08,7490.82,7486.58,7490.44,770
2026-07-23T02:55:00+00:00,7490.44,7490.83,7489.57,7490.09,656
2026-07-23T03:00:00+00:00,7490.09,7490.59,7487.58,7487.83,711
2026-07-23T03:05:00+00:00,7487.83,7488.57,7484.08,7485.08,559
2026-07-23T03:10:00+00:00,7485.08,7485.09,7480.82,7482.94,781
2026-07-23T03:15:00+00:00,7482.94,7483.59,7481.58,7483.59,567
2026-07-23T03:20:00+00:00,7483.59,7484.83,7482.57,7483.09,664
2026-07-23T03:25:00+00:00,7483.09,7484.34,7480.08,7484.34,656
2026-07-23T03:30:00+00:00,7484.34,7487.34,7481.83,7482.94,1563
2026-07-23T03:35:00+00:00,7482.94,7485.09,7482.34,7485.09,1068
2026-07-23T03:40:00+00:00,7485.09,7487.09,7484.57,7487.08,617
2026-07-23T03:45:00+00:00,7487.08,7487.84,7485.09,7487.57,712
2026-07-23T03:50:00+00:00,7487.57,7488.19,7486.19,7487.71,438
2026-07-23T03:55:00+00:00,7487.71,7488.07,7485.82,7486.08,521
2026-07-23T04:00:00+00:00,7486.08,7486.33,7483.32,7483.83,523
2026-07-23T04:05:00+00:00,7483.83,7484.84,7480.58,7483.09,911
2026-07-23T04:10:00+00:00,7483.09,7488.09,7482.82,7488.08,686
2026-07-23T04:15:00+00:00,7488.08,7488.83,7486.32,7486.57,731
2026-07-23T04:20:00+00:00,7486.57,7489.84,7486.57,7489.71,771
2026-07-23T04:25:00+00:00,7489.71,7492.84,7488.83,7491.32,824
2026-07-23T04:30:00+00:00,7491.32,7492.34,7489.59,7492.08,815
2026-07-23T04:35:00+00:00,7492.08,7492.34,7490.21,7492.09,670
2026-07-23T04:40:00+00:00,7492.09,7492.33,7489.07,7489.07,593
2026-07-23T04:45:00+00:00,7489.07,7490.84,7487.34,7487.34,650
2026-07-23T04:50:00+00:00,7487.34,7487.34,7484.94,7485.94,800
2026-07-23T04:55:00+00:00,7485.94,7487.08,7485.07,7486.57,681
2026-07-23T05:00:00+00:00,7486.57,7487.33,7484.45,7485.34,774
2026-07-23T05:05:00+00:00,7485.34,7486.07,7484.57,7485.33,771
2026-07-23T05:10:00+00:00,7485.33,7486.34,7483.32,7486.21,730
2026-07-23T05:15:00+00:00,7486.21,7486.21,7484.08,7485.19,606
2026-07-23T05:20:00+00:00,7485.19,7487.82,7483.57,7486.32,763
2026-07-23T05:25:00+00:00,7486.32,7492.82,7486.2,7492.82,884
2026-07-23T05:30:00+00:00,7492.82,7494.7,7492.32,7492.58,1166
2026-07-23T05:35:00+00:00,7492.58,7492.7,7488.32,7488.83,573
2026-07-23T05:40:00+00:00,7488.83,7490.59,7487.44,7489.07,742
2026-07-23T05:45:00+00:00,7489.07,7489.09,7484.32,7484.33,617
2026-07-23T05:50:00+00:00,7484.33,7485.2,7480.57,7480.57,807
2026-07-23T05:55:00+00:00,7480.57,7484.34,7480.57,7481.84,689
2026-07-23T06:00:00+00:00,7481.84,7485.58,7481.57,7483.84,973
2026-07-23T06:05:00+00:00,7483.84,7485.09,7481.07,7481.7,766
2026-07-23T06:10:00+00:00,7481.7,7484.33,7481.32,7483.58,711
2026-07-23T06:15:00+00:00,7483.58,7485.33,7482.57,7485.08,825
2026-07-23T06:20:00+00:00,7485.08,7485.84,7481.7,7482.84,656
2026-07-23T06:25:00+00:00,7482.84,7485.19,7482.84,7484.84,601
2026-07-23T06:30:00+00:00,7484.84,7485.59,7480.84,7481.82,749
2026-07-23T06:35:00+00:00,7481.82,7482.34,7480.69,7481.09,523
2026-07-23T06:40:00+00:00,7481.09,7481.59,7479.33,7479.33,348
2026-07-23T06:45:00+00:00,7479.33,7484.58,7479.33,7482.32,332
2026-07-23T06:50:00+00:00,7482.32,7482.59,7479.07,7480.19,481
2026-07-23T06:55:00+00:00,7480.19,7480.21,7478.57,7478.94,614
2026-07-23T07:00:00+00:00,7478.94,7479.32,7471.58,7474.08,1951
2026-07-23T07:05:00+00:00,7474.08,7475.09,7469.33,7469.34,1522
2026-07-23T07:10:00+00:00,7469.34,7469.59,7457.82,7464.2,2105
2026-07-23T07:15:00+00:00,7464.2,7468.33,7464.2,7467.83,1528
2026-07-23T07:20:00+00:00,7467.83,7470.59,7466.44,7466.58,1339
2026-07-23T07:25:00+00:00,7466.58,7472.46,7466.58,7468.59,1466
2026-07-23T07:30:00+00:00,7468.59,7469.34,7461.33,7462.21,1301
2026-07-23T07:35:00+00:00,7462.21,7464.59,7461.45,7462.58,1140
2026-07-23T07:40:00+00:00,7462.58,7462.84,7457.07,7457.71,1551
2026-07-23T07:45:00+00:00,7457.71,7457.71,7454.58,7456.58,1650
2026-07-23T07:50:00+00:00,7456.58,7460.09,7455.32,7459.21,1612
2026-07-23T07:55:00+00:00,7459.21,7463.59,7459.19,7463.59,1370
2026-07-23T08:00:00+00:00,7463.59,7464.57,7457.94,7462.19,2263
2026-07-23T08:05:00+00:00,7462.19,7471.08,7461.82,7471.08,1587
2026-07-23T08:10:00+00:00,7471.08,7471.94,7468.32,7470.32,1445
2026-07-23T08:15:00+00:00,7470.32,7474.46,7468.07,7472.82,1205
2026-07-23T08:20:00+00:00,7472.82,7473.84,7467.82,7469.08,1173
2026-07-23T08:25:00+00:00,7469.08,7473.09,7468.32,7472.59,1199
2026-07-23T08:30:00+00:00,7472.59,7473.58,7469.58,7472.07,1082
2026-07-23T08:35:00+00:00,7472.07,7472.59,7469.83,7470.21,903
2026-07-23T08:40:00+00:00,7470.21,7470.95,7467.19,7467.34,765
2026-07-23T08:45:00+00:00,7467.34,7470.33,7466.82,7469.58,767
2026-07-23T08:50:00+00:00,7469.58,7474.07,7468.82,7473.82,734
2026-07-23T08:55:00+00:00,7473.82,7478.59,7473.45,7477.83,606
2026-07-23T09:00:00+00:00,7477.83,7484.82,7476.07,7482.32,1381
2026-07-23T09:05:00+00:00,7482.32,7482.57,7477.33,7477.33,1073
2026-07-23T09:10:00+00:00,7477.33,7478.82,7474.44,7474.44,714
2026-07-23T09:15:00+00:00,7474.44,7476.21,7473.82,7474.09,638
2026-07-23T09:20:00+00:00,7474.09,7475.08,7472.46,7473.83,743
2026-07-23T09:25:00+00:00,7473.83,7474.32,7472.08,7472.95,607
2026-07-23T09:30:00+00:00,7472.95,7473.09,7469.32,7470.32,686
2026-07-23T09:35:00+00:00,7470.32,7471.59,7469.82,7471.33,598
2026-07-23T09:40:00+00:00,7471.33,7473.09,7470.57,7472.57,661
2026-07-23T09:45:00+00:00,7472.57,7474.34,7472.57,7472.7,676
2026-07-23T09:50:00+00:00,7472.7,7473.32,7469.57,7471.58,723
2026-07-23T09:55:00+00:00,7471.58,7472.34,7468.57,7470.34,761
2026-07-23T10:00:00+00:00,7470.34,7472.59,7469.07,7472.07,936
2026-07-23T10:05:00+00:00,7472.07,7473.44,7469.58,7470.08,922
2026-07-23T10:10:00+00:00,7470.08,7470.09,7467.69,7468.32,585
2026-07-23T10:15:00+00:00,7468.32,7470.82,7467.94,7469.58,872
2026-07-23T10:20:00+00:00,7469.58,7472.57,7469.07,7471.7,900
2026-07-23T10:25:00+00:00,7471.7,7473.58,7471.09,7471.57,800
2026-07-23T10:30:00+00:00,7471.57,7478.84,7470.83,7477.2,1482
2026-07-23T10:35:00+00:00,7477.2,7481.58,7477.07,7480.59,869
2026-07-23T10:40:00+00:00,7480.59,7483.09,7478.82,7479.84,804
2026-07-23T10:45:00+00:00,7479.84,7481.59,7479.32,7481.09,654
2026-07-23T10:50:00+00:00,7481.09,7481.34,7478.82,7479.57,727
2026-07-23T10:55:00+00:00,7479.57,7481.07,7478.83,7479.57,703
2026-07-23T11:00:00+00:00,7479.57,7480.94,7473.07,7473.84,1324
2026-07-23T11:05:00+00:00,7473.84,7473.84,7470.19,7470.33,1211
2026-07-23T11:10:00+00:00,7470.33,7473.34,7469.57,7473.08,801
2026-07-23T11:15:00+00:00,7473.08,7475.07,7471.08,7471.44,907
2026-07-23T11:20:00+00:00,7471.44,7471.59,7464.57,7465.33,967
2026-07-23T11:25:00+00:00,7465.33,7467.34,7462.57,7463.83,1179
2026-07-23T11:30:00+00:00,7463.83,7464.84,7458.83,7460.82,1199
2026-07-23T11:35:00+00:00,7460.82,7460.83,7450.32,7452.83,2186
2026-07-23T11:40:00+00:00,7452.83,7454.46,7449.32,7452.07,1567
2026-07-23T11:45:00+00:00,7452.07,7454.09,7449.94,7453.58,1553
2026-07-23T11:50:00+00:00,7453.58,7462.33,7453.57,7457.32,1949
2026-07-23T11:55:00+00:00,7457.32,7460.34,7456.07,7459.33,1160
2026-07-23T12:00:00+00:00,7459.33,7460.59,7456.32,7457.84,1240
2026-07-23T12:05:00+00:00,7457.84,7458.34,7452.83,7453.84,1194
2026-07-23T12:10:00+00:00,7453.84,7455.82,7451.57,7451.7,941
2026-07-23T12:15:00+00:00,7451.7,7456.08,7447.33,7447.57,2718
2026-07-23T12:20:00+00:00,7447.57,7448.34,7441.08,7442.34,1612
2026-07-23T12:25:00+00:00,7442.34,7443.32,7438.7,7440.71,1325
2026-07-23T12:30:00+00:00,7440.71,7441.58,7434.82,7437.08,2394
2026-07-23T12:35:00+00:00,7437.08,7437.59,7430.82,7432.84,2267
2026-07-23T12:40:00+00:00,7432.84,7432.84,7426.07,7429.82,2353
2026-07-23T12:45:00+00:00,7429.82,7430.84,7421.57,7427.45,2682
2026-07-23T12:50:00+00:00,7427.45,7430.07,7424.36,7426.32,2141
2026-07-23T12:55:00+00:00,7426.32,7428.34,7422.83,7425.07,1806
2026-07-23T13:00:00+00:00,7425.07,7427.09,7420.82,7422.08,2671
2026-07-23T13:05:00+00:00,7422.08,7423.33,7416.34,7417.07,2624
2026-07-23T13:10:00+00:00,7417.07,7418.59,7413.57,7417.58,2235
2026-07-23T13:15:00+00:00,7417.58,7417.84,7413.07,7415.84,1789
2026-07-23T13:20:00+00:00,7415.84,7416.09,7410.58,7410.58,1692
2026-07-23T13:25:00+00:00,7410.58,7413.57,7408.83,7412.82,2563
2026-07-23T13:30:00+00:00,7412.82,7433.39,7404.38,7432.87,7318
2026-07-23T13:35:00+00:00,7432.87,7438.38,7428.13,7433.87,4511
2026-07-23T13:40:00+00:00,7433.87,7445.51,7433.87,7437.89,4045
2026-07-23T13:45:00+00:00,7437.89,7439.62,7421.38,7423.64,5797
2026-07-23T13:50:00+00:00,7423.64,7429.14,7416.88,7428.89,6223
2026-07-23T13:55:00+00:00,7428.89,7432.14,7412.37,7415.14,5960
2026-07-23T14:00:00+00:00,7415.14,7425.63,7415.14,7422.87,9078
2026-07-23T14:05:00+00:00,7422.87,7428.89,7408.13,7412.88,8250
2026-07-23T14:10:00+00:00,7412.88,7425,7411.39,7416.14,9227
2026-07-23T14:15:00+00:00,7416.14,7423.12,7413.62,7414.37,7888
2026-07-23T14:20:00+00:00,7414.37,7423.89,7411.62,7413.39,6909
2026-07-23T14:25:00+00:00,7413.39,7418.63,7409.26,7417.39,5889
2026-07-23T14:30:00+00:00,7417.39,7419.39,7405.87,7409.13,6371
2026-07-23T14:35:00+00:00,7409.13,7424.64,7405.37,7423.37,6215
2026-07-23T14:40:00+00:00,7423.37,7425.89,7405.88,7408.13,6069
2026-07-23T14:45:00+00:00,7408.13,7414.14,7406.12,7407.37,5613
2026-07-23T14:50:00+00:00,7407.37,7410.12,7399.39,7401.14,4782
2026-07-23T14:55:00+00:00,7401.14,7405.12,7400.39,7402.87,4399
2026-07-23T15:00:00+00:00,7402.87,7404.39,7394.37,7396.12,4312
2026-07-23T15:05:00+00:00,7396.12,7396.14,7388.62,7390.64,4478
2026-07-23T15:10:00+00:00,7390.64,7393.38,7383.62,7385.62,3844
2026-07-23T15:15:00+00:00,7385.62,7392.14,7385.13,7391.37,4434
2026-07-23T15:20:00+00:00,7391.37,7396.13,7379.62,7386.13,4270
2026-07-23T15:25:00+00:00,7386.13,7386.63,7377.38,7378.12,3896
2026-07-23T15:30:00+00:00,7378.12,7383.24,7371.14,7383.14,4163
2026-07-23T15:35:00+00:00,7383.14,7393.89,7382.88,7392.88,4257
2026-07-23T15:40:00+00:00,7392.88,7396.13,7385.88,7385.89,3348
2026-07-23T15:45:00+00:00,7385.89,7389.14,7383.13,7388.37,3657
2026-07-23T15:50:00+00:00,7388.37,7392.64,7385.14,7392.62,3908
2026-07-23T15:55:00+00:00,7392.62,7398.39,7390.37,7397.64,2895
2026-07-23T16:00:00+00:00,7397.64,7402.39,7394.63,7399.75,3463
2026-07-23T16:05:00+00:00,7399.75,7403.89,7394.76,7403.89,3788
2026-07-23T16:10:00+00:00,7403.89,7407.63,7403.63,7405.39,3262
2026-07-23T16:15:00+00:00,7405.39,7407.64,7401.39,7404.87,2731
2026-07-23T16:20:00+00:00,7404.87,7416.12,7404.87,7414.12,2774
2026-07-23T16:25:00+00:00,7414.12,7415.63,7410.88,7414.14,2553
2026-07-23T16:30:00+00:00,7414.14,7414.14,7410.26,7410.88,2590
2026-07-23T16:35:00+00:00,7410.88,7416.62,7409.13,7416.39,2691
2026-07-23T16:40:00+00:00,7416.39,7416.63,7409.12,7409.12,2412
2026-07-23T16:45:00+00:00,7409.12,7409.12,7399.62,7399.62,3153
2026-07-23T16:50:00+00:00,7399.62,7402.88,7397.12,7399.38,3092
2026-07-23T16:55:00+00:00,7399.38,7406.64,7399.37,7406.12,3412
2026-07-23T17:00:00+00:00,7406.12,7408.89,7401.62,7401.63,3456
2026-07-23T17:05:00+00:00,7401.63,7404.38,7397.39,7404.13,3818
2026-07-23T17:10:00+00:00,7404.13,7407.89,7403.62,7405.38,3458
2026-07-23T17:15:00+00:00,7405.38,7408.64,7401.01,7404.51,3483
2026-07-23T17:20:00+00:00,7404.51,7409.64,7403.37,7409.14,3271
2026-07-23T17:25:00+00:00,7409.14,7411.25,7406.62,7406.89,2776
2026-07-23T17:30:00+00:00,7406.89,7407.37,7399.87,7400.37,3211
2026-07-23T17:35:00+00:00,7400.37,7400.63,7393.89,7395.64,3463
2026-07-23T17:40:00+00:00,7395.64,7398.38,7392.13,7396.64,3167
2026-07-23T17:45:00+00:00,7396.64,7402.63,7394.63,7401.38,3225
2026-07-23T17:50:00+00:00,7401.38,7401.99,7396.74,7396.74,2547
2026-07-23T17:55:00+00:00,7396.74,7396.74,7390.87,7391.38,2472
2026-07-23T18:00:00+00:00,7391.38,7392.64,7388.38,7389.37,3106
2026-07-23T18:05:00+00:00,7389.37,7391.14,7387.63,7388.37,2391
2026-07-23T18:10:00+00:00,7388.37,7393.39,7388.37,7389.38,2466
2026-07-23T18:15:00+00:00,7389.38,7393.24,7387.87,7389.62,2264
2026-07-23T18:20:00+00:00,7389.62,7394.14,7388.88,7393.87,2157
2026-07-23T18:25:00+00:00,7393.87,7394.64,7390.13,7394.12,2235
2026-07-23T18:30:00+00:00,7394.12,7396.5,7393.12,7395.89,2186
2026-07-23T18:35:00+00:00,7395.89,7396.88,7388.37,7389.38,2069
2026-07-23T18:40:00+00:00,7389.38,7390.13,7386.13,7388.25,1752
2026-07-23T18:45:00+00:00,7388.25,7394.64,7388.12,7393.13,1926
2026-07-23T18:50:00+00:00,7393.13,7393.64,7387.12,7387.13,1964
2026-07-23T18:55:00+00:00,7387.13,7390.64,7386.14,7390.38,1889
2026-07-23T19:00:00+00:00,7390.38,7394.13,7388,7388.14,1995
2026-07-23T19:05:00+00:00,7388.14,7389.88,7387.13,7387.64,1356
2026-07-23T19:10:00+00:00,7387.64,7388.89,7385.12,7386.39,1324
2026-07-23T19:15:00+00:00,7386.39,7391.87,7386.25,7390.14,1719
2026-07-23T19:20:00+00:00,7390.14,7396.87,7389.87,7396.87,2126
2026-07-23T19:25:00+00:00,7396.87,7399.64,7393.63,7395.37,2412
2026-07-23T19:30:00+00:00,7395.37,7397.89,7387.62,7392.12,2845
2026-07-23T19:35:00+00:00,7392.12,7392.89,7389.12,7389.62,1710
2026-07-23T19:40:00+00:00,7389.62,7390.64,7383.37,7383.37,2002
2026-07-23T19:45:00+00:00,7383.37,7384.89,7377.89,7380.13,2889
2026-07-23T19:50:00+00:00,7380.13,7389.63,7380.13,7387.88,4699
2026-07-23T19:55:00+00:00,7387.88,7406.87,7387.88,7402.14,5389
2026-07-23T20:00:00+00:00,7402.14,7415.34,7402.14,7412.07,5681
2026-07-23T20:05:00+00:00,7412.07,7412.46,7409.07,7409.94,2300
2026-07-23T20:10:00+00:00,7409.94,7414.34,7409.82,7412.34,1828
2026-07-23T20:15:00+00:00,7412.34,7416.07,7411.82,7414.59,1267
2026-07-23T20:20:00+00:00,7414.59,7416.7,7412.82,7416.59,789
2026-07-23T20:25:00+00:00,7416.59,7417.07,7413.84,7414.44,916
2026-07-23T20:30:00+00:00,7414.44,7417.34,7413.32,7415.71,1072
2026-07-23T20:35:00+00:00,7415.71,7417.07,7414.94,7415.84,477
2026-07-23T20:40:00+00:00,7415.84,7415.84,7411.83,7412.58,493
2026-07-23T20:45:00+00:00,7412.58,7412.95,7411.57,7412.09,321
2026-07-23T20:50:00+00:00,7412.09,7413.59,7411.57,7413.2,291
2026-07-23T20:55:00+00:00,7413.2,7415.56,7412.57,7415.17,416
2026-07-23T22:00:00+00:00,7415.17,7415.17,7405.43,7405.79,1613
2026-07-23T22:05:00+00:00,7405.79,7407.55,7405.28,7406.55,585
2026-07-23T22:10:00+00:00,7406.55,7406.55,7402.68,7404.42,473
2026-07-23T22:15:00+00:00,7404.42,7405.05,7402.92,7403.43,331
2026-07-23T22:20:00+00:00,7403.43,7409.3,7403.28,7408.41,655
2026-07-23T22:25:00+00:00,7408.41,7408.54,7405.91,7406.43,522
2026-07-23T22:30:00+00:00,7406.43,7409.66,7406.43,7407.78,454
2026-07-23T22:35:00+00:00,7407.78,7408.66,7405.91,7406.8,260
2026-07-23T22:40:00+00:00,7406.8,7408.43,7405.92,7408.18,271
2026-07-23T22:45:00+00:00,7408.18,7410.68,7407.92,7409.3,364
2026-07-23T22:50:00+00:00,7409.3,7410.55,7408.79,7410.28,286
2026-07-23T22:55:00+00:00,7410.28,7413.41,7410.28,7412.93,409
2026-07-23T23:00:00+00:00,7412.93,7413.41,7408.67,7408.93,559
2026-07-23T23:05:00+00:00,7408.93,7410.05,7408.16,7409.03,384
2026-07-23T23:10:00+00:00,7409.03,7409.16,7407.42,7408.93,214
2026-07-23T23:15:00+00:00,7408.93,7409.92,7407.78,7408.54,268
2026-07-23T23:20:00+00:00,7408.54,7409.79,7408.04,7408.93,198
2026-07-23T23:25:00+00:00,7408.93,7410.55,7408.43,7409.79,275
2026-07-23T23:30:00+00:00,7409.79,7410.03,7407.66,7409.54,244
2026-07-23T23:35:00+00:00,7409.54,7409.68,7406.68,7406.92,167
2026-07-23T23:40:00+00:00,7406.92,7409.68,7403.93,7408.42,720
2026-07-23T23:45:00+00:00,7408.42,7411.68,7407.16,7408.18,1733
2026-07-23T23:50:00+00:00,7408.18,7409.16,7404.67,7405.66,926
2026-07-23T23:55:00+00:00,7405.66,7410.18,7405.66,7408.53,875
2026-07-24T00:00:00+00:00,7408.53,7414.8,7406.92,7407.16,3127
2026-07-24T00:05:00+00:00,7407.16,7409.92,7404.18,7405.91,1842
2026-07-24T00:10:00+00:00,7405.91,7407.68,7403.17,7406.92,1635
2026-07-24T00:15:00+00:00,7406.92,7410.18,7404.18,7407.03,2076
2026-07-24T00:20:00+00:00,7407.03,7414.67,7405.8,7412.28,1948
2026-07-24T00:25:00+00:00,7412.28,7413.3,7409.3,7410.42,1429
2026-07-24T00:30:00+00:00,7410.42,7410.93,7406.93,7407.67,1423
2026-07-24T00:35:00+00:00,7407.67,7412.43,7406.66,7410.66,1249
2026-07-24T00:40:00+00:00,7410.66,7415.43,7410.54,7413.91,1233
2026-07-24T00:45:00+00:00,7413.91,7416.43,7413.16,7413.91,1434
2026-07-24T00:50:00+00:00,7413.91,7414.79,7409.43,7409.68,1251
2026-07-24T00:55:00+00:00,7409.68,7414.3,7408.17,7413.91,1223
2026-07-24T01:00:00+00:00,7413.91,7416.18,7412.16,7415.43,1919
2026-07-24T01:05:00+00:00,7415.43,7416.78,7414.41,7414.91,1591
2026-07-24T01:10:00+00:00,7414.91,7415.68,7412.17,7412.67,1129
2026-07-24T01:15:00+00:00,7412.67,7415.05,7411.42,7413.42,1256
2026-07-24T01:20:00+00:00,7413.42,7414.03,7410.67,7412.3,1147
2026-07-24T01:25:00+00:00,7412.3,7417.17,7412.28,7412.93,1206
2026-07-24T01:30:00+00:00,7412.93,7417.43,7411.92,7416.91,1549
2026-07-24T01:35:00+00:00,7416.91,7417.42,7414.16,7414.17,1377
2026-07-24T01:40:00+00:00,7414.17,7418.68,7413.28,7416.42,1187
2026-07-24T01:45:00+00:00,7416.42,7416.68,7413.18,7413.18,1065
2026-07-24T01:50:00+00:00,7413.18,7413.93,7411.29,7413.54,1090
2026-07-24T01:55:00+00:00,7413.54,7414.67,7409.91,7410.42,1137
2026-07-24T02:00:00+00:00,7410.42,7411.17,7408.92,7409.16,1237
2026-07-24T02:05:00+00:00,7409.16,7410.67,7407.91,7410.67,868
2026-07-24T02:10:00+00:00,7410.67,7412.93,7410.17,7411.16,1280
2026-07-24T02:15:00+00:00,7411.16,7411.68,7409.17,7409.66,912
2026-07-24T02:20:00+00:00,7409.66,7410.91,7407.54,7410.55,919
2026-07-24T02:25:00+00:00,7410.55,7412.18,7409.16,7409.66,1015
2026-07-24T02:30:00+00:00,7409.66,7409.68,7405.16,7405.43,1197
2026-07-24T02:35:00+00:00,7405.43,7405.68,7402.41,7402.66,702
2026-07-24T02:40:00+00:00,7402.66,7403.68,7402.16,7402.16,823
2026-07-24T02:45:00+00:00,7402.16,7402.55,7399.67,7400.42,1148
2026-07-24T02:50:00+00:00,7400.42,7401.93,7399.66,7399.68,869
2026-07-24T02:55:00+00:00,7399.68,7401.91,7398.92,7398.92,868
2026-07-24T03:00:00+00:00,7398.92,7401.68,7398.68,7401.18,867
2026-07-24T03:05:00+00:00,7401.18,7402.43,7399.03,7399.41,766
2026-07-24T03:10:00+00:00,7399.41,7402.18,7398.93,7401.17,952
2026-07-24T03:15:00+00:00,7401.17,7403.18,7400.41,7400.41,1006
2026-07-24T03:20:00+00:00,7400.41,7401.93,7399.66,7400.17,791
2026-07-24T03:25:00+00:00,7400.17,7403.43,7399.91,7401.67,1099
2026-07-24T03:30:00+00:00,7401.67,7402.92,7397.78,7399.41,1363
2026-07-24T03:35:00+00:00,7399.41,7401.67,7398.41,7400.17,1256
2026-07-24T03:40:00+00:00,7400.17,7400.67,7397.91,7398.43,977
2026-07-24T03:45:00+00:00,7398.43,7400.91,7397.17,7399.18,930
2026-07-24T03:50:00+00:00,7399.18,7399.66,7397.66,7397.93,807
2026-07-24T03:55:00+00:00,7397.93,7397.93,7396.41,7396.93,575
2026-07-24T04:00:00+00:00,7396.93,7397.68,7394.91,7395.91,616
2026-07-24T04:05:00+00:00,7395.91,7400.67,7395.91,7400.18,1092
2026-07-24T04:10:00+00:00,7400.18,7400.42,7396.16,7396.66,642
2026-07-24T04:15:00+00:00,7396.66,7399.66,7396.42,7399.16,646
2026-07-24T04:20:00+00:00,7399.16,7402.18,7396.67,7401.66,714
2026-07-24T04:25:00+00:00,7401.66,7404.18,7400.66,7403.92,1086
2026-07-24T04:30:00+00:00,7403.92,7404.18,7401.17,7402.03,768
2026-07-24T04:35:00+00:00,7402.03,7403.04,7399.66,7399.92,676
2026-07-24T04:40:00+00:00,7399.92,7400.41,7397.16,7399.42,775
2026-07-24T04:45:00+00:00,7399.42,7400.43,7397.91,7398.93,766
2026-07-24T04:50:00+00:00,7398.93,7402.3,7398.53,7401.04,832
2026-07-24T04:55:00+00:00,7401.04,7403.17,7400.66,7402.93,802
2026-07-24T05:00:00+00:00,7402.93,7404.16,7400.92,7403.16,917
2026-07-24T05:05:00+00:00,7403.16,7407.67,7403.04,7405.43,1126
2026-07-24T05:10:00+00:00,7405.43,7406.43,7403.92,7405.41,801
2026-07-24T05:15:00+00:00,7405.41,7406.43,7403.91,7405.55,1144
2026-07-24T05:20:00+00:00,7405.55,7407.42,7404.66,7406.67,933
2026-07-24T05:25:00+00:00,7406.67,7408.18,7405.91,7406.43,788
2026-07-24T05:30:00+00:00,7406.43,7407.68,7404.66,7406.42,1024
2026-07-24T05:35:00+00:00,7406.42,7407.17,7404.16,7406.17,730
2026-07-24T05:40:00+00:00,7406.17,7407.68,7404.16,7407.29,818
2026-07-24T05:45:00+00:00,7407.29,7409.68,7406.78,7407.43,700
2026-07-24T05:50:00+00:00,7407.43,7407.93,7403.17,7403.17,727
2026-07-24T05:55:00+00:00,7403.17,7403.68,7401.66,7401.67,808
2026-07-24T06:00:00+00:00,7401.67,7402.41,7398.41,7398.93,898
2026-07-24T06:05:00+00:00,7398.93,7399.18,7397.16,7398.16,826
2026-07-24T06:10:00+00:00,7398.16,7399.67,7396.16,7397.18,861
2026-07-24T06:15:00+00:00,7397.18,7403.18,7396.66,7402.92,834
2026-07-24T06:20:00+00:00,7402.92,7405.68,7402.91,7404.66,1135
2026-07-24T06:25:00+00:00,7404.66,7406.92,7399.66,7401.41,1214
2026-07-24T06:30:00+00:00,7401.41,7402.03,7399.53,7401.91,1089
2026-07-24T06:35:00+00:00,7401.91,7404.67,7400.91,7401.42,877
2026-07-24T06:40:00+00:00,7401.42,7401.92,7396.93,7397.17,471
2026-07-24T06:45:00+00:00,7397.17,7397.3,7393.41,7394.16,763
2026-07-24T06:50:00+00:00,7394.16,7398.66,7393.91,7398.16,849
2026-07-24T06:55:00+00:00,7398.16,7403.03,7397.16,7402.16,1006
2026-07-24T07:00:00+00:00,7402.16,7408.79,7401.53,7406.68,2194
2026-07-24T07:05:00+00:00,7406.68,7411.92,7405.67,7411.66,1133
2026-07-24T07:10:00+00:00,7411.66,7415.67,7411.66,7415.42,1551
2026-07-24T07:15:00+00:00,7415.42,7419.18,7413.92,7418.68,1793
2026-07-24T07:20:00+00:00,7418.68,7420.17,7416.91,7417.66,1191
2026-07-24T07:25:00+00:00,7417.66,7422.18,7417.42,7421.41,949
2026-07-24T07:30:00+00:00,7421.41,7422.68,7418.41,7419.55,1355
2026-07-24T07:35:00+00:00,7419.55,7420.93,7417.41,7417.92,865
2026-07-24T07:40:00+00:00,7417.92,7418.18,7414.16,7416.41,941
2026-07-24T07:45:00+00:00,7416.41,7417.43,7415.17,7417.05,920
2026-07-24T07:50:00+00:00,7417.05,7417.91,7415.18,7417.03,964
2026-07-24T07:55:00+00:00,7417.03,7418.17,7415.67,7415.92,600
2026-07-24T08:00:00+00:00,7415.92,7416.16,7411.92,7412.68,1668
2026-07-24T08:05:00+00:00,7412.68,7413.42,7409.41,7411.53,1459
2026-07-24T08:10:00+00:00,7411.53,7412.54,7408.78,7410.91,1443
2026-07-24T08:15:00+00:00,7410.91,7414.68,7410.42,7413.16,1443
2026-07-24T08:20:00+00:00,7413.16,7414.42,7412.04,7412.42,1319
2026-07-24T08:25:00+00:00,7412.42,7418.68,7411.16,7418.18,1221
2026-07-24T08:30:00+00:00,7418.18,7420.79,7416.79,7419.43,1328
2026-07-24T08:35:00+00:00,7419.43,7421.43,7418.16,7419.41,943
2026-07-24T08:40:00+00:00,7419.41,7419.93,7416.91,7418.78,900
2026-07-24T08:45:00+00:00,7418.78,7419.28,7415.66,7417.41,754
2026-07-24T08:50:00+00:00,7417.41,7418.42,7415.66,7417.17,818
2026-07-24T08:55:00+00:00,7417.17,7418.05,7415.91,7416.92,878
2026-07-24T09:00:00+00:00,7416.92,7418.68,7415.78,7416.68,1211
2026-07-24T09:05:00+00:00,7416.68,7424.43,7416.16,7424.17,1063
2026-07-24T09:10:00+00:00,7424.17,7424.67,7418.41,7419.16,911
2026-07-24T09:15:00+00:00,7419.16,7420.68,7417.41,7419.67,899
2026-07-24T09:20:00+00:00,7419.67,7423.18,7419.41,7422.41,885
2026-07-24T09:25:00+00:00,7422.41,7424.43,7422.16,7423.17,918
2026-07-24T09:30:00+00:00,7423.17,7425.17,7421.66,7425.17,949
2026-07-24T09:35:00+00:00,7425.17,7425.67,7423.93,7425.18,694
2026-07-24T09:40:00+00:00,7425.18,7426.67,7424.66,7425.66,652
2026-07-24T09:45:00+00:00,7425.66,7426.92,7423.91,7423.91,703
2026-07-24T09:50:00+00:00,7423.91,7425.43,7423.42,7423.68,613
2026-07-24T09:55:00+00:00,7423.68,7425.93,7423.66,7425.43,463
2026-07-24T10:00:00+00:00,7425.43,7426.43,7422.67,7422.92,745
2026-07-24T10:05:00+00:00,7422.92,7423.92,7419.91,7420.67,609
2026-07-24T10:10:00+00:00,7420.67,7421.41,7419.53,7420.93,433
2026-07-24T10:15:00+00:00,7420.93,7421.67,7419.91,7421.17,478
2026-07-24T10:20:00+00:00,7421.17,7421.68,7419.8,7421.18,457
2026-07-24T10:25:00+00:00,7421.18,7422.41,7418.66,7421.17,610
2026-07-24T10:30:00+00:00,7421.17,7423.93,7420.91,7421.03,613
2026-07-24T10:35:00+00:00,7421.03,7421.17,7418.41,7419.17,653
2026-07-24T10:40:00+00:00,7419.17,7420.43,7418.68,7420.28,584
2026-07-24T10:45:00+00:00,7420.28,7421.18,7419.41,7420.67,535
2026-07-24T10:50:00+00:00,7420.67,7420.68,7417.66,7418.17,709
2026-07-24T10:55:00+00:00,7418.17,7420.18,7417.55,7417.93,767
2026-07-24T11:00:00+00:00,7417.93,7422.18,7417.66,7420.66,1535
2026-07-24T11:05:00+00:00,7420.66,7422.43,7419.16,7419.67,1132
2026-07-24T11:10:00+00:00,7419.67,7420.68,7418.91,7420.43,737
2026-07-24T11:15:00+00:00,7420.43,7421.93,7419.91,7420.93,673
2026-07-24T11:20:00+00:00,7420.93,7421.66,7418.43,7420.43,718
2026-07-24T11:25:00+00:00,7420.43,7420.66,7418.16,7419.18,754
2026-07-24T11:30:00+00:00,7419.18,7419.93,7416.42,7416.66,847
2026-07-24T11:35:00+00:00,7416.66,7420.17,7415.66,7416.78,1257
2026-07-24T11:40:00+00:00,7416.78,7416.92,7414.66,7414.66,1006
2026-07-24T11:45:00+00:00,7414.66,7416.68,7413.55,7416.04,1077
2026-07-24T11:50:00+00:00,7416.04,7417.93,7415.66,7415.67,822
2026-07-24T11:55:00+00:00,7415.67,7428.05,7412.78,7424.67,2851
2026-07-24T12:00:00+00:00,7424.67,7424.93,7417.67,7420.43,2987
2026-07-24T12:05:00+00:00,7420.43,7423.91,7417.16,7423.17,1592
2026-07-24T12:10:00+00:00,7423.17,7427.18,7422.18,7426.17,1152
2026-07-24T12:15:00+00:00,7426.17,7427.05,7423.92,7424.67,1342
2026-07-24T12:20:00+00:00,7424.67,7426.92,7422.66,7425.91,1029
2026-07-24T12:25:00+00:00,7425.91,7426.68,7420.18,7425.43,1129
2026-07-24T12:30:00+00:00,7425.43,7425.91,7418.66,7419.17,1121
2026-07-24T12:35:00+00:00,7419.17,7421.93,7418.42,7419.42,1131
2026-07-24T12:40:00+00:00,7419.42,7419.68,7414.67,7415.17,999
2026-07-24T12:45:00+00:00,7415.17,7415.93,7412.93,7414.68,866
2026-07-24T12:50:00+00:00,7414.68,7415.17,7412.16,7412.67,833
2026-07-24T12:55:00+00:00,7412.67,7412.78,7408.67,7409.66,1125
2026-07-24T13:00:00+00:00,7409.66,7410.93,7407.91,7409.66,1325
2026-07-24T13:05:00+00:00,7409.66,7410.18,7406.17,7408.68,908
2026-07-24T13:10:00+00:00,7408.68,7410.68,7408.16,7409.66,737
2026-07-24T13:15:00+00:00,7409.66,7412.68,7408.91,7411.66,975
2026-07-24T13:20:00+00:00,7411.66,7412.43,7407.92,7410.93,870
2026-07-24T13:25:00+00:00,7410.93,7412.42,7403.41,7403.41,2212
2026-07-24T13:30:00+00:00,7403.41,7412.73,7401.97,7410.71,7141
2026-07-24T13:35:00+00:00,7410.71,7414.48,7406.71,7409.09,6294
2026-07-24T13:40:00+00:00,7409.09,7409.71,7404.72,7406.08,5505
2026-07-24T13:45:00+00:00,7406.08,7416.72,7403.95,7416.22,6511
2026-07-24T13:50:00+00:00,7416.22,7416.46,7394.71,7396.23,7308
2026-07-24T13:55:00+00:00,7396.23,7399.96,7392.23,7393.09,5761
2026-07-24T14:00:00+00:00,7393.09,7404.72,7391.09,7395.48,7049
2026-07-24T14:05:00+00:00,7395.48,7412.83,7394.97,7410.71,7027
2026-07-24T14:10:00+00:00,7410.71,7417.22,7406.23,7413.48,6371
2026-07-24T14:15:00+00:00,7413.48,7415.22,7398.09,7403.22,6186
2026-07-24T14:20:00+00:00,7403.22,7417.83,7399.47,7413.46,6059
2026-07-24T14:25:00+00:00,7413.46,7414.98,7407.72,7409.72,5990
2026-07-24T14:30:00+00:00,7409.72,7410.46,7401.47,7401.47,5830
2026-07-24T14:35:00+00:00,7401.47,7406.35,7397.35,7398.73,5541
2026-07-24T14:40:00+00:00,7398.73,7401.98,7396.71,7397.23,5958
2026-07-24T14:45:00+00:00,7397.23,7403.85,7392.47,7403.73,5172
2026-07-24T14:50:00+00:00,7403.73,7411.48,7403.73,7408.48,4359
2026-07-24T14:55:00+00:00,7408.48,7425.23,7408.46,7424.71,4843
2026-07-24T15:00:00+00:00,7424.71,7428.22,7420.97,7420.97,5694
2026-07-24T15:05:00+00:00,7420.97,7424.97,7415.21,7415.47,4483
2026-07-24T15:10:00+00:00,7415.47,7440.73,7414.46,7437.6,8138
2026-07-24T15:15:00+00:00,7437.6,7448.98,7432.35,7433.59,8292
2026-07-24T15:20:00+00:00,7433.59,7445.48,7433.08,7442.59,5621
2026-07-24T15:25:00+00:00,7442.59,7450.23,7442.23,7444.73,4469
2026-07-24T15:30:00+00:00,7444.73,7447.72,7439.47,7439.47,4606
2026-07-24T15:35:00+00:00,7439.47,7450.48,7439.21,7449.97,4015
2026-07-24T15:40:00+00:00,7449.97,7451.46,7438.98,7441.47,3609
2026-07-24T15:45:00+00:00,7441.47,7445.23,7439.47,7439.96,3182
2026-07-24T15:50:00+00:00,7439.96,7446.48,7439.96,7444.46,3198
2026-07-24T15:55:00+00:00,7444.46,7449.71,7443.96,7449.22,2515
2026-07-24T16:00:00+00:00,7449.22,7451.23,7445.48,7450.97,2704
2026-07-24T16:05:00+00:00,7450.97,7454.47,7448.48,7451.97,2457
2026-07-24T16:10:00+00:00,7451.97,7455.97,7447.71,7448.73,2530
2026-07-24T16:15:00+00:00,7448.73,7451.98,7447.21,7450.47,2372
2026-07-24T16:20:00+00:00,7450.47,7453.98,7449.97,7452.73,2192
2026-07-24T16:25:00+00:00,7452.73,7454.73,7450.73,7450.73,2034
2026-07-24T16:30:00+00:00,7450.73,7451.23,7442.47,7443.97,2650
2026-07-24T16:35:00+00:00,7443.97,7446.23,7440.98,7441.47,2263
2026-07-24T16:40:00+00:00,7441.47,7441.47,7435.21,7435.22,3023
2026-07-24T16:45:00+00:00,7435.22,7436.98,7427.97,7430.47,3352
2026-07-24T16:50:00+00:00,7430.47,7430.98,7425.97,7428.98,3540
2026-07-24T16:55:00+00:00,7428.98,7435.98,7427.21,7433.21,2977
2026-07-24T17:00:00+00:00,7433.21,7434.48,7428.85,7430.21,2639
2026-07-24T17:05:00+00:00,7430.21,7431.73,7422.22,7422.47,3908
2026-07-24T17:10:00+00:00,7422.47,7429.21,7420.96,7427.98,2785
2026-07-24T17:15:00+00:00,7427.98,7433.48,7425.21,7432.97,2676
2026-07-24T17:20:00+00:00,7432.97,7433.48,7427.84,7431.73,2456
2026-07-24T17:25:00+00:00,7431.73,7436.98,7428.71,7435.97,2229
2026-07-24T17:30:00+00:00,7435.97,7440.23,7433.97,7439.98,2363
2026-07-24T17:35:00+00:00,7439.98,7440.22,7433.22,7433.98,1960
2026-07-24T17:40:00+00:00,7433.98,7434.22,7429.46,7429.47,2211
2026-07-24T17:45:00+00:00,7429.47,7432.48,7427.97,7431.97,1918
2026-07-24T17:50:00+00:00,7431.97,7434.22,7428.46,7431.46,2105
2026-07-24T17:55:00+00:00,7431.46,7432.72,7428.47,7428.47,2078
2026-07-24T18:00:00+00:00,7428.47,7431.47,7426.71,7427.48,2145
2026-07-24T18:05:00+00:00,7427.48,7431.48,7425.95,7428.73,2025
2026-07-24T18:10:00+00:00,7428.73,7429.6,7423.72,7424.72,1738
2026-07-24T18:15:00+00:00,7424.72,7425.23,7420.22,7420.73,1858
2026-07-24T18:20:00+00:00,7420.73,7420.73,7415.96,7416.73,2901
2026-07-24T18:25:00+00:00,7416.73,7417.33,7408.48,7408.97,3073
2026-07-24T18:30:00+00:00,7408.97,7409.98,7398.97,7400.23,3913
2026-07-24T18:35:00+00:00,7400.23,7404.73,7396.71,7400.98,4211
2026-07-24T18:40:00+00:00,7400.98,7400.98,7395.21,7397.21,3406
2026-07-24T18:45:00+00:00,7397.21,7405.48,7396.47,7401.48,3100
2026-07-24T18:50:00+00:00,7401.48,7403.71,7398.98,7400.73,2777
2026-07-24T18:55:00+00:00,7400.73,7405.85,7399.96,7402.71,2758
2026-07-24T19:00:00+00:00,7402.71,7407.73,7400.97,7401.73,3316
2026-07-24T19:05:00+00:00,7401.73,7405.23,7394.47,7394.96,3451
2026-07-24T19:10:00+00:00,7394.96,7401.22,7393.72,7395.22,2882
2026-07-24T19:15:00+00:00,7395.22,7396.98,7393.23,7396.98,3001
2026-07-24T19:20:00+00:00,7396.98,7398.98,7391.97,7393.23,2951
2026-07-24T19:25:00+00:00,7393.23,7397.23,7391.96,7395.35,2634
2026-07-24T19:30:00+00:00,7395.35,7402.23,7395.35,7399.73,3508
2026-07-24T19:35:00+00:00,7399.73,7405.46,7398.71,7399.98,3465
2026-07-24T19:40:00+00:00,7399.98,7401.98,7396.71,7401.72,2485
2026-07-24T19:45:00+00:00,7401.72,7403.21,7396.48,7402.34,2549
2026-07-24T19:50:00+00:00,7402.34,7404.71,7395.21,7403.71,3261
2026-07-24T19:55:00+00:00,7403.71,7409.71,7399.47,7407.58,3353
2026-07-24T20:00:00+00:00,7407.58,7408.42,7402.41,7404.03,2222
2026-07-24T20:05:00+00:00,7404.03,7404.17,7401.41,7403.18,992
2026-07-24T20:10:00+00:00,7403.18,7405.91,7401.17,7404.41,1226
2026-07-24T20:15:00+00:00,7404.41,7407.68,7404.41,7406.16,825
2026-07-24T20:20:00+00:00,7406.16,7409.43,7406.16,7406.43,466
2026-07-24T20:25:00+00:00,7406.43,7407.68,7403.16,7403.18,529
2026-07-24T20:30:00+00:00,7403.18,7403.93,7398.91,7400.41,690
2026-07-24T20:35:00+00:00,7400.41,7402.92,7400.41,7401.41,480
2026-07-24T20:40:00+00:00,7401.41,7404.01,7400.43,7404.01,280
2026-07-26T22:00:00+00:00,7404.01,7469.99,7404.01,7457.14,1614
2026-07-26T22:05:00+00:00,7457.14,7461.13,7451.88,7454.24,804
2026-07-26T22:10:00+00:00,7454.24,7455.86,7451.65,7455.61,517
2026-07-26T22:15:00+00:00,7455.61,7458.24,7453.13,7457.48,617
2026-07-26T22:20:00+00:00,7457.48,7458.24,7455.87,7456.37,434
2026-07-26T22:25:00+00:00,7456.37,7456.87,7454.61,7456.37,378
2026-07-26T22:30:00+00:00,7456.37,7457.87,7455.61,7457.86,647
2026-07-26T22:35:00+00:00,7457.86,7460.13,7457.38,7458.25,552
2026-07-26T22:40:00+00:00,7458.25,7458.63,7456.62,7456.86,399
2026-07-26T22:45:00+00:00,7456.86,7456.86,7454.11,7454.61,297
2026-07-26T22:50:00+00:00,7454.61,7456.38,7454.11,7454.73,341
2026-07-26T22:55:00+00:00,7454.73,7455.63,7452.61,7453.36,433
2026-07-26T23:00:00+00:00,7453.36,7456.11,7452.63,7456.11,747
2026-07-26T23:05:00+00:00,7456.11,7459.88,7455.37,7459.88,614
2026-07-26T23:10:00+00:00,7459.88,7460.38,7459.12,7460.11,227
2026-07-26T23:15:00+00:00,7460.11,7461.74,7459.62,7459.86,512
2026-07-26T23:20:00+00:00,7459.86,7460.87,7458.86,7458.86,192
2026-07-26T23:25:00+00:00,7458.86,7461.13,7458.86,7460.11,339
2026-07-26T23:30:00+00:00,7460.11,7464.38,7459.87,7463.86,353
2026-07-26T23:35:00+00:00,7463.86,7464.38,7462.38,7462.74,239
2026-07-26T23:40:00+00:00,7462.74,7466.87,7462.61,7465.88,347
2026-07-26T23:45:00+00:00,7465.88,7470.36,7463.36,7470.12,1127
2026-07-26T23:50:00+00:00,7470.12,7472.88,7469.11,7469.62,728
2026-07-26T23:55:00+00:00,7469.62,7473.63,7467.61,7472.62,804
2026-07-27T00:00:00+00:00,7472.62,7473.37,7463.23,7463.23,1606
2026-07-27T00:05:00+00:00,7463.23,7467.37,7462.37,7466.13,1605
2026-07-27T00:10:00+00:00,7466.13,7471.37,7464.36,7470.63,1715
2026-07-27T00:15:00+00:00,7470.63,7470.74,7458.86,7460.13,1814
2026-07-27T00:20:00+00:00,7460.13,7461.36,7457.86,7460.61,1437
2026-07-27T00:25:00+00:00,7460.61,7463.38,7459.62,7461.38,1528
2026-07-27T00:30:00+00:00,7461.38,7463.62,7460.36,7462.37,1705
2026-07-27T00:35:00+00:00,7462.37,7462.63,7457.62,7458.13,1243
2026-07-27T00:40:00+00:00,7458.13,7458.13,7456.11,7456.11,955
2026-07-27T00:45:00+00:00,7456.11,7458.62,7456.11,7457.12,1293
2026-07-27T00:50:00+00:00,7457.12,7460.88,7455.63,7457.12,1157
2026-07-27T00:55:00+00:00,7457.12,7457.25,7453.87,7454.11,1126
2026-07-27T01:00:00+00:00,7454.11,7458,7453.37,7453.49,1789
2026-07-27T01:05:00+00:00,7453.49,7457.88,7453.11,7455.86,1209
2026-07-27T01:10:00+00:00,7455.86,7456.13,7451.62,7452.61,951
2026-07-27T01:15:00+00:00,7452.61,7454.11,7450.75,7450.75,1272
2026-07-27T01:20:00+00:00,7450.75,7452.38,7448.61,7451.75,852
2026-07-27T01:25:00+00:00,7451.75,7451.88,7449.86,7451.25,951
2026-07-27T01:30:00+00:00,7451.25,7457.88,7451.11,7455.62,1308
2026-07-27T01:35:00+00:00,7455.62,7459.63,7452.86,7458.87,1454
2026-07-27T01:40:00+00:00,7458.87,7460.88,7455.86,7457.37,1456
2026-07-27T01:45:00+00:00,7457.37,7459.63,7455.74,7458.36,1168
2026-07-27T01:50:00+00:00,7458.36,7458.86,7455,7457.13,1303
2026-07-27T01:55:00+00:00,7457.13,7459.63,7456.62,7459.61,1143
2026-07-27T02:00:00+00:00,7459.61,7461.38,7458.48,7458.88,1273
2026-07-27T02:05:00+00:00,7458.88,7460.63,7457.36,7460.36,1188
2026-07-27T02:10:00+00:00,7460.36,7460.88,7458.12,7459.88,1003
2026-07-27T02:15:00+00:00,7459.88,7462.38,7459.61,7461.62,951
2026-07-27T02:20:00+00:00,7461.62,7462.13,7459.11,7461.11,819
2026-07-27T02:25:00+00:00,7461.11,7463.38,7460.86,7461.73,553
2026-07-27T02:30:00+00:00,7461.73,7461.73,7458.24,7459.63,784
2026-07-27T02:35:00+00:00,7459.63,7463.62,7458.86,7463.36,836
2026-07-27T02:40:00+00:00,7463.36,7463.61,7462.11,7462.63,564
2026-07-27T02:45:00+00:00,7462.63,7463.87,7460.11,7460.62,508
2026-07-27T02:50:00+00:00,7460.62,7461.38,7459.61,7460.63,432
2026-07-27T02:55:00+00:00,7460.63,7461.63,7460.12,7460.86,473
2026-07-27T03:00:00+00:00,7460.86,7464.13,7460.36,7460.99,698
2026-07-27T03:05:00+00:00,7460.99,7463.11,7460.87,7461.36,476
2026-07-27T03:10:00+00:00,7461.36,7464.62,7460.86,7464.36,523
2026-07-27T03:15:00+00:00,7464.36,7464.88,7463.61,7464.62,399
2026-07-27T03:20:00+00:00,7464.62,7464.88,7462.88,7462.88,401
2026-07-27T03:25:00+00:00,7462.88,7464.38,7461.98,7462.12,385
2026-07-27T03:30:00+00:00,7462.12,7462.38,7459.86,7461.37,830
2026-07-27T03:35:00+00:00,7461.37,7461.61,7460.23,7460.63,615
2026-07-27T03:40:00+00:00,7460.63,7463.63,7460.36,7461.87,557
2026-07-27T03:45:00+00:00,7461.87,7462.63,7460.11,7460.62,620
2026-07-27T03:50:00+00:00,7460.62,7461.63,7460.11,7461.11,471
2026-07-27T03:55:00+00:00,7461.11,7462.5,7459.36,7461.13,641
2026-07-27T04:00:00+00:00,7461.13,7463.38,7461.13,7461.99,764
2026-07-27T04:05:00+00:00,7461.99,7463.13,7460.37,7461.49,724
2026-07-27T04:10:00+00:00,7461.49,7463.37,7460.98,7463.23,678
2026-07-27T04:15:00+00:00,7463.23,7464.87,7461.73,7464.37,519
2026-07-27T04:20:00+00:00,7464.37,7465.37,7463.12,7463.36,501
2026-07-27T04:25:00+00:00,7463.36,7464.38,7461.11,7463,638
2026-07-27T04:30:00+00:00,7463,7465.36,7461.37,7464.87,573
2026-07-27T04:35:00+00:00,7464.87,7465.87,7464.23,7465.37,348
2026-07-27T04:40:00+00:00,7465.37,7467.12,7465.11,7466.87,475
2026-07-27T04:45:00+00:00,7466.87,7467.38,7465.61,7465.87,414
2026-07-27T04:50:00+00:00,7465.87,7468.13,7465.62,7468.11,441
2026-07-27T04:55:00+00:00,7468.11,7468.38,7466.12,7466.13,262
2026-07-27T05:00:00+00:00,7466.13,7467.63,7465.61,7466.87,550
2026-07-27T05:05:00+00:00,7466.87,7469.13,7466.61,7468.88,424
2026-07-27T05:10:00+00:00,7468.88,7471.12,7468.86,7470.37,394
2026-07-27T05:15:00+00:00,7470.37,7471.63,7469.62,7470.73,361
2026-07-27T05:20:00+00:00,7470.73,7471.63,7470.62,7471.11,276
2026-07-27T05:25:00+00:00,7471.11,7471.87,7470.61,7471.87,368
2026-07-27T05:30:00+00:00,7471.87,7473.13,7470.86,7472.36,503
2026-07-27T05:35:00+00:00,7472.36,7475.99,7472.12,7475.24,376
2026-07-27T05:40:00+00:00,7475.24,7475.62,7472.87,7473.87,429
2026-07-27T05:45:00+00:00,7473.87,7475.12,7473.62,7475.12,413
2026-07-27T05:50:00+00:00,7475.12,7476.37,7474.36,7476.11,442
2026-07-27T05:55:00+00:00,7476.11,7476.63,7475.37,7475.87,363
2026-07-27T06:00:00+00:00,7475.87,7479.87,7475.87,7478.36,957
2026-07-27T06:05:00+00:00,7478.36,7480.87,7478.13,7480.75,538
2026-07-27T06:10:00+00:00,7480.75,7481.38,7478.23,7478.88,586
2026-07-27T06:15:00+00:00,7478.88,7479.63,7478.11,7479.37,565
2026-07-27T06:20:00+00:00,7479.37,7479.48,7475.61,7476.24,405
2026-07-27T06:25:00+00:00,7476.24,7476.88,7475.61,7476.37,369
2026-07-27T06:30:00+00:00,7476.37,7478.37,7476.11,7477.37,494
2026-07-27T06:35:00+00:00,7477.37,7478.13,7476.36,7476.63,464
2026-07-27T06:40:00+00:00,7476.63,7476.88,7474.37,7475.11,471
2026-07-27T06:45:00+00:00,7475.11,7475.38,7473.86,7474.87,455
2026-07-27T06:50:00+00:00,7474.87,7474.88,7472.23,7472.61,590
2026-07-27T06:55:00+00:00,7472.61,7474.87,7472.37,7473.13,465
2026-07-27T07:00:00+00:00,7473.13,7477.87,7472.36,7477.62,1557
2026-07-27T07:05:00+00:00,7477.62,7477.63,7473.86,7475.37,1126
2026-07-27T07:10:00+00:00,7475.37,7478.61,7474.36,7478.37,943
2026-07-27T07:15:00+00:00,7478.37,7478.73,7476.36,7477.86,877
2026-07-27T07:20:00+00:00,7477.86,7478.13,7476.36,7476.87,639
2026-07-27T07:25:00+00:00,7476.87,7477.13,7474.36,7474.37,761
2026-07-27T07:30:00+00:00,7474.37,7474.62,7471.86,7473.73,733
2026-07-27T07:35:00+00:00,7473.73,7474.38,7470.25,7471.5,726
2026-07-27T07:40:00+00:00,7471.5,7473.37,7470.86,7472.98,535
2026-07-27T07:45:00+00:00,7472.98,7473.63,7471.11,7473.61,1058
2026-07-27T07:50:00+00:00,7473.61,7473.61,7470.61,7471.36,898
2026-07-27T07:55:00+00:00,7471.36,7472.63,7467.11,7467.36,861
2026-07-27T08:00:00+00:00,7467.36,7471.63,7467.11,7469.87,2015
2026-07-27T08:05:00+00:00,7469.87,7472.88,7469.36,7472.11,1336
2026-07-27T08:10:00+00:00,7472.11,7473.63,7469.88,7473.61,889
2026-07-27T08:15:00+00:00,7473.61,7474.88,7471.36,7473.86,870
2026-07-27T08:20:00+00:00,7473.86,7475.12,7473.36,7473.75,752
2026-07-27T08:25:00+00:00,7473.75,7476.87,7473.61,7476.12,1042
2026-07-27T08:30:00+00:00,7476.12,7477.88,7475.38,7475.62,892
2026-07-27T08:35:00+00:00,7475.62,7477.38,7474.37,7477.11,683
2026-07-27T08:40:00+00:00,7477.11,7481,7476.98,7480.48,838
2026-07-27T08:45:00+00:00,7480.48,7480.87,7478.73,7478.87,588
2026-07-27T08:50:00+00:00,7478.87,7481.38,7478.61,7481.12,603
2026-07-27T08:55:00+00:00,7481.12,7481.38,7479.61,7480.63,599
2026-07-27T09:00:00+00:00,7480.63,7480.74,7478.11,7479.11,503
2026-07-27T09:05:00+00:00,7479.11,7479.63,7478.11,7478.37,471
2026-07-27T09:10:00+00:00,7478.37,7479.61,7477.87,7478.5,420
2026-07-27T09:15:00+00:00,7478.5,7479.12,7478,7478.37,373
2026-07-27T09:20:00+00:00,7478.37,7480.62,7478.11,7480.12,474
2026-07-27T09:25:00+00:00,7480.12,7481.61,7479.11,7479.13,573
2026-07-27T09:30:00+00:00,7479.13,7480.38,7478.61,7480.38,667
2026-07-27T09:35:00+00:00,7480.38,7482.38,7479.86,7481.88,555
2026-07-27T09:40:00+00:00,7481.88,7483.62,7481.12,7483.38,413
2026-07-27T09:45:00+00:00,7483.38,7486.12,7483.11,7485.12,556
2026-07-27T09:50:00+00:00,7485.12,7485.36,7484.36,7484.63,531
2026-07-27T09:55:00+00:00,7484.63,7484.98,7483.36,7483.61,335
2026-07-27T10:00:00+00:00,7483.61,7484.88,7483.37,7483.86,489
2026-07-27T10:05:00+00:00,7483.86,7484.13,7482.86,7482.88,382
2026-07-27T10:10:00+00:00,7482.88,7483.13,7479.86,7482.23,870
2026-07-27T10:15:00+00:00,7482.23,7483.38,7481.61,7482.37,435
2026-07-27T10:20:00+00:00,7482.37,7483.36,7481.38,7481.38,397
2026-07-27T10:25:00+00:00,7481.38,7483.38,7481.36,7482.36,308
2026-07-27T10:30:00+00:00,7482.36,7483.12,7481.86,7482.11,250
2026-07-27T10:35:00+00:00,7482.11,7482.88,7480.86,7482.63,295
2026-07-27T10:40:00+00:00,7482.63,7484.13,7481.74,7483.86,349
2026-07-27T10:45:00+00:00,7483.86,7484.38,7483.11,7484.38,271
2026-07-27T10:50:00+00:00,7484.38,7484.38,7483.61,7484.11,290
2026-07-27T10:55:00+00:00,7484.11,7485.88,7483.11,7483.37,380
2026-07-27T11:00:00+00:00,7483.37,7483.62,7480.11,7480.86,741
2026-07-27T11:05:00+00:00,7480.86,7481.36,7479.87,7480.11,572
2026-07-27T11:10:00+00:00,7480.11,7481.13,7478.37,7479.11,488
2026-07-27T11:15:00+00:00,7479.11,7480.61,7477.88,7477.88,491
2026-07-27T11:20:00+00:00,7477.88,7478.88,7477.36,7477.38,492
2026-07-27T11:25:00+00:00,7477.38,7478.63,7470.36,7470.36,710
2026-07-27T11:30:00+00:00,7470.36,7476.23,7469.87,7473.86,1587
2026-07-27T11:35:00+00:00,7473.86,7476.63,7473.86,7475.88,596
2026-07-27T11:40:00+00:00,7475.88,7476.11,7471.11,7473.74,1179
2026-07-27T11:45:00+00:00,7473.74,7474.38,7472.86,7474.13,538
2026-07-27T11:50:00+00:00,7474.13,7474.75,7472.86,7473.11,652
2026-07-27T11:55:00+00:00,7473.11,7474.37,7472.86,7473.38,622
2026-07-27T12:00:00+00:00,7473.38,7476.63,7473.38,7475.88,991
2026-07-27T12:05:00+00:00,7475.88,7476.13,7474.12,7474.37,827
2026-07-27T12:10:00+00:00,7474.37,7474.38,7466.13,7466.87,1814
2026-07-27T12:15:00+00:00,7466.87,7469.13,7466.87,7467.88,1099
2026-07-27T12:20:00+00:00,7467.88,7469.63,7466.62,7468.61,1014
2026-07-27T12:25:00+00:00,7468.61,7470.63,7468.36,7469.63,468
2026-07-27T12:30:00+00:00,7469.63,7471.12,7467.87,7471.11,1012
2026-07-27T12:35:00+00:00,7471.11,7473.13,7470.87,7472.12,729
2026-07-27T12:40:00+00:00,7472.12,7473.13,7470.86,7473.12,683
2026-07-27T12:45:00+00:00,7473.12,7475.63,7472.63,7475.13,757
2026-07-27T12:50:00+00:00,7475.13,7475.63,7472.62,7475.13,1101
2026-07-27T12:55:00+00:00,7475.13,7475.88,7473.11,7474.88,759
2026-07-27T13:00:00+00:00,7474.88,7475.87,7471.86,7474.13,1527
2026-07-27T13:05:00+00:00,7474.13,7474.13,7471.61,7474.12,1130
2026-07-27T13:10:00+00:00,7474.12,7476.62,7473.37,7473.87,810
2026-07-27T13:15:00+00:00,7473.87,7475.37,7470.11,7470.63,935
2026-07-27T13:20:00+00:00,7470.63,7471.62,7470.11,7470.37,735
2026-07-27T13:25:00+00:00,7470.37,7473.38,7468.62,7468.87,1693
2026-07-27T13:30:00+00:00,7468.87,7472.04,7459.66,7466.66,8346
2026-07-27T13:35:00+00:00,7466.66,7475.54,7466.16,7469.91,6627
2026-07-27T13:40:00+00:00,7469.91,7470.93,7454.42,7454.68,7968
2026-07-27T13:45:00+00:00,7454.68,7461.42,7451.92,7457.66,8922
2026-07-27T13:50:00+00:00,7457.66,7461.43,7453.55,7454.16,7101
2026-07-27T13:55:00+00:00,7454.16,7454.43,7435.41,7435.41,7039
2026-07-27T14:00:00+00:00,7435.41,7440.66,7431.43,7435.93,8142
2026-07-27T14:05:00+00:00,7435.93,7439.93,7431.66,7436.92,7974
2026-07-27T14:10:00+00:00,7436.92,7437.18,7424.16,7428.93,7450
2026-07-27T14:15:00+00:00,7428.93,7434.92,7424.93,7428.39,7401
2026-07-27T14:20:00+00:00,7428.39,7428.92,7415.67,7417.78,8123
2026-07-27T14:25:00+00:00,7417.78,7417.92,7401.67,7402.28,7050
2026-07-27T14:30:00+00:00,7402.28,7404.8,7396.68,7398.93,9641
2026-07-27T14:35:00+00:00,7398.93,7402.42,7390.66,7400.3,10028
2026-07-27T14:40:00+00:00,7400.3,7402.18,7384.91,7387.66,9728
2026-07-27T14:45:00+00:00,7387.66,7401.16,7387.66,7399.67,9544
2026-07-27T14:50:00+00:00,7399.67,7407.92,7398.91,7405.41,7850
2026-07-27T14:55:00+00:00,7405.41,7418.41,7403.41,7417.18,6804
2026-07-27T15:00:00+00:00,7417.18,7419.54,7413.18,7417.3,6893
2026-07-27T15:05:00+00:00,7417.3,7423.29,7412.16,7412.66,5577
2026-07-27T15:10:00+00:00,7412.66,7419.43,7410.92,7413.91,6709
2026-07-27T15:15:00+00:00,7413.91,7415.17,7399.3,7408.16,6694
2026-07-27T15:20:00+00:00,7408.16,7413.17,7400.04,7401.43,6790
2026-07-27T15:25:00+00:00,7401.43,7405.16,7398.68,7402.41,5487
2026-07-27T15:30:00+00:00,7402.41,7402.54,7392.67,7393.67,5477
2026-07-27T15:35:00+00:00,7393.67,7394.91,7382.91,7389.3,5831
2026-07-27T15:40:00+00:00,7389.3,7394.67,7385.68,7394.18,5455
2026-07-27T15:45:00+00:00,7394.18,7395.3,7386.43,7388.53,5360
2026-07-27T15:50:00+00:00,7388.53,7393.17,7386.67,7390.28,4851
2026-07-27T15:55:00+00:00,7390.28,7396.05,7389.41,7394.41,4814
2026-07-27T16:00:00+00:00,7394.41,7401.16,7393.67,7401.16,4600
2026-07-27T16:05:00+00:00,7401.16,7403.18,7396.91,7402.68,4247
2026-07-27T16:10:00+00:00,7402.68,7406.43,7393.43,7394.16,4499
2026-07-27T16:15:00+00:00,7394.16,7394.66,7388.43,7392.68,4803
2026-07-27T16:20:00+00:00,7392.68,7397.93,7390.41,7397.43,4895
2026-07-27T16:25:00+00:00,7397.43,7416.53,7396.67,7406.91,7673
2026-07-27T16:30:00+00:00,7406.91,7412.92,7403.66,7408.92,5209
2026-07-27T16:35:00+00:00,7408.92,7413.18,7403.92,7409.42,4300
2026-07-27T16:40:00+00:00,7409.42,7410.68,7400.18,7402.91,4230
2026-07-27T16:45:00+00:00,7402.91,7407.67,7400.41,7400.42,3833
2026-07-27T16:50:00+00:00,7400.42,7400.42,7389.16,7390.93,4460
2026-07-27T16:55:00+00:00,7390.93,7390.93,7385.91,7389.67,4576
2026-07-27T17:00:00+00:00,7389.67,7390.43,7380.16,7381.42,4133
2026-07-27T17:05:00+00:00,7381.42,7385.18,7380.16,7383.16,3444
2026-07-27T17:10:00+00:00,7383.16,7386.93,7381.28,7385.93,3339
2026-07-27T17:15:00+00:00,7385.93,7387.04,7377.93,7381.67,3425
2026-07-27T17:20:00+00:00,7381.67,7386.93,7380.41,7383.42,3447
2026-07-27T17:25:00+00:00,7383.42,7385.93,7381.18,7381.43,3001
2026-07-27T17:30:00+00:00,7381.43,7391.43,7381.17,7390.91,3314
2026-07-27T17:35:00+00:00,7390.91,7392.18,7384.91,7386.42,3460
2026-07-27T17:40:00+00:00,7386.42,7388.18,7384.18,7387.68,2898
2026-07-27T17:45:00+00:00,7387.68,7390.67,7384.92,7386.91,2919
2026-07-27T17:50:00+00:00,7386.91,7394.66,7385.93,7394.42,3075
2026-07-27T17:55:00+00:00,7394.42,7397.93,7392.17,7397.66,2927
2026-07-27T18:00:00+00:00,7397.66,7398.92,7394.91,7395.41,3476
2026-07-27T18:05:00+00:00,7395.41,7399.18,7394.66,7396.41,2720
2026-07-27T18:10:00+00:00,7396.41,7398.68,7395.92,7396.93,2469
2026-07-27T18:15:00+00:00,7396.93,7397.68,7389.67,7391.66,3227
2026-07-27T18:20:00+00:00,7391.66,7396.3,7390.41,7395.16,2353
2026-07-27T18:25:00+00:00,7395.16,7397.42,7393.68,7395.92,2480
2026-07-27T18:30:00+00:00,7395.92,7395.93,7387.93,7388.41,2329
2026-07-27T18:35:00+00:00,7388.41,7390.42,7386.42,7387.43,2478
2026-07-27T18:40:00+00:00,7387.43,7395.42,7385.66,7394.17,4163
2026-07-27T18:45:00+00:00,7394.17,7396.91,7392.92,7393.16,2880
2026-07-27T18:50:00+00:00,7393.16,7405.93,7393.16,7404.93,3530
2026-07-27T18:55:00+00:00,7404.93,7411.93,7404.91,7410.16,4941
2026-07-27T19:00:00+00:00,7410.16,7411.16,7404.92,7405.18,3266
2026-07-27T19:05:00+00:00,7405.18,7413.42,7404.41,7412.68,2910
2026-07-27T19:10:00+00:00,7412.68,7415.41,7408.91,7410.42,2425
2026-07-27T19:15:00+00:00,7410.42,7414.43,7410.42,7414.43,1775
2026-07-27T19:20:00+00:00,7414.43,7417.18,7412.92,7415.92,1933
2026-07-27T19:25:00+00:00,7415.92,7416.8,7413.16,7416.17,1985
2026-07-27T19:30:00+00:00,7416.17,7418.18,7414.41,7415.16,2532
2026-07-27T19:35:00+00:00,7415.16,7416.43,7409.16,7409.68,2808
2026-07-27T19:40:00+00:00,7409.68,7411.68,7408.16,7409.66,2086
2026-07-27T19:45:00+00:00,7409.66,7410.68,7406.41,7410.68,3186
2026-07-27T19:50:00+00:00,7410.68,7411.68,7405.91,7408.18,3010
2026-07-27T19:55:00+00:00,7408.18,7411.43,7405.41,7410.91,2995
2026-07-27T20:00:00+00:00,7410.91,7415.63,7409.61,7410.61,1687
2026-07-27T20:05:00+00:00,7410.61,7410.88,7406.88,7410.36,673
2026-07-27T20:10:00+00:00,7410.36,7410.88,7406.61,7409.61,909
2026-07-27T20:15:00+00:00,7409.61,7410.88,7408.88,7410.12,438
2026-07-27T20:20:00+00:00,7410.12,7410.37,7407.61,7408.88,288
2026-07-27T20:25:00+00:00,7408.88,7410.13,7408.88,7410.12,242
2026-07-27T20:30:00+00:00,7410.12,7414.75,7409.37,7414.63,339
2026-07-27T20:35:00+00:00,7414.63,7417.87,7414.12,7415.62,481
2026-07-27T20:40:00+00:00,7415.62,7415.62,7413.86,7414.12,167
2026-07-27T20:45:00+00:00,7414.12,7414.62,7412.86,7412.86,226
2026-07-27T20:50:00+00:00,7412.86,7414.11,7411.37,7413.13,221
2026-07-27T20:55:00+00:00,7413.13,7414.97,7412.61,7414.97,178
2026-07-27T22:00:00+00:00,7414.97,7418.29,7413.04,7413.15,914
2026-07-27T22:05:00+00:00,7413.15,7414.3,7411.04,7411.8,412
2026-07-27T22:10:00+00:00,7411.8,7412.04,7409.05,7409.55,268
2026-07-27T22:15:00+00:00,7409.55,7411.05,7408.79,7410.04,251
2026-07-27T22:20:00+00:00,7410.04,7410.8,7408.78,7408.91,247
2026-07-27T22:25:00+00:00,7408.91,7409.54,7406.54,7407.04,383
2026-07-27T22:30:00+00:00,7407.04,7410.55,7407.03,7409.79,302
2026-07-27T22:35:00+00:00,7409.79,7410.8,7408.54,7409.53,191
2026-07-27T22:40:00+00:00,7409.53,7409.53,7407.53,7408.04,226
2026-07-27T22:45:00+00:00,7408.04,7408.55,7406.9,7407.8,192
2026-07-27T22:50:00+00:00,7407.8,7409.55,7407.42,7407.66,193
2026-07-27T22:55:00+00:00,7407.66,7408.03,7406.53,7406.9,152
2026-07-27T23:00:00+00:00,7406.9,7407.05,7402.53,7403.54,351
2026-07-27T23:05:00+00:00,7403.54,7409.55,7403.3,7406.66,442
2026-07-27T23:10:00+00:00,7406.66,7407.53,7405.78,7406.04,220
2026-07-27T23:15:00+00:00,7406.04,7408.42,7404.28,7407.92,388
2026-07-27T23:20:00+00:00,7407.92,7409.67,7406.78,7408.79,272
2026-07-27T23:25:00+00:00,7408.79,7411.15,7408.29,7411.04,306
2026-07-27T23:30:00+00:00,7411.04,7411.05,7409.53,7409.9,201
2026-07-27T23:35:00+00:00,7409.9,7410.29,7407.8,7408.78,221
2026-07-27T23:40:00+00:00,7408.78,7408.9,7407.28,7407.8,204
2026-07-27T23:45:00+00:00,7407.8,7408.79,7404.28,7405.3,1322
2026-07-27T23:50:00+00:00,7405.3,7412.3,7404.54,7411.42,1478
2026-07-27T23:55:00+00:00,7411.42,7412.42,7409.28,7410.29,974
2026-07-28T00:00:00+00:00,7410.29,7414.28,7408.54,7412.54,2971
2026-07-28T00:05:00+00:00,7412.54,7412.8,7404.05,7406.55,2477
2026-07-28T00:10:00+00:00,7406.55,7407.3,7400.78,7403.9,2126
2026-07-28T00:15:00+00:00,7403.9,7406.16,7401.78,7403.67,2405
2026-07-28T00:20:00+00:00,7403.67,7404.78,7398.78,7401.04,2104
2026-07-28T00:25:00+00:00,7401.04,7403.05,7398.78,7402.79,1793
2026-07-28T00:30:00+00:00,7402.79,7405.42,7396.78,7404.53,2363
2026-07-28T00:35:00+00:00,7404.53,7407.04,7403.65,7405.17,2266
2026-07-28T00:40:00+00:00,7405.17,7407.55,7404.28,7405.78,1837
2026-07-28T00:45:00+00:00,7405.78,7405.78,7400.29,7401.3,1893
2026-07-28T00:50:00+00:00,7401.3,7401.79,7399.79,7400.54,1214
2026-07-28T00:55:00+00:00,7400.54,7401.8,7398.04,7399.55,1206
2026-07-28T01:00:00+00:00,7399.55,7401.17,7396.53,7396.53,2598
2026-07-28T01:05:00+00:00,7396.53,7397.05,7390.79,7392.29,1693
2026-07-28T01:10:00+00:00,7392.29,7392.8,7387.28,7390.04,1823
2026-07-28T01:15:00+00:00,7390.04,7392.3,7388.8,7392.03,1258
2026-07-28T01:20:00+00:00,7392.03,7394.92,7390.8,7393.54,1627
2026-07-28T01:25:00+00:00,7393.54,7403.54,7392.28,7400.28,1876
2026-07-28T01:30:00+00:00,7400.28,7404.91,7399.53,7404.79,2246
2026-07-28T01:35:00+00:00,7404.79,7405.8,7401.04,7401.91,1481
2026-07-28T01:40:00+00:00,7401.91,7404.05,7399.04,7403.66,1504
2026-07-28T01:45:00+00:00,7403.66,7406.05,7401.9,7404.42,1749
2026-07-28T01:50:00+00:00,7404.42,7404.42,7396.03,7396.55,1689
2026-07-28T01:55:00+00:00,7396.55,7397.55,7394.55,7396.78,1092
2026-07-28T02:00:00+00:00,7396.78,7397.53,7393.54,7394.04,1339
2026-07-28T02:05:00+00:00,7394.04,7395.3,7392.8,7393.54,1346
2026-07-28T02:10:00+00:00,7393.54,7394.55,7391.54,7393.03,1020
2026-07-28T02:15:00+00:00,7393.03,7395.8,7390.53,7395.54,1317
2026-07-28T02:20:00+00:00,7395.54,7398.05,7394.8,7396.79,1422
2026-07-28T02:25:00+00:00,7396.79,7397.03,7391.78,7392.66,1403
2026-07-28T02:30:00+00:00,7392.66,7393.3,7389.53,7391.3,1379
2026-07-28T02:35:00+00:00,7391.3,7393.41,7390.03,7392.03,1153
2026-07-28T02:40:00+00:00,7392.03,7392.79,7389.28,7390.54,860
2026-07-28T02:45:00+00:00,7390.54,7391.66,7389.3,7390.9,1017
2026-07-28T02:50:00+00:00,7390.9,7395.8,7389.53,7393.05,1336
2026-07-28T02:55:00+00:00,7393.05,7393.54,7391.4,7392.79,931
2026-07-28T03:00:00+00:00,7392.79,7393.3,7388.66,7390.05,1024
2026-07-28T03:05:00+00:00,7390.05,7390.54,7388.03,7388.17,884
2026-07-28T03:10:00+00:00,7388.17,7391.55,7386.54,7391.04,1192
2026-07-28T03:15:00+00:00,7391.04,7398.05,7390.03,7397.8,1532
2026-07-28T03:20:00+00:00,7397.8,7400.3,7397.67,7398.78,1468
2026-07-28T03:25:00+00:00,7398.78,7400.29,7391.53,7392.15,1177
2026-07-28T03:30:00+00:00,7392.15,7398.05,7388.28,7397.54,2367
2026-07-28T03:35:00+00:00,7397.54,7401.29,7395.66,7400.78,2041
2026-07-28T03:40:00+00:00,7400.78,7404.16,7399.65,7402.8,1984
2026-07-28T03:45:00+00:00,7402.8,7404.3,7400.54,7403.8,1590
2026-07-28T03:50:00+00:00,7403.8,7404.29,7400.78,7402.54,1546
2026-07-28T03:55:00+00:00,7402.54,7403.3,7400.03,7402.65,1294
2026-07-28T04:00:00+00:00,7402.65,7402.65,7400.29,7400.54,1487
2026-07-28T04:05:00+00:00,7400.54,7400.67,7396.8,7396.8,1092
2026-07-28T04:10:00+00:00,7396.8,7397.55,7392.55,7393.29,1168
2026-07-28T04:15:00+00:00,7393.29,7397.29,7392.17,7397.05,1298
2026-07-28T04:20:00+00:00,7397.05,7397.8,7392.29,7393.05,895
2026-07-28T04:25:00+00:00,7393.05,7394.16,7392.28,7392.66,760
2026-07-28T04:30:00+00:00,7392.66,7393.28,7391.53,7392.8,710
2026-07-28T04:35:00+00:00,7392.8,7393.8,7391.03,7392.92,841
2026-07-28T04:40:00+00:00,7392.92,7394.3,7391.66,7393.05,994
2026-07-28T04:45:00+00:00,7393.05,7396.91,7392.78,7393.53,1030
2026-07-28T04:50:00+00:00,7393.53,7393.92,7390.53,7391.66,814
2026-07-28T04:55:00+00:00,7391.66,7392.42,7388.78,7389.67,693
2026-07-28T05:00:00+00:00,7389.67,7393.8,7388.9,7392.8,1375
2026-07-28T05:05:00+00:00,7392.8,7393.03,7389.78,7392.79,1266
2026-07-28T05:10:00+00:00,7392.79,7392.8,7389.03,7389.53,899
2026-07-28T05:15:00+00:00,7389.53,7391.55,7389.05,7389.05,599
2026-07-28T05:20:00+00:00,7389.05,7390.4,7387.55,7389.05,735
2026-07-28T05:25:00+00:00,7389.05,7389.05,7386.28,7387.05,854
2026-07-28T05:30:00+00:00,7387.05,7387.53,7382.28,7382.78,1023
2026-07-28T05:35:00+00:00,7382.78,7386.55,7381.28,7385.03,1061
2026-07-28T05:40:00+00:00,7385.03,7385.03,7382.03,7384.29,1090
2026-07-28T05:45:00+00:00,7384.29,7386.03,7383.8,7385.03,806
2026-07-28T05:50:00+00:00,7385.03,7387.8,7384.04,7386.03,1030
2026-07-28T05:55:00+00:00,7386.03,7386.67,7382.03,7383.28,768
2026-07-28T06:00:00+00:00,7383.28,7386.8,7382.28,7382.53,1949
2026-07-28T06:05:00+00:00,7382.53,7385.79,7381.78,7384.05,1368
2026-07-28T06:10:00+00:00,7384.05,7386.05,7382.54,7385.29,1114
2026-07-28T06:15:00+00:00,7385.29,7388.8,7385.29,7387.05,1363
2026-07-28T06:20:00+00:00,7387.05,7388.91,7382.78,7386.05,1529
2026-07-28T06:25:00+00:00,7386.05,7388.3,7384.54,7387.8,1762
2026-07-28T06:30:00+00:00,7387.8,7388.79,7386.04,7387.79,1749
2026-07-28T06:35:00+00:00,7387.79,7391.15,7387.28,7389.78,1316
2026-07-28T06:40:00+00:00,7389.78,7391.8,7389.4,7389.66,994
2026-07-28T06:45:00+00:00,7389.66,7389.66,7386.78,7388.04,943
2026-07-28T06:50:00+00:00,7388.04,7389.8,7387.53,7389.8,748
2026-07-28T06:55:00+00:00,7389.8,7393.29,7389.55,7392.03,1203
2026-07-28T07:00:00+00:00,7392.03,7396.04,7392.03,7393.29,2609
2026-07-28T07:05:00+00:00,7393.29,7398.78,7391.53,7397.54,1574
2026-07-28T07:10:00+00:00,7397.54,7399.28,7396.29,7398.16,1830
2026-07-28T07:15:00+00:00,7398.16,7401.04,7397.79,7399.03,1519
2026-07-28T07:20:00+00:00,7399.03,7400.28,7397.67,7397.67,1422
2026-07-28T07:25:00+00:00,7397.67,7399.54,7396.53,7397.53,1391
2026-07-28T07:30:00+00:00,7397.53,7398.55,7396.28,7398.03,1485
2026-07-28T07:35:00+00:00,7398.03,7399.3,7395.53,7398.8,1501
2026-07-28T07:40:00+00:00,7398.8,7399.8,7396.41,7396.78,1263
2026-07-28T07:45:00+00:00,7396.78,7397.28,7391.8,7393.55,1133
2026-07-28T07:50:00+00:00,7393.55,7399.05,7393.05,7398.05,1965
2026-07-28T07:55:00+00:00,7398.05,7398.8,7394.79,7395.66,1188
2026-07-28T08:00:00+00:00,7395.66,7398.79,7391.78,7396.8,2599
2026-07-28T08:05:00+00:00,7396.8,7398.8,7391.53,7392.04,1787
2026-07-28T08:10:00+00:00,7392.04,7392.04,7387.9,7388.78,2067
2026-07-28T08:15:00+00:00,7388.78,7400.29,7388.04,7398.78,3136
2026-07-28T08:20:00+00:00,7398.78,7406.8,7398.78,7405.53,2721
2026-07-28T08:25:00+00:00,7405.53,7405.55,7402.28,7405.28,2004
2026-07-28T08:30:00+00:00,7405.28,7405.8,7401.28,7405.28,2065
2026-07-28T08:35:00+00:00,7405.28,7407.17,7402.91,7405.28,1860
2026-07-28T08:40:00+00:00,7405.28,7408.66,7405.04,7407.05,1573
2026-07-28T08:45:00+00:00,7407.05,7411.05,7406.04,7408.3,1746
2026-07-28T08:50:00+00:00,7408.3,7411.4,7404.79,7404.79,1337
2026-07-28T08:55:00+00:00,7404.79,7405.05,7402.79,7404.28,1074
2026-07-28T09:00:00+00:00,7404.28,7405.8,7402.78,7404.05,1529
2026-07-28T09:05:00+00:00,7404.05,7406.54,7403.55,7405.4,1115
2026-07-28T09:10:00+00:00,7405.4,7407.54,7403.3,7404.04,1120
2026-07-28T09:15:00+00:00,7404.04,7406.55,7404.03,7406.15,1026
2026-07-28T09:20:00+00:00,7406.15,7407.04,7405.53,7406.53,1021
2026-07-28T09:25:00+00:00,7406.53,7408.3,7405.65,7407.79,904
2026-07-28T09:30:00+00:00,7407.79,7407.92,7405.03,7405.8,958
2026-07-28T09:35:00+00:00,7405.8,7405.9,7403.78,7405.29,1013
2026-07-28T09:40:00+00:00,7405.29,7407.04,7403.78,7404.67,857
2026-07-28T09:45:00+00:00,7404.67,7405.8,7404.03,7405.8,712
2026-07-28T09:50:00+00:00,7405.8,7407.05,7404.03,7404.29,766
2026-07-28T09:55:00+00:00,7404.29,7404.8,7400.53,7402.04,875
2026-07-28T10:00:00+00:00,7402.04,7403.55,7400.67,7403.03,1040
2026-07-28T10:05:00+00:00,7403.03,7403.3,7400.3,7402.05,956
2026-07-28T10:10:00+00:00,7402.05,7403.41,7400.29,7401.55,1039
2026-07-28T10:15:00+00:00,7401.55,7404.55,7400.8,7404.3,1126
2026-07-28T10:20:00+00:00,7404.3,7404.55,7399.91,7401.8,936
2026-07-28T10:25:00+00:00,7401.8,7404.78,7399.28,7404.78,961
2026-07-28T10:30:00+00:00,7404.78,7406.78,7401.28,7402.03,1730
2026-07-28T10:35:00+00:00,7402.03,7402.8,7398.04,7398.67,2210
2026-07-28T10:40:00+00:00,7398.67,7399.29,7396.28,7399.28,1441
2026-07-28T10:45:00+00:00,7399.28,7403.53,7398.78,7401.04,1350
2026-07-28T10:50:00+00:00,7401.04,7404.04,7400.28,7403.9,1190
2026-07-28T10:55:00+00:00,7403.9,7404.8,7402.28,7404.66,1346
2026-07-28T11:00:00+00:00,7404.66,7408.65,7400.78,7401.42,3047
2026-07-28T11:05:00+00:00,7401.42,7403.8,7399.29,7400.03,2290
2026-07-28T11:10:00+00:00,7400.03,7400.04,7395.03,7395.79,1841
2026-07-28T11:15:00+00:00,7395.79,7411.17,7395.78,7409.05,3820
2026-07-28T11:20:00+00:00,7409.05,7410.42,7404.91,7405.04,2346
2026-07-28T11:25:00+00:00,7405.04,7405.17,7400.03,7400.54,1871
2026-07-28T11:30:00+00:00,7400.54,7402.55,7398.03,7400.55,1922
2026-07-28T11:35:00+00:00,7400.55,7411.15,7399.9,7400.05,2120
2026-07-28T11:40:00+00:00,7400.05,7401.3,7395.53,7400.9,1926
2026-07-28T11:45:00+00:00,7400.9,7408.79,7399.53,7405.79,2000
2026-07-28T11:50:00+00:00,7405.79,7408.54,7404.05,7406.66,1469
2026-07-28T11:55:00+00:00,7406.66,7414.79,7406.66,7413.41,1882
2026-07-28T12:00:00+00:00,7413.41,7416.05,7411.41,7415.04,1951
2026-07-28T12:05:00+00:00,7415.04,7417.3,7413.78,7415.29,1593
2026-07-28T12:10:00+00:00,7415.29,7415.79,7411.05,7413.03,1127
2026-07-28T12:15:00+00:00,7413.03,7413.55,7411.03,7413.54,1130
2026-07-28T12:20:00+00:00,7413.54,7416.04,7412.03,7415.54,1210
2026-07-28T12:25:00+00:00,7415.54,7420.42,7415.03,7419.55,1574
2026-07-28T12:30:00+00:00,7419.55,7422.05,7415.53,7416.67,1797
2026-07-28T12:35:00+00:00,7416.67,7420.3,7415.78,7416.29,1710
2026-07-28T12:40:00+00:00,7416.29,7422.8,7414.9,7421.9,2279
2026-07-28T12:45:00+00:00,7421.9,7425.91,7421.41,7423.04,1825
2026-07-28T12:50:00+00:00,7423.04,7423.42,7417.79,7421.55,1415
2026-07-28T12:55:00+00:00,7421.55,7422.41,7418.53,7418.92,1359
2026-07-28T13:00:00+00:00,7418.92,7419.29,7415.28,7416.3,1911
2026-07-28T13:05:00+00:00,7416.3,7421.55,7416.03,7420.79,1347
2026-07-28T13:10:00+00:00,7420.79,7420.8,7417.53,7418.55,1165
2026-07-28T13:15:00+00:00,7418.55,7424.55,7418.28,7421.8,1700
2026-07-28T13:20:00+00:00,7421.8,7423.55,7419.53,7421.55,1377
2026-07-28T13:25:00+00:00,7421.55,7421.55,7411.55,7412.54,2928
2026-07-28T13:30:00+00:00,7412.54,7414.6,7400.33,7401.83,10171
2026-07-28T13:35:00+00:00,7401.83,7410.84,7397.84,7398.08,8481
2026-07-28T13:40:00+00:00,7398.08,7403.6,7385.83,7390.59,8423
2026-07-28T13:45:00+00:00,7390.59,7395.84,7379.83,7394.85,9423
2026-07-28T13:50:00+00:00,7394.85,7401.84,7387.33,7390.35,11859
2026-07-28T13:55:00+00:00,7390.35,7392.34,7381.58,7384.47,8895
2026-07-28T14:00:00+00:00,7384.47,7396.84,7384.2,7392.09,10680
2026-07-28T14:05:00+00:00,7392.09,7401.85,7388.58,7390.34,10133
2026-07-28T14:10:00+00:00,7390.34,7397.85,7382.58,7385.84,9689
2026-07-28T14:15:00+00:00,7385.84,7391.33,7384.08,7385.85,9727
2026-07-28T14:20:00+00:00,7385.85,7398.59,7383.59,7392.6,9601
2026-07-28T14:25:00+00:00,7392.6,7397.35,7391.1,7397.1,9029
2026-07-28T14:30:00+00:00,7397.1,7400.1,7392.08,7392.34,8374
2026-07-28T14:35:00+00:00,7392.34,7406.21,7391.58,7395.09,7986
2026-07-28T14:40:00+00:00,7395.09,7406.21,7393.83,7402.59,7436
2026-07-28T14:45:00+00:00,7402.59,7414.1,7398.58,7412.95,6518
2026-07-28T14:50:00+00:00,7412.95,7417.85,7411.33,7414.08,5940
2026-07-28T14:55:00+00:00,7414.08,7417.85,7405.58,7406.33,4672
2026-07-28T15:00:00+00:00,7406.33,7411.72,7401.33,7401.58,5255
2026-07-28T15:05:00+00:00,7401.58,7408.35,7400.08,7407.83,5596
2026-07-28T15:10:00+00:00,7407.83,7417.22,7404.33,7413.84,7066
2026-07-28T15:15:00+00:00,7413.84,7425.84,7412.08,7425.7,6231
2026-07-28T15:20:00+00:00,7425.7,7433.85,7425.7,7433.85,6110
2026-07-28T15:25:00+00:00,7433.85,7439.1,7430.58,7431.6,5123
2026-07-28T15:30:00+00:00,7431.6,7434.83,7429.85,7432.35,4271
2026-07-28T15:35:00+00:00,7432.35,7438.6,7432.33,7436.46,3596
2026-07-28T15:40:00+00:00,7436.46,7440.85,7434.09,7440.58,2827
2026-07-28T15:45:00+00:00,7440.58,7444.35,7439.83,7443.08,2950
2026-07-28T15:50:00+00:00,7443.08,7444.34,7437.58,7440.58,3470
2026-07-28T15:55:00+00:00,7440.58,7443.97,7438.09,7442.1,2690
2026-07-28T16:00:00+00:00,7442.1,7443.35,7439.33,7440.09,2595
2026-07-28T16:05:00+00:00,7440.09,7441.85,7435.71,7435.84,2662
2026-07-28T16:10:00+00:00,7435.84,7438.58,7434.83,7436.34,2445
2026-07-28T16:15:00+00:00,7436.34,7439.33,7433.33,7439.08,2297
2026-07-28T16:20:00+00:00,7439.08,7440.85,7433.2,7434.84,2171
2026-07-28T16:25:00+00:00,7434.84,7436.09,7432.08,7432.34,1966
2026-07-28T16:30:00+00:00,7432.34,7434.09,7429.34,7431.34,2582
2026-07-28T16:35:00+00:00,7431.34,7437.85,7431.08,7437.85,2125
2026-07-28T16:40:00+00:00,7437.85,7441.58,7437.09,7439.59,2440
2026-07-28T16:45:00+00:00,7439.59,7440.85,7433.85,7437.84,2767
2026-07-28T16:50:00+00:00,7437.84,7446.7,7437.59,7446.35,2335
2026-07-28T16:55:00+00:00,7446.35,7448.09,7445.08,7446.33,2107
2026-07-28T17:00:00+00:00,7446.33,7448.09,7441.33,7441.84,2506
2026-07-28T17:05:00+00:00,7441.84,7443.6,7434.6,7435.09,2952
2026-07-28T17:10:00+00:00,7435.09,7438.33,7431.96,7433.34,3319
2026-07-28T17:15:00+00:00,7433.34,7435.35,7430.83,7433.1,2467
2026-07-28T17:20:00+00:00,7433.1,7441.85,7432.09,7433.35,3247
2026-07-28T17:25:00+00:00,7433.35,7437.33,7431.33,7433.08,2240
2026-07-28T17:30:00+00:00,7433.08,7438.59,7431.09,7437.08,2341
2026-07-28T17:35:00+00:00,7437.08,7439.33,7433.6,7434.09,1716
2026-07-28T17:40:00+00:00,7434.09,7435.97,7426.6,7428.1,2538
2026-07-28T17:45:00+00:00,7428.1,7434.09,7426.83,7432.96,2708
2026-07-28T17:50:00+00:00,7432.96,7432.96,7426.83,7427.59,2183
2026-07-28T17:55:00+00:00,7427.59,7432.34,7425.34,7432.09,2442
2026-07-28T18:00:00+00:00,7432.09,7435.35,7430.33,7432.34,2604
2026-07-28T18:05:00+00:00,7432.34,7432.85,7427.7,7428.85,2087
2026-07-28T18:10:00+00:00,7428.85,7429.59,7424.58,7424.85,2317
2026-07-28T18:15:00+00:00,7424.85,7428.83,7424.71,7427.83,2171
2026-07-28T18:20:00+00:00,7427.83,7429.85,7425.33,7425.84,2052
2026-07-28T18:25:00+00:00,7425.84,7427.33,7424.58,7426.34,2224
2026-07-28T18:30:00+00:00,7426.34,7430.83,7425.34,7429.84,2452
2026-07-28T18:35:00+00:00,7429.84,7431.6,7427.58,7428.6,2039
2026-07-28T18:40:00+00:00,7428.6,7429.1,7425.83,7428.1,2086
2026-07-28T18:45:00+00:00,7428.1,7434.59,7427.33,7432.59,2458
2026-07-28T18:50:00+00:00,7432.59,7435.35,7431.83,7432.84,2105
2026-07-28T18:55:00+00:00,7432.84,7436.35,7431.08,7434.85,1963
2026-07-28T19:00:00+00:00,7434.85,7439.85,7434.85,7439.33,2257
2026-07-28T19:05:00+00:00,7439.33,7440.09,7434.35,7434.58,2139
2026-07-28T19:10:00+00:00,7434.58,7436.84,7433.83,7435.08,1660
2026-07-28T19:15:00+00:00,7435.08,7437.6,7433.35,7436.84,1873
2026-07-28T19:20:00+00:00,7436.84,7438.85,7435.83,7438.84,1466
2026-07-28T19:25:00+00:00,7438.84,7439.1,7434.08,7437.6,1650
2026-07-28T19:30:00+00:00,7437.6,7437.84,7435.08,7435.83,1947
2026-07-28T19:35:00+00:00,7435.83,7436.1,7429.84,7430.58,1752
2026-07-28T19:40:00+00:00,7430.58,7433.6,7430.33,7433.59,1637
2026-07-28T19:45:00+00:00,7433.59,7433.85,7429.58,7431.6,1768
2026-07-28T19:50:00+00:00,7431.6,7437.1,7429.08,7436.84,2859
2026-07-28T19:55:00+00:00,7436.84,7436.84,7425.34,7429.08,4671
2026-07-28T20:00:00+00:00,7429.08,7429.55,7424.55,7426.55,2543
2026-07-28T20:05:00+00:00,7426.55,7431.67,7421.15,7425.53,3150
2026-07-28T20:10:00+00:00,7425.53,7431.05,7425.15,7429.29,1491
2026-07-28T20:15:00+00:00,7429.29,7430.8,7426.53,7430.53,1118
2026-07-28T20:20:00+00:00,7430.53,7430.79,7428.28,7430.41,415
2026-07-28T20:25:00+00:00,7430.41,7436.53,7430.28,7434.8,495
2026-07-28T20:30:00+00:00,7434.8,7435.78,7433.53,7434.03,381
2026-07-28T20:35:00+00:00,7434.03,7435.29,7428.8,7429.29,713
2026-07-28T20:40:00+00:00,7429.29,7430.05,7428.54,7430.04,439
2026-07-28T20:45:00+00:00,7430.04,7431.55,7429.55,7430.53,290
2026-07-28T20:50:00+00:00,7430.53,7430.8,7428.53,7430.54,349
2026-07-28T20:55:00+00:00,7430.54,7431.53,7430.03,7430.25,295
2026-07-28T22:00:00+00:00,7430.25,7434.9,7429.06,7434.79,1291
2026-07-28T22:05:00+00:00,7434.79,7436.8,7434.55,7436.3,594
2026-07-28T22:10:00+00:00,7436.3,7437.54,7428.8,7430.54,652
2026-07-28T22:15:00+00:00,7430.54,7431.8,7425.3,7426.79,693
2026-07-28T22:20:00+00:00,7426.79,7427.28,7422.55,7423.3,595
2026-07-28T22:25:00+00:00,7423.3,7426.05,7421.05,7425.66,854
2026-07-28T22:30:00+00:00,7425.66,7426.29,7418.3,7419.17,988
2026-07-28T22:35:00+00:00,7419.17,7422.79,7414.28,7414.79,870
2026-07-28T22:40:00+00:00,7414.79,7418.8,7414.78,7416.67,931
2026-07-28T22:45:00+00:00,7416.67,7417.3,7414.41,7416.03,1448
2026-07-28T22:50:00+00:00,7416.03,7420.42,7414.04,7417.65,1451
2026-07-28T22:55:00+00:00,7417.65,7420.04,7415.29,7415.29,1318
2026-07-28T23:00:00+00:00,7415.29,7419.55,7413.03,7419.3,1426
2026-07-28T23:05:00+00:00,7419.3,7422.55,7416.03,7416.28,1613
2026-07-28T23:10:00+00:00,7416.28,7428.78,7415.3,7426.9,1632
2026-07-28T23:15:00+00:00,7426.9,7428.05,7423.28,7424.4,1103
2026-07-28T23:20:00+00:00,7424.4,7432.41,7423.03,7432.04,1101
2026-07-28T23:25:00+00:00,7432.04,7434.05,7430.79,7432.15,894
2026-07-28T23:30:00+00:00,7432.15,7434.15,7431.05,7432.55,681
2026-07-28T23:35:00+00:00,7432.55,7433.29,7431.3,7431.66,594
2026-07-28T23:40:00+00:00,7431.66,7447.3,7431.04,7446.55,1481
2026-07-28T23:45:00+00:00,7446.55,7452.42,7443.17,7451.79,3588
2026-07-28T23:50:00+00:00,7451.79,7458.55,7451.54,7455.05,2352
2026-07-28T23:55:00+00:00,7455.05,7458.3,7452.17,7458.04,1806
2026-07-29T00:00:00+00:00,7458.04,7461.9,7453.79,7458.78,3862
2026-07-29T00:05:00+00:00,7458.78,7462.55,7457.53,7457.53,2276
2026-07-29T00:10:00+00:00,7457.53,7460.05,7456.79,7457.78,2150
2026-07-29T00:15:00+00:00,7457.78,7459.78,7454.54,7458.05,2267
2026-07-29T00:20:00+00:00,7458.05,7463.92,7455.78,7456.9,2370
2026-07-29T00:25:00+00:00,7456.9,7457.54,7454.29,7456.41,1996
2026-07-29T00:30:00+00:00,7456.41,7457.55,7451.03,7452.55,2338
2026-07-29T00:35:00+00:00,7452.55,7458.42,7452.28,7456.9,1896
2026-07-29T00:40:00+00:00,7456.9,7457.42,7453.28,7456.3,1537
2026-07-29T00:45:00+00:00,7456.3,7458.05,7453.4,7453.55,1812
2026-07-29T00:50:00+00:00,7453.55,7455.9,7452.3,7455.78,1630
2026-07-29T00:55:00+00:00,7455.78,7455.78,7448.78,7450.04,1511
2026-07-29T01:00:00+00:00,7450.04,7452.54,7448.54,7449.65,2319
2026-07-29T01:05:00+00:00,7449.65,7449.8,7442.53,7443.04,2294
2026-07-29T01:10:00+00:00,7443.04,7443.04,7434.79,7436.03,2654
2026-07-29T01:15:00+00:00,7436.03,7437.79,7432.29,7436.05,2870
2026-07-29T01:20:00+00:00,7436.05,7444.04,7436.05,7443.53,2504
2026-07-29T01:25:00+00:00,7443.53,7444.17,7441.53,7441.53,1846
2026-07-29T01:30:00+00:00,7441.53,7442.15,7436.78,7439.55,3271
2026-07-29T01:35:00+00:00,7439.55,7440.15,7436.53,7437.15,2486
2026-07-29T01:40:00+00:00,7437.15,7437.3,7430.53,7430.79,2412
2026-07-29T01:45:00+00:00,7430.79,7432.04,7427.03,7427.79,2171
2026-07-29T01:50:00+00:00,7427.79,7428.54,7422.03,7423.05,2598
2026-07-29T01:55:00+00:00,7423.05,7423.55,7418.53,7418.78,2251
2026-07-29T02:00:00+00:00,7418.78,7422.3,7416.54,7420.54,3445
2026-07-29T02:05:00+00:00,7420.54,7425.92,7419.65,7425.05,2723
2026-07-29T02:10:00+00:00,7425.05,7428.55,7424.78,7426.29,2264
2026-07-29T02:15:00+00:00,7426.29,7426.78,7421.53,7423.04,2034
2026-07-29T02:20:00+00:00,7423.04,7429.05,7422.15,7425.92,2612
2026-07-29T02:25:00+00:00,7425.92,7429.8,7425.28,7429.8,1897
2026-07-29T02:30:00+00:00,7429.8,7431.8,7427.28,7429.03,1990
2026-07-29T02:35:00+00:00,7429.03,7430.92,7426.8,7430.8,1878
2026-07-29T02:40:00+00:00,7430.8,7432.05,7429.03,7429.67,1868
2026-07-29T02:45:00+00:00,7429.67,7430.05,7427.05,7427.16,1388
2026-07-29T02:50:00+00:00,7427.16,7429.17,7425.54,7427.04,1681
2026-07-29T02:55:00+00:00,7427.04,7427.54,7424.41,7426.78,1227
2026-07-29T03:00:00+00:00,7426.78,7426.8,7421.03,7421.8,1465
2026-07-29T03:05:00+00:00,7421.8,7430.8,7421.53,7430.05,2350
2026-07-29T03:10:00+00:00,7430.05,7431.42,7423.53,7424.16,1945
2026-07-29T03:15:00+00:00,7424.16,7425.05,7422.04,7422.8,1229
2026-07-29T03:20:00+00:00,7422.8,7425.55,7420.78,7421.79,1242
2026-07-29T03:25:00+00:00,7421.79,7421.8,7419.03,7419.04,1134
2026-07-29T03:30:00+00:00,7419.04,7419.79,7414.78,7419.78,1986
2026-07-29T03:35:00+00:00,7419.78,7421.04,7417.03,7417.04,1358
2026-07-29T03:40:00+00:00,7417.04,7418.3,7415.16,7418.3,1186
2026-07-29T03:45:00+00:00,7418.3,7420.05,7416.29,7416.29,1145
2026-07-29T03:50:00+00:00,7416.29,7416.3,7410.03,7411.04,1361
2026-07-29T03:55:00+00:00,7411.04,7411.3,7408.55,7410.92,966
2026-07-29T04:00:00+00:00,7410.92,7411.79,7407.28,7409.17,1680
2026-07-29T04:05:00+00:00,7409.17,7411.55,7407.54,7411.29,1858
2026-07-29T04:10:00+00:00,7411.29,7411.42,7407.28,7408.29,2011
2026-07-29T04:15:00+00:00,7408.29,7409.05,7405.66,7409.05,1447
2026-07-29T04:20:00+00:00,7409.05,7410.54,7406.28,7410.16,2617
2026-07-29T04:25:00+00:00,7410.16,7411.28,7406.91,7408.28,2251
2026-07-29T04:30:00+00:00,7408.28,7409.79,7405.53,7406.8,2035
2026-07-29T04:35:00+00:00,7406.8,7410.3,7406.03,7407.91,2155
2026-07-29T04:40:00+00:00,7407.91,7408.05,7403.41,7403.54,2265
2026-07-29T04:45:00+00:00,7403.54,7407.05,7402.04,7405.29,2115
2026-07-29T04:50:00+00:00,7405.29,7411.54,7405.03,7410.9,2424
2026-07-29T04:55:00+00:00,7410.9,7414.05,7410.55,7414.05,1909
2026-07-29T05:00:00+00:00,7414.05,7417.79,7412.03,7415.92,2116
2026-07-29T05:05:00+00:00,7415.92,7422.15,7413.53,7420.67,2201
2026-07-29T05:10:00+00:00,7420.67,7424.3,7419.78,7424.03,1578
2026-07-29T05:15:00+00:00,7424.03,7424.3,7418.79,7419.79,1479
2026-07-29T05:20:00+00:00,7419.79,7422.79,7418.42,7422.78,1562
2026-07-29T05:25:00+00:00,7422.78,7424.8,7421.78,7423.05,1347
2026-07-29T05:30:00+00:00,7423.05,7424.16,7420.4,7424.05,1817
2026-07-29T05:35:00+00:00,7424.05,7426.05,7423.54,7425.29,1390
2026-07-29T05:40:00+00:00,7425.29,7425.92,7422.29,7424.4,1266
2026-07-29T05:45:00+00:00,7424.4,7425.53,7422.55,7423.29,1409
2026-07-29T05:50:00+00:00,7423.29,7424.55,7421.66,7424.4,1500
2026-07-29T05:55:00+00:00,7424.4,7424.8,7420.03,7421.03,1130
2026-07-29T06:00:00+00:00,7421.03,7421.8,7416.03,7416.05,1887
2026-07-29T06:05:00+00:00,7416.05,7417.05,7414.79,7416.04,1594
2026-07-29T06:10:00+00:00,7416.04,7419.05,7415.4,7418.53,1453
2026-07-29T06:15:00+00:00,7418.53,7422.05,7418.28,7420.16,1466
2026-07-29T06:20:00+00:00,7420.16,7421.8,7417.54,7420.4,1479
2026-07-29T06:25:00+00:00,7420.4,7424.55,7420.15,7424.29,1494
2026-07-29T06:30:00+00:00,7424.29,7432.05,7424.29,7431.28,2486
2026-07-29T06:35:00+00:00,7431.28,7436.28,7430.78,7434.78,1515
2026-07-29T06:40:00+00:00,7434.78,7437.55,7434.78,7437.05,1284
2026-07-29T06:45:00+00:00,7437.05,7440.3,7435.05,7439.78,1184
2026-07-29T06:50:00+00:00,7439.78,7442.15,7439.78,7441.78,976
2026-07-29T06:55:00+00:00,7441.78,7443.05,7441.66,7442.15,969
2026-07-29T07:00:00+00:00,7442.15,7444.78,7438.28,7440.29,2677
2026-07-29T07:05:00+00:00,7440.29,7444.29,7439.91,7444.04,1698
2026-07-29T07:10:00+00:00,7444.04,7446.8,7442.4,7442.79,1805
2026-07-29T07:15:00+00:00,7442.79,7445.9,7441.78,7442.65,1511
2026-07-29T07:20:00+00:00,7442.65,7444.04,7440.4,7440.78,1151
2026-07-29T07:25:00+00:00,7440.78,7445.78,7440.15,7445.54,1457
2026-07-29T07:30:00+00:00,7445.54,7447.28,7443.29,7444.28,1452
2026-07-29T07:35:00+00:00,7444.28,7448.29,7443.8,7445.79,1324
2026-07-29T07:40:00+00:00,7445.79,7448.03,7445.66,7445.78,1116
2026-07-29T07:45:00+00:00,7445.78,7446.29,7443.42,7443.78,1090
2026-07-29T07:50:00+00:00,7443.78,7444.55,7441.79,7442.04,907
2026-07-29T07:55:00+00:00,7442.04,7446.55,7441.78,7444.79,1206
2026-07-29T08:00:00+00:00,7444.79,7445.55,7442.4,7443.04,2564
2026-07-29T08:05:00+00:00,7443.04,7444.91,7440.78,7442.28,1772
2026-07-29T08:10:00+00:00,7442.28,7444.05,7437.8,7438.28,1668
2026-07-29T08:15:00+00:00,7438.28,7441.05,7437.67,7438.54,1774
2026-07-29T08:20:00+00:00,7438.54,7439.17,7434.29,7435.04,1597
2026-07-29T08:25:00+00:00,7435.04,7435.3,7432.53,7434.65,2094
2026-07-29T08:30:00+00:00,7434.65,7444.3,7433.28,7442.54,2281
2026-07-29T08:35:00+00:00,7442.54,7443.79,7441.03,7441.8,1637
2026-07-29T08:40:00+00:00,7441.8,7446.55,7440.78,7445.8,1485
2026-07-29T08:45:00+00:00,7445.8,7448.29,7444.79,7448.05,1475
2026-07-29T08:50:00+00:00,7448.05,7449.15,7443.53,7444.8,1051
2026-07-29T08:55:00+00:00,7444.8,7445.42,7442.78,7444.16,948
2026-07-29T09:00:00+00:00,7444.16,7447.05,7443.04,7445.4,1444
2026-07-29T09:05:00+00:00,7445.4,7446.79,7443.03,7444.9,1397
2026-07-29T09:10:00+00:00,7444.9,7446.05,7443.04,7445.9,1435
2026-07-29T09:15:00+00:00,7445.9,7446.15,7443.17,7444.03,1293
2026-07-29T09:20:00+00:00,7444.03,7445.8,7442.53,7444.05,1293
2026-07-29T09:25:00+00:00,7444.05,7445.92,7442.28,7443.4,1008
2026-07-29T09:30:00+00:00,7443.4,7443.92,7441.03,7442.66,1354
2026-07-29T09:35:00+00:00,7442.66,7446.29,7441.79,7443.54,1449
2026-07-29T09:40:00+00:00,7443.54,7447.54,7443.54,7446.79,1052
2026-07-29T09:45:00+00:00,7446.79,7450.54,7446.65,7450.53,1207
2026-07-29T09:50:00+00:00,7450.53,7455.79,7450.53,7451.78,1572
2026-07-29T09:55:00+00:00,7451.78,7451.8,7447.03,7449.53,1614
2026-07-29T10:00:00+00:00,7449.53,7451.55,7448.03,7450.28,1503
2026-07-29T10:05:00+00:00,7450.28,7452.55,7445.28,7448.55,1943
2026-07-29T10:10:00+00:00,7448.55,7450.17,7446.28,7447.53,1330
2026-07-29T10:15:00+00:00,7447.53,7449.54,7446.53,7447.91,1248
2026-07-29T10:20:00+00:00,7447.91,7448.3,7446.78,7447.05,913
2026-07-29T10:25:00+00:00,7447.05,7448.79,7445.03,7448.53,1117
2026-07-29T10:30:00+00:00,7448.53,7449.9,7445.03,7445.4,1137
2026-07-29T10:35:00+00:00,7445.4,7445.4,7441.29,7442.42,1529
2026-07-29T10:40:00+00:00,7442.42,7445.55,7441.54,7444.53,1243
2026-07-29T10:45:00+00:00,7444.53,7444.91,7442.78,7444.28,1224
2026-07-29T10:50:00+00:00,7444.28,7445.54,7440.29,7441.03,1358
2026-07-29T10:55:00+00:00,7441.03,7442.66,7440.03,7441.4,1342
2026-07-29T11:00:00+00:00,7441.4,7445.42,7440.79,7443.55,1878
2026-07-29T11:05:00+00:00,7443.55,7447.29,7440.15,7446.8,1507
2026-07-29T11:10:00+00:00,7446.8,7448.03,7444.53,7445.28,1109
2026-07-29T11:15:00+00:00,7445.28,7448.29,7444.03,7446.54,1269
2026-07-29T11:20:00+00:00,7446.54,7448.53,7445.67,7445.67,895
2026-07-29T11:25:00+00:00,7445.67,7448.42,7445.53,7445.79,1209
2026-07-29T11:30:00+00:00,7445.79,7446.8,7442.55,7443.28,1350
2026-07-29T11:35:00+00:00,7443.28,7443.3,7440.78,7441.53,943
2026-07-29T11:40:00+00:00,7441.53,7443.29,7440.92,7441.79,819
2026-07-29T11:45:00+00:00,7441.79,7446.79,7440.79,7444.53,1479
2026-07-29T11:50:00+00:00,7444.53,7445.29,7441.04,7441.3,1045
2026-07-29T11:55:00+00:00,7441.3,7444.8,7440.79,7444.8,847
2026-07-29T12:00:00+00:00,7444.8,7445.03,7441.03,7442.05,1215
2026-07-29T12:05:00+00:00,7442.05,7445.3,7437.79,7438.8,1520
2026-07-29T12:10:00+00:00,7438.8,7440.8,7434.67,7435.78,1468
2026-07-29T12:15:00+00:00,7435.78,7436.67,7420.54,7424.78,5487
2026-07-29T12:20:00+00:00,7424.78,7427.04,7420.9,7422.29,3808
2026-07-29T12:25:00+00:00,7422.29,7427.9,7421.79,7423.05,2079
2026-07-29T12:30:00+00:00,7423.05,7426.29,7419.28,7426.29,2232
2026-07-29T12:35:00+00:00,7426.29,7426.91,7423.78,7426.55,1513
2026-07-29T12:40:00+00:00,7426.55,7430.3,7425.03,7430.05,1446
2026-07-29T12:45:00+00:00,7430.05,7430.66,7428.05,7430.28,1157
2026-07-29T12:50:00+00:00,7430.28,7430.79,7426.79,7428.4,1148
2026-07-29T12:55:00+00:00,7428.4,7429.8,7426.28,7427.28,983
2026-07-29T13:00:00+00:00,7427.28,7428.3,7420.03,7420.78,1768
2026-07-29T13:05:00+00:00,7420.78,7422.3,7419.54,7421.8,1402
2026-07-29T13:10:00+00:00,7421.8,7422.8,7417.78,7418.29,1404
2026-07-29T13:15:00+00:00,7418.29,7420.54,7416.05,7417.78,1566
2026-07-29T13:20:00+00:00,7417.78,7425.05,7416.04,7424.54,1918
2026-07-29T13:25:00+00:00,7424.54,7428.55,7420.04,7420.79,2208
2026-07-29T13:30:00+00:00,7420.79,7424.83,7408.33,7421.35,10746
2026-07-29T13:35:00+00:00,7421.35,7423.35,7412.83,7419.84,10130
2026-07-29T13:40:00+00:00,7419.84,7421.35,7414.08,7417.34,10699
2026-07-29T13:45:00+00:00,7417.34,7422.84,7409.46,7412.59,10312
2026-07-29T13:50:00+00:00,7412.59,7412.6,7394.33,7398.21,8639
2026-07-29T13:55:00+00:00,7398.21,7398.21,7386.08,7393.71,8116
2026-07-29T14:00:00+00:00,7393.71,7400.58,7393.34,7397.97,10360
2026-07-29T14:05:00+00:00,7397.97,7403.47,7387.33,7387.85,8492
2026-07-29T14:10:00+00:00,7387.85,7390.59,7370.1,7373.97,8592
2026-07-29T14:15:00+00:00,7373.97,7382.47,7373.58,7378.84,9028
2026-07-29T14:20:00+00:00,7378.84,7384.34,7372.85,7374.6,8354
2026-07-29T14:25:00+00:00,7374.6,7374.84,7362.34,7368.85,8713
2026-07-29T14:30:00+00:00,7368.85,7378.1,7367.83,7372.97,7644
2026-07-29T14:35:00+00:00,7372.97,7374.33,7366.58,7367.85,7503
2026-07-29T14:40:00+00:00,7367.85,7367.85,7358.08,7361.84,6747
2026-07-29T14:45:00+00:00,7361.84,7367.59,7358.58,7364.08,7343
2026-07-29T14:50:00+00:00,7364.08,7372.59,7362.1,7370.1,6693
2026-07-29T14:55:00+00:00,7370.1,7370.71,7362.58,7367.85,5659
2026-07-29T15:00:00+00:00,7367.85,7375.2,7364.1,7373.1,6381
2026-07-29T15:05:00+00:00,7373.1,7375.83,7366.58,7375.58,5531
2026-07-29T15:10:00+00:00,7375.58,7376.35,7365.08,7366.1,5528
2026-07-29T15:15:00+00:00,7366.1,7374.6,7365.08,7365.35,5882
2026-07-29T15:20:00+00:00,7365.35,7370.2,7364.08,7370.08,5826
2026-07-29T15:25:00+00:00,7370.08,7371.59,7363.22,7363.96,5745
2026-07-29T15:30:00+00:00,7363.96,7369.84,7362.83,7365.35,5608
2026-07-29T15:35:00+00:00,7365.35,7369.34,7359.71,7359.71,5532
2026-07-29T15:40:00+00:00,7359.71,7364.08,7357.08,7359.58,4655
2026-07-29T15:45:00+00:00,7359.58,7364.35,7357.58,7363.96,4709
2026-07-29T15:50:00+00:00,7363.96,7365.1,7354.58,7354.59,4640
2026-07-29T15:55:00+00:00,7354.59,7358.34,7349.84,7356.96,4660
2026-07-29T16:00:00+00:00,7356.96,7359.84,7346.83,7347.85,3639
2026-07-29T16:05:00+00:00,7347.85,7347.85,7341.58,7346.46,4024
2026-07-29T16:10:00+00:00,7346.46,7346.95,7339.58,7339.58,3539
2026-07-29T16:15:00+00:00,7339.58,7343.1,7337.08,7341.59,3693
2026-07-29T16:20:00+00:00,7341.59,7355.33,7340.35,7352.83,3843
2026-07-29T16:25:00+00:00,7352.83,7358.6,7352.33,7358.09,3342
2026-07-29T16:30:00+00:00,7358.09,7362.6,7353.58,7353.58,4095
2026-07-29T16:35:00+00:00,7353.58,7356.1,7349.34,7355.33,3881
2026-07-29T16:40:00+00:00,7355.33,7356.47,7348.34,7351.84,3442
2026-07-29T16:45:00+00:00,7351.84,7358.96,7349.83,7358.83,4134
2026-07-29T16:50:00+00:00,7358.83,7364.59,7356.58,7362.33,4475
2026-07-29T16:55:00+00:00,7362.33,7368.35,7360.83,7368.35,4352
2026-07-29T17:00:00+00:00,7368.35,7379.35,7366.84,7378.33,4231
2026-07-29T17:05:00+00:00,7378.33,7378.6,7372.83,7373.6,4420
2026-07-29T17:10:00+00:00,7373.6,7385.83,7372.83,7385.58,4024
2026-07-29T17:15:00+00:00,7385.58,7388.33,7382.58,7387.1,3942
2026-07-29T17:20:00+00:00,7387.1,7392.34,7382.83,7383.1,4027
2026-07-29T17:25:00+00:00,7383.1,7384.58,7377.22,7377.22,3549
2026-07-29T17:30:00+00:00,7377.22,7383.22,7372.6,7377.85,3860
2026-07-29T17:35:00+00:00,7377.85,7379.35,7373.08,7376.09,3647
2026-07-29T17:40:00+00:00,7376.09,7378.58,7373.34,7377.34,4205
2026-07-29T17:45:00+00:00,7377.34,7380.09,7373.34,7379.58,3669
2026-07-29T17:50:00+00:00,7379.58,7383.85,7379.1,7381.58,3285
2026-07-29T17:55:00+00:00,7381.58,7383.71,7375.83,7382.57,2612
2026-07-29T18:00:00+00:00,7382.57,7415.1,7382.31,7401.1,14935
2026-07-29T18:05:00+00:00,7401.1,7410.08,7395.96,7400.1,10998
2026-07-29T18:10:00+00:00,7400.1,7403.22,7389.1,7393.59,10068
2026-07-29T18:15:00+00:00,7393.59,7402.1,7387.6,7389.6,8015
2026-07-29T18:20:00+00:00,7389.6,7390.21,7382.33,7385.85,6735
2026-07-29T18:25:00+00:00,7385.85,7392.6,7383.34,7392.34,6527
2026-07-29T18:30:00+00:00,7392.34,7399.72,7379.35,7387.85,10975
2026-07-29T18:35:00+00:00,7387.85,7411.97,7382.08,7408.08,9773
2026-07-29T18:40:00+00:00,7408.08,7429.34,7407.6,7427.35,11448
2026-07-29T18:45:00+00:00,7427.35,7440.83,7424.7,7439.09,10938
2026-07-29T18:50:00+00:00,7439.09,7446.33,7432.59,7445.84,9249
2026-07-29T18:55:00+00:00,7445.84,7446.35,7435.1,7439.2,9210
2026-07-29T19:00:00+00:00,7439.2,7445.6,7420.6,7424.83,10818
2026-07-29T19:05:00+00:00,7424.83,7424.84,7402.97,7402.97,11520
2026-07-29T19:10:00+00:00,7402.97,7411.35,7398.34,7407.34,12692
2026-07-29T19:15:00+00:00,7407.34,7416.1,7392.09,7394.09,11130
2026-07-29T19:20:00+00:00,7394.09,7394.58,7371.33,7371.59,10614
2026-07-29T19:25:00+00:00,7371.59,7374.84,7360.59,7369.1,11025
2026-07-29T19:30:00+00:00,7369.1,7374.83,7344.58,7353.33,11856
2026-07-29T19:35:00+00:00,7353.33,7357.84,7332.96,7333.84,11197
2026-07-29T19:40:00+00:00,7333.84,7339.83,7326.33,7330.34,11444
2026-07-29T19:45:00+00:00,7330.34,7338.85,7322.21,7337.21,10301
2026-07-29T19:50:00+00:00,7337.21,7337.21,7320.58,7327.33,11332
2026-07-29T19:55:00+00:00,7327.33,7327.33,7310.33,7312.58,10669
2026-07-29T20:00:00+00:00,7312.58,7319.06,7296.4,7303.16,10662
2026-07-29T20:05:00+00:00,7303.16,7311.16,7294.29,7294.4,6661
2026-07-29T20:10:00+00:00,7294.4,7308.29,7290.65,7300.66,6285
2026-07-29T20:15:00+00:00,7300.66,7307.15,7295.17,7298.42,3249
2026-07-29T20:20:00+00:00,7298.42,7302.54,7295.04,7296.15,2511
2026-07-29T20:25:00+00:00,7296.15,7299.29,7288.03,7294.92,2291
2026-07-29T20:30:00+00:00,7294.92,7303.17,7288.53,7302.41,2311
2026-07-29T20:35:00+00:00,7302.41,7309.8,7300.79,7309.65,1843
2026-07-29T20:40:00+00:00,7309.65,7309.92,7302.05,7304.91,1751
2026-07-29T20:45:00+00:00,7304.91,7307.3,7300.05,7300.05,1474
2026-07-29T20:50:00+00:00,7300.05,7306.41,7298.78,7306.41,1423
2026-07-29T20:55:00+00:00,7306.41,7307.55,7299.27,7299.27,1438
2026-07-29T22:00:00+00:00,7299.27,7318.74,7296.1,7317.98,3147
2026-07-29T22:05:00+00:00,7317.98,7331.74,7317.6,7331.12,2131
2026-07-29T22:10:00+00:00,7331.12,7338.75,7330.99,7333.87,2141
2026-07-29T22:15:00+00:00,7333.87,7340.73,7332.85,7339.86,1293
2026-07-29T22:20:00+00:00,7339.86,7340.49,7335.12,7335.5,1320
2026-07-29T22:25:00+00:00,7335.5,7337.5,7331.61,7336.1,1285
2026-07-29T22:30:00+00:00,7336.1,7336.5,7332.5,7333.25,990
2026-07-29T22:35:00+00:00,7333.25,7338.12,7332.48,7335.5,839
2026-07-29T22:40:00+00:00,7335.5,7337.62,7333.49,7337.36,598
2026-07-29T22:45:00+00:00,7337.36,7340.48,7334.98,7335.23,652
2026-07-29T22:50:00+00:00,7335.23,7337.98,7332.74,7333.35,799
2026-07-29T22:55:00+00:00,7333.35,7334.87,7332.36,7334.74,494
2026-07-29T23:00:00+00:00,7334.74,7340.74,7334.73,7339.75,729
2026-07-29T23:05:00+00:00,7339.75,7344.61,7337.48,7342,938
2026-07-29T23:10:00+00:00,7342,7342,7334.6,7338.25,1084
2026-07-29T23:15:00+00:00,7338.25,7343.24,7337.23,7343,815
2026-07-29T23:20:00+00:00,7343,7344.23,7341.23,7342.5,642
2026-07-29T23:25:00+00:00,7342.5,7344.23,7341.75,7342.73,581
2026-07-29T23:30:00+00:00,7342.73,7346.86,7342.73,7344.75,693
2026-07-29T23:35:00+00:00,7344.75,7347.25,7343.98,7344.73,533
2026-07-29T23:40:00+00:00,7344.73,7344.86,7340.11,7342.48,815
2026-07-29T23:45:00+00:00,7342.48,7346.86,7341.1,7341.99,2652
2026-07-29T23:50:00+00:00,7341.99,7345.61,7339.85,7345.61,2014
2026-07-29T23:55:00+00:00,7345.61,7346.5,7342.98,7343.23,1938
2026-07-30T00:00:00+00:00,7343.23,7346,7337.1,7341.35,4371
2026-07-30T00:05:00+00:00,7341.35,7351.1,7341,7349.86,4434
2026-07-30T00:10:00+00:00,7349.86,7352.74,7347.98,7349.24,2872
2026-07-30T00:15:00+00:00,7349.24,7350.5,7342.48,7342.61,3618
2026-07-30T00:20:00+00:00,7342.61,7344.25,7339.48,7341.12,3299
2026-07-30T00:25:00+00:00,7341.12,7344.49,7340.24,7343.49,2995
2026-07-30T00:30:00+00:00,7343.49,7346.25,7338.23,7338.5,2712
2026-07-30T00:35:00+00:00,7338.5,7338.75,7334.74,7336.74,2354
2026-07-30T00:40:00+00:00,7336.74,7338.5,7332.74,7335.49,2353
2026-07-30T00:45:00+00:00,7335.49,7341.75,7334.23,7338.74,3210
2026-07-30T00:50:00+00:00,7338.74,7342.49,7336.61,7340.87,2874
2026-07-30T00:55:00+00:00,7340.87,7342,7337.73,7340.75,2234
2026-07-30T01:00:00+00:00,7340.75,7344.99,7339.23,7344.99,2728
2026-07-30T01:05:00+00:00,7344.99,7353.61,7343.99,7345.23,2839
2026-07-30T01:10:00+00:00,7345.23,7347.87,7342.37,7342.87,2837
2026-07-30T01:15:00+00:00,7342.87,7347.11,7342,7345.75,2835
2026-07-30T01:20:00+00:00,7345.75,7348,7344.48,7347.5,2610
2026-07-30T01:25:00+00:00,7347.5,7352,7347.49,7351,2052
2026-07-30T01:30:00+00:00,7351,7354.99,7350.73,7353.73,1556
2026-07-30T01:35:00+00:00,7353.73,7356.5,7353.24,7355.48,1812
2026-07-30T01:40:00+00:00,7355.48,7357,7354.98,7355.73,1445
2026-07-30T01:45:00+00:00,7355.73,7357.25,7354.23,7356.24,1547
2026-07-30T01:50:00+00:00,7356.24,7357,7352.98,7354.98,1439
2026-07-30T01:55:00+00:00,7354.98,7356.5,7353.25,7353.6,1346
2026-07-30T02:00:00+00:00,7353.6,7357.5,7353.49,7353.61,1750
2026-07-30T02:05:00+00:00,7353.61,7355.48,7352.1,7353.98,1570
2026-07-30T02:10:00+00:00,7353.98,7355.75,7351.23,7352,1443
2026-07-30T02:15:00+00:00,7352,7352.61,7349.98,7351.25,1607
2026-07-30T02:20:00+00:00,7351.25,7354,7350.98,7353.5,1614
2026-07-30T02:25:00+00:00,7353.5,7355,7349.74,7351,1372
2026-07-30T02:30:00+00:00,7351,7351,7348.11,7348.25,1526
2026-07-30T02:35:00+00:00,7348.25,7348.49,7346.5,7347.5,1124
2026-07-30T02:40:00+00:00,7347.5,7352.35,7346.99,7351.99,1303
2026-07-30T02:45:00+00:00,7351.99,7353.5,7348.98,7349.98,1273
2026-07-30T02:50:00+00:00,7349.98,7351.73,7347.74,7348.73,1277
2026-07-30T02:55:00+00:00,7348.73,7350,7342.62,7342.98,1216
2026-07-30T03:00:00+00:00,7342.98,7348.75,7342.75,7347.37,1808
2026-07-30T03:05:00+00:00,7347.37,7348.5,7341.87,7341.98,1434
2026-07-30T03:10:00+00:00,7341.98,7342.73,7336.98,7338.75,1116
2026-07-30T03:15:00+00:00,7338.75,7339.99,7335.73,7337.24,1388
2026-07-30T03:20:00+00:00,7337.24,7338.35,7335.49,7337.6,1172
2026-07-30T03:25:00+00:00,7337.6,7339.49,7336.48,7338.24,1380
2026-07-30T03:30:00+00:00,7338.24,7342,7334.49,7341.98,2272
2026-07-30T03:35:00+00:00,7341.98,7343.24,7335.48,7335.73,2149
2026-07-30T03:40:00+00:00,7335.73,7340.5,7334.98,7340,1782
2026-07-30T03:45:00+00:00,7340,7343.37,7337.74,7342,1545
2026-07-30T03:50:00+00:00,7342,7342.75,7339.36,7341.62,1333
2026-07-30T03:55:00+00:00,7341.62,7343,7338.6,7339.74,1390
2026-07-30T04:00:00+00:00,7339.74,7341.25,7338.23,7340.12,1590
2026-07-30T04:05:00+00:00,7340.12,7340.75,7335.98,7336,1280
2026-07-30T04:10:00+00:00,7336,7337.25,7335.23,7335.48,1218
2026-07-30T04:15:00+00:00,7335.48,7336.25,7333.87,7335.37,1320
2026-07-30T04:20:00+00:00,7335.37,7338.99,7334.48,7337.98,1609
2026-07-30T04:25:00+00:00,7337.98,7343.99,7337.73,7343.37,1751
2026-07-30T04:30:00+00:00,7343.37,7343.6,7341.48,7342.75,1478
2026-07-30T04:35:00+00:00,7342.75,7343.5,7336.98,7337.73,1366
2026-07-30T04:40:00+00:00,7337.73,7339.25,7333.98,7334.49,1565
2026-07-30T04:45:00+00:00,7334.49,7340,7334.23,7336.74,1532
2026-07-30T04:50:00+00:00,7336.74,7337.11,7332.98,7334.23,1505
2026-07-30T04:55:00+00:00,7334.23,7334.48,7331.23,7332.5,1314
2026-07-30T05:00:00+00:00,7332.5,7333.49,7329.23,7330.75,1727
2026-07-30T05:05:00+00:00,7330.75,7331.87,7327.11,7328,1548
2026-07-30T05:10:00+00:00,7328,7330.6,7326.98,7330.6,1281
2026-07-30T05:15:00+00:00,7330.6,7334.49,7330.23,7334.49,1600
2026-07-30T05:20:00+00:00,7334.49,7335.49,7330.98,7333.48,1574
2026-07-30T05:25:00+00:00,7333.48,7335.5,7330.6,7333.24,1537
2026-07-30T05:30:00+00:00,7333.24,7337.48,7331.48,7334.73,2026
2026-07-30T05:35:00+00:00,7334.73,7335.5,7331.5,7333.75,1933
2026-07-30T05:40:00+00:00,7333.75,7337.75,7333.37,7337.25,1343
2026-07-30T05:45:00+00:00,7337.25,7341.87,7333.24,7334.48,1409
2026-07-30T05:50:00+00:00,7334.48,7335,7331.86,7332.5,1357
2026-07-30T05:55:00+00:00,7332.5,7334,7330,7333.5,1230
2026-07-30T06:00:00+00:00,7333.5,7334,7330.61,7332.49,2080
2026-07-30T06:05:00+00:00,7332.49,7333.99,7330,7330.24,1760
2026-07-30T06:10:00+00:00,7330.24,7331.5,7328.12,7328.87,1892
2026-07-30T06:15:00+00:00,7328.87,7328.87,7325.73,7327,1389
2026-07-30T06:20:00+00:00,7327,7329.74,7324.48,7328.99,1329
2026-07-30T06:25:00+00:00,7328.99,7332.25,7328.23,7329.23,1606
2026-07-30T06:30:00+00:00,7329.23,7329.5,7325.23,7327.75,1491
2026-07-30T06:35:00+00:00,7327.75,7328.25,7325.48,7326.98,1305
2026-07-30T06:40:00+00:00,7326.98,7327.5,7323.48,7323.73,990
2026-07-30T06:45:00+00:00,7323.73,7327.75,7323.24,7326.24,1343
2026-07-30T06:50:00+00:00,7326.24,7328,7325.12,7327.48,984
2026-07-30T06:55:00+00:00,7327.48,7329.5,7325.49,7328.74,1077
2026-07-30T07:00:00+00:00,7328.74,7347,7326.75,7341.85,5754
2026-07-30T07:05:00+00:00,7341.85,7346.1,7335.61,7338.87,3510
2026-07-30T07:10:00+00:00,7338.87,7342.74,7336.24,7340.24,3014
2026-07-30T07:15:00+00:00,7340.24,7341.24,7331.6,7331.85,2674
2026-07-30T07:20:00+00:00,7331.85,7333.24,7327.35,7333,2984
2026-07-30T07:25:00+00:00,7333,7333.86,7328.36,7330.1,2435
2026-07-30T07:30:00+00:00,7330.1,7330.75,7324.23,7324.73,2737
2026-07-30T07:35:00+00:00,7324.73,7328.25,7319,7328.24,2681
2026-07-30T07:40:00+00:00,7328.24,7332.99,7326.86,7330.74,2174
2026-07-30T07:45:00+00:00,7330.74,7332.5,7328.99,7329.99,1746
2026-07-30T07:50:00+00:00,7329.99,7331.25,7326.23,7326.73,2062
2026-07-30T07:55:00+00:00,7326.73,7327.73,7323.86,7324.5,1286
2026-07-30T08:00:00+00:00,7324.5,7324.98,7316.48,7322.86,3597
2026-07-30T08:05:00+00:00,7322.86,7334.98,7319.48,7334.86,2882
2026-07-30T08:10:00+00:00,7334.86,7336.25,7332.48,7332.99,2577
2026-07-30T08:15:00+00:00,7332.99,7334.75,7331.48,7332.25,2192
2026-07-30T08:20:00+00:00,7332.25,7340.39,7331.88,7339.38,2030
2026-07-30T08:25:00+00:00,7339.38,7344.12,7337.88,7341.88,2246
2026-07-30T08:30:00+00:00,7341.88,7344.38,7340.89,7341.63,2079
2026-07-30T08:35:00+00:00,7341.63,7343.64,7338.62,7339.13,1690
2026-07-30T08:40:00+00:00,7339.13,7341.26,7338.62,7339.62,1636
2026-07-30T08:45:00+00:00,7339.62,7341.89,7337.26,7338.240000000001,1439
2026-07-30T08:50:00+00:00,7338.240000000001,7339.240000000001,7336.39,7336.64,1172
2026-07-30T08:55:00+00:00,7336.64,7338.39,7334.13,7338.13,892
2026-07-30T09:00:00+00:00,7338.13,7342.89,7336.62,7341.63,1468
2026-07-30T09:05:00+00:00,7341.63,7343.64,7339.88,7342.63,1410
2026-07-30T09:10:00+00:00,7342.63,7349.14,7341.12,7345.39,1756
2026-07-30T09:15:00+00:00,7345.39,7347.37,7343.64,7345.240000000001,2027
2026-07-30T09:20:00+00:00,7345.240000000001,7349.76,7345.12,7349.14,1943
2026-07-30T09:25:00+00:00,7349.14,7350.51,7347.39,7348.62,1244
2026-07-30T09:30:00+00:00,7348.62,7351.37,7345.87,7351.12,1362
2026-07-30T09:35:00+00:00,7351.12,7353.39,7348.62,7348.87,1446
2026-07-30T09:40:00+00:00,7348.87,7349.5,7346.88,7348.25,1205
2026-07-30T09:45:00+00:00,7348.25,7349.88,7347.63,7349.39,866
2026-07-30T09:50:00+00:00,7349.39,7349.64,7346.87,7348.38,1186
2026-07-30T09:55:00+00:00,7348.38,7348.63,7339.62,7339.990000000001,1417
2026-07-30T10:00:00+00:00,7339.990000000001,7342.39,7337.14,7339.62,1563
2026-07-30T10:05:00+00:00,7339.62,7346.88,7339.62,7345.990000000001,1455
2026-07-30T10:10:00+00:00,7345.990000000001,7347.64,7341.62,7342.87,1233
2026-07-30T10:15:00+00:00,7342.87,7349.87,7342.63,7349.38,1858
2026-07-30T10:20:00+00:00,7349.38,7352.14,7349.13,7351.14,1651
2026-07-30T10:25:00+00:00,7351.14,7353.89,7350.76,7351.62,1377
2026-07-30T10:30:00+00:00,7351.62,7353.13,7349.62,7350.51,1396
2026-07-30T10:35:00+00:00,7350.51,7353.62,7350.37,7352.64,1558
2026-07-30T10:40:00+00:00,7352.64,7357.13,7352.37,7355.12,2466
2026-07-30T10:45:00+00:00,7355.12,7357.39,7354.490000000001,7355.37,1835
2026-07-30T10:50:00+00:00,7355.37,7357.64,7351.12,7351.13,2027
2026-07-30T10:55:00+00:00,7351.13,7352.64,7349.13,7350.490000000001,830
2026-07-30T11:00:00+00:00,7350.490000000001,7356.14,7350.490000000001,7354.39,2598
2026-07-30T11:05:00+00:00,7354.39,7357.88,7354.38,7357.14,1581
2026-07-30T11:10:00+00:00,7357.14,7358.37,7354.740000000001,7355.89,1491
2026-07-30T11:15:00+00:00,7355.89,7360.64,7355.37,7358.38,1307
2026-07-30T11:20:00+00:00,7358.38,7361.64,7356.87,7361.39,1175
2026-07-30T11:25:00+00:00,7361.39,7362.990000000001,7361.13,7362.990000000001,1432
2026-07-30T11:30:00+00:00,7362.990000000001,7364.14,7359.88,7360.64,1589
2026-07-30T11:35:00+00:00,7360.64,7364.89,7360.39,7361.88,1264
2026-07-30T11:40:00+00:00,7361.88,7364.37,7359.64,7360.75,1295
2026-07-30T11:45:00+00:00,7360.75,7364.26,7360.75,7363.64,1145
2026-07-30T11:50:00+00:00,7363.64,7367.14,7362.62,7366.63,1239
2026-07-30T11:55:00+00:00,7366.63,7367.39,7364.38,7365.14,1327
2026-07-30T12:00:00+00:00,7365.14,7368.63,7361.37,7368.13,1758
2026-07-30T12:05:00+00:00,7368.13,7369.14,7367.12,7368.64,1550
2026-07-30T12:10:00+00:00,7368.64,7370.13,7366.63,7369.63,1384
2026-07-30T12:15:00+00:00,7369.63,7370.14,7367.62,7367.88,1378
2026-07-30T12:20:00+00:00,7367.88,7368.64,7363.87,7367.62,1611
2026-07-30T12:25:00+00:00,7367.62,7368.87,7361.37,7365,1247
2026-07-30T12:30:00+00:00,7365,7371.240000000001,7358.64,7362.240000000001,3325
2026-07-30T12:35:00+00:00,7362.240000000001,7366.14,7360.25,7362.14,2439
2026-07-30T12:40:00+00:00,7362.14,7362.89,7358.62,7360.63,3191
2026-07-30T12:45:00+00:00,7360.63,7362.12,7358.38,7361.87,2668
2026-07-30T12:50:00+00:00,7361.87,7364.63,7360.37,7363.62,2258
2026-07-30T12:55:00+00:00,7363.62,7366.13,7361.87,7364.14,2367
2026-07-30T13:00:00+00:00,7364.14,7370.39,7363.37,7369.37,3112
2026-07-30T13:05:00+00:00,7369.37,7375.13,7368.39,7368.39,2589
2026-07-30T13:10:00+00:00,7368.39,7371.5,7365.62,7368,2148
2026-07-30T13:15:00+00:00,7368,7373.39,7366.87,7373.26,2317
2026-07-30T13:20:00+00:00,7373.26,7373.39,7369.87,7372.39,1850
2026-07-30T13:25:00+00:00,7372.39,7380.12,7371.490000000001,7379.88,3329
2026-07-30T13:30:00+00:00,7379.88,7381.67,7369.42,7374.05,8778
2026-07-30T13:35:00+00:00,7374.05,7379.81,7369.17,7372.67,8267
2026-07-30T13:40:00+00:00,7372.67,7386.9400000000005,7365.4400000000005,7382.93,8983
2026-07-30T13:45:00+00:00,7382.93,7393.1900000000005,7382.93,7392.92,6116
2026-07-30T13:50:00+00:00,7392.92,7402.6900000000005,7389.68,7397.93,6619
2026-07-30T13:55:00+00:00,7397.93,7405.4400000000005,7394.93,7405.1900000000005,6391
2026-07-30T14:00:00+00:00,7405.1900000000005,7408.93,7399.92,7404.6900000000005,6578
2026-07-30T14:05:00+00:00,7404.6900000000005,7408.18,7394.67,7396.43,6632
2026-07-30T14:10:00+00:00,7396.43,7400.6900000000005,7393.17,7398.4400000000005,6675
2026-07-30T14:15:00+00:00,7398.4400000000005,7403.4400000000005,7392.42,7396.67,6416
2026-07-30T14:20:00+00:00,7396.67,7404.4400000000005,7394.92,7398.42,5607
2026-07-30T14:25:00+00:00,7398.42,7411.9400000000005,7396.17,7405.1900000000005,5394
2026-07-30T14:30:00+00:00,7405.1900000000005,7407.43,7399.04,7401.93,5616
2026-07-30T14:35:00+00:00,7401.93,7408.1900000000005,7398.92,7405.67,5039
2026-07-30T14:40:00+00:00,7405.67,7409.9400000000005,7395.67,7397.1900000000005,4237
2026-07-30T14:45:00+00:00,7397.1900000000005,7399.9400000000005,7386.93,7390.9400000000005,5735
2026-07-30T14:50:00+00:00,7390.9400000000005,7392.17,7379.56,7380.42,5711
2026-07-30T14:55:00+00:00,7380.42,7384.1900000000005,7374.43,7380.68,6297
2026-07-30T15:00:00+00:00,7380.68,7384.42,7370.93,7380.68,6852
2026-07-30T15:05:00+00:00,7380.68,7386.68,7372.29,7385.92,6805
2026-07-30T15:10:00+00:00,7385.92,7386.18,7366.67,7367.17,6056
2026-07-30T15:15:00+00:00,7367.17,7375.54,7364.68,7373.17,6941
2026-07-30T15:20:00+00:00,7373.17,7379.93,7370.67,7372.79,5824
2026-07-30T15:25:00+00:00,7372.79,7376.92,7364.68,7366.42,6370
2026-07-30T15:30:00+00:00,7366.42,7379.42,7365.17,7379.42,6932
2026-07-30T15:35:00+00:00,7379.42,7383.06,7373.05,7377.6900000000005,6052
2026-07-30T15:40:00+00:00,7377.6900000000005,7388.18,7376.17,7384.93,5666
2026-07-30T15:45:00+00:00,7384.93,7391.17,7384.93,7389.17,4923
2026-07-30T15:50:00+00:00,7389.17,7390.93,7382.06,7390.6900000000005,4679
2026-07-30T15:55:00+00:00,7390.6900000000005,7395.18,7389.17,7390.17,4306
2026-07-30T16:00:00+00:00,7390.17,7402.1900000000005,7387.4400000000005,7401.4400000000005,4686
2026-07-30T16:05:00+00:00,7401.4400000000005,7402.93,7397.4400000000005,7400.42,3402
2026-07-30T16:10:00+00:00,7400.42,7408.67,7400.17,7407.43,2938
2026-07-30T16:15:00+00:00,7407.43,7411.17,7406.9400000000005,7408.3,2729
2026-07-30T16:20:00+00:00,7408.3,7410.18,7404.92,7405.68,2774
2026-07-30T16:25:00+00:00,7405.68,7408.93,7404.43,7406.9400000000005,2913
2026-07-30T16:30:00+00:00,7406.9400000000005,7407.9400000000005,7402.4400000000005,7406.67,3700
2026-07-30T16:35:00+00:00,7406.67,7409.81,7403.9400000000005,7404.18,2865
2026-07-30T16:40:00+00:00,7404.18,7404.68,7396.92,7399.68,3968
2026-07-30T16:45:00+00:00,7399.68,7406.81,7399.43,7404.93,3108
2026-07-30T16:50:00+00:00,7404.93,7410.9400000000005,7402.17,7409.17,2721
2026-07-30T16:55:00+00:00,7409.17,7410.92,7407.4400000000005,7409.42,2277
2026-07-30T17:00:00+00:00,7409.42,7420.1900000000005,7409.3,7419.17,3412
2026-07-30T17:05:00+00:00,7419.17,7420.93,7415.67,7417.4400000000005,2471
2026-07-30T17:10:00+00:00,7417.4400000000005,7419.1900000000005,7415.3,7416.43,2234
2026-07-30T17:15:00+00:00,7416.43,7421.9400000000005,7416.17,7421.43,2113
2026-07-30T17:20:00+00:00,7421.43,7421.43,7417.17,7419.17,1719
2026-07-30T17:25:00+00:00,7419.17,7419.54,7416.17,7417.18,1740
2026-07-30T17:30:00+00:00,7417.18,7419.6900000000005,7413.42,7414.92,1907
2026-07-30T17:35:00+00:00,7414.92,7418.6900000000005,7411.43,7412.92,2975
2026-07-30T17:40:00+00:00,7412.92,7420.9400000000005,7412.92,7418.6900000000005,2503
2026-07-30T17:45:00+00:00,7418.6900000000005,7420.9400000000005,7418.17,7418.18,1593
2026-07-30T17:50:00+00:00,7418.18,7423.1900000000005,7417.67,7417.93,1857
2026-07-30T17:55:00+00:00,7417.93,7419.1900000000005,7415.92,7417.17,1411
2026-07-30T18:00:00+00:00,7417.17,7422.1900000000005,7416.42,7416.6900000000005,1729
2026-07-30T18:05:00+00:00,7416.6900000000005,7421.4400000000005,7416.4400000000005,7420.31,1753
2026-07-30T18:10:00+00:00,7420.31,7422.1900000000005,7418.92,7421.42,1462
2026-07-30T18:15:00+00:00,7421.42,7422.68,7419.93,7420.9400000000005,1431
2026-07-30T18:20:00+00:00,7420.9400000000005,7423.4400000000005,7419.93,7422.1900000000005,1429
2026-07-30T18:25:00+00:00,7422.1900000000005,7423.1900000000005,7420.42,7422.93,1320
2026-07-30T18:30:00+00:00,7422.93,7424.81,7421.17,7422.4400000000005,1561
2026-07-30T18:35:00+00:00,7422.4400000000005,7422.6900000000005,7419.43,7420.18,1574
2026-07-30T18:40:00+00:00,7420.18,7422.9400000000005,7419.9400000000005,7422.4400000000005,1445
2026-07-30T18:45:00+00:00,7422.4400000000005,7425.1900000000005,7422.17,7424.42,1377
2026-07-30T18:50:00+00:00,7424.42,7426.1900000000005,7423.17,7424.42,1243
2026-07-30T18:55:00+00:00,7424.42,7427.6900000000005,7423.18,7426.93,1613
2026-07-30T19:00:00+00:00,7426.93,7432.9400000000005,7426.93,7431.92,2105
2026-07-30T19:05:00+00:00,7431.92,7437.6900000000005,7431.17,7437.43,1951
2026-07-30T19:10:00+00:00,7437.43,7442.3,7437.29,7439.92,2094
2026-07-30T19:15:00+00:00,7439.92,7443.9400000000005,7437.67,7442.17,1873
2026-07-30T19:20:00+00:00,7442.17,7442.4400000000005,7438.92,7439.6900000000005,1877
2026-07-30T19:25:00+00:00,7439.6900000000005,7441.18,7436.92,7436.93,1473
2026-07-30T19:30:00+00:00,7436.93,7438.9400000000005,7435.92,7437.1900000000005,2271
2026-07-30T19:35:00+00:00,7437.1900000000005,7438.1900000000005,7433.67,7436.42,2047
2026-07-30T19:40:00+00:00,7436.42,7438.4400000000005,7434.160000000001,7437.1900000000005,1914
2026-07-30T19:45:00+00:00,7437.1900000000005,7437.9400000000005,7432.68,7435.55,2506
2026-07-30T19:50:00+00:00,7435.55,7435.55,7431.17,7433.92,3729
2026-07-30T19:55:00+00:00,7433.92,7441.9400000000005,7429.93,7436.6900000000005,6235
2026-07-30T20:00:00+00:00,7436.6900000000005,7457.38,7433.76,7457.38,7179
2026-07-30T20:05:00+00:00,7457.38,7457.38,7448.51,7448.990000000001,2606
2026-07-30T20:10:00+00:00,7448.990000000001,7454.240000000001,7445.63,7452.37,2759
2026-07-30T20:15:00+00:00,7452.37,7456.38,7451.64,7455.62,2211
2026-07-30T20:20:00+00:00,7455.62,7457.64,7453.62,7456.13,1304
2026-07-30T20:25:00+00:00,7456.13,7456.740000000001,7454.13,7455.76,1064
2026-07-30T20:30:00+00:00,7455.76,7461.89,7444.87,7450.38,3485
2026-07-30T20:35:00+00:00,7450.38,7450.38,7444.62,7446.88,1313
2026-07-30T20:40:00+00:00,7446.88,7447.14,7442.01,7446.490000000001,1266
2026-07-30T20:45:00+00:00,7446.490000000001,7447.39,7441.62,7442.62,1009
2026-07-30T20:50:00+00:00,7442.62,7443.62,7438.12,7440.64,1039
2026-07-30T20:55:00+00:00,7440.64,7442.13,7437.62,7440.35,712
2026-07-30T22:00:00+00:00,7440.35,7445.29,7434.17,7444.54,2457
2026-07-30T22:05:00+00:00,7444.54,7445.160000000001,7441.660000000001,7445.160000000001,835
2026-07-30T22:10:00+00:00,7445.160000000001,7446.04,7440.77,7442.400000000001,641
2026-07-30T22:15:00+00:00,7442.400000000001,7446.54,7442.29,7443.79,558
2026-07-30T22:20:00+00:00,7443.79,7444.660000000001,7439.150000000001,7439.29,710
2026-07-30T22:25:00+00:00,7439.29,7442.150000000001,7439.27,7440.92,602
2026-07-30T22:30:00+00:00,7440.92,7442.900000000001,7438.660000000001,7442.52,608
2026-07-30T22:35:00+00:00,7442.52,7446.42,7442.42,7446.150000000001,641
2026-07-30T22:40:00+00:00,7446.150000000001,7448.400000000001,7445.280000000001,7448.400000000001,437
2026-07-30T22:45:00+00:00,7448.400000000001,7449.660000000001,7447.910000000001,7448.910000000001,380
2026-07-30T22:50:00+00:00,7448.910000000001,7450.910000000001,7448.27,7450.04,322
2026-07-30T22:55:00+00:00,7450.04,7451.42,7449.780000000001,7450.650000000001,330
2026-07-30T23:00:00+00:00,7450.650000000001,7455.17,7450.650000000001,7454.79,714
2026-07-30T23:05:00+00:00,7454.79,7455.410000000001,7451.17,7451.17,361
2026-07-30T23:10:00+00:00,7451.17,7451.400000000001,7448.400000000001,7448.900000000001,443
2026-07-30T23:15:00+00:00,7448.900000000001,7449.17,7447.27,7447.900000000001,287
2026-07-30T23:20:00+00:00,7447.900000000001,7448.04,7446.400000000001,7446.92,315
2026-07-30T23:25:00+00:00,7446.92,7449.92,7446.92,7448.660000000001,362
2026-07-30T23:30:00+00:00,7448.660000000001,7451.530000000001,7448.02,7450.150000000001,400
2026-07-30T23:35:00+00:00,7450.150000000001,7452.29,7449.17,7451.77,366
2026-07-30T23:40:00+00:00,7451.77,7453.79,7451.650000000001,7453.650000000001,570
2026-07-30T23:45:00+00:00,7453.650000000001,7456.17,7452.150000000001,7455.67,995
2026-07-30T23:50:00+00:00,7455.67,7456.67,7451.17,7456.04,981
2026-07-30T23:55:00+00:00,7456.04,7457.67,7453.900000000001,7453.900000000001,709
2026-07-31T00:00:00+00:00,7453.900000000001,7456.42,7450.660000000001,7455.17,2057
2026-07-31T00:05:00+00:00,7455.17,7459.67,7454.900000000001,7457.910000000001,1737
2026-07-31T00:10:00+00:00,7457.910000000001,7462.42,7456.54,7461.650000000001,1375
2026-07-31T00:15:00+00:00,7461.650000000001,7463.900000000001,7458.92,7462.910000000001,1476
2026-07-31T00:20:00+00:00,7462.910000000001,7463.910000000001,7458.900000000001,7460.530000000001,1318
2026-07-31T00:25:00+00:00,7460.530000000001,7460.92,7459.150000000001,7460.150000000001,943
2026-07-31T00:30:00+00:00,7460.150000000001,7463.400000000001,7459.92,7462.27,850
2026-07-31T00:35:00+00:00,7462.27,7462.42,7460.04,7461.02,1018
2026-07-31T00:40:00+00:00,7461.02,7462.67,7459.650000000001,7462.660000000001,1006
2026-07-31T00:45:00+00:00,7462.660000000001,7462.900000000001,7457.660000000001,7458.150000000001,1098
2026-07-31T00:50:00+00:00,7458.150000000001,7459.900000000001,7457.27,7457.400000000001,792
2026-07-31T00:55:00+00:00,7457.400000000001,7461.660000000001,7457.400000000001,7461.17,646
2026-07-31T01:00:00+00:00,7461.17,7465.67,7461.17,7465.160000000001,1106
2026-07-31T01:05:00+00:00,7465.160000000001,7467.67,7464.910000000001,7467.660000000001,720
2026-07-31T01:10:00+00:00,7467.660000000001,7467.92,7465.160000000001,7465.92,597
2026-07-31T01:15:00+00:00,7465.92,7470.42,7465.780000000001,7468.17,674
2026-07-31T01:20:00+00:00,7468.17,7469.660000000001,7466.910000000001,7468.42,425
2026-07-31T01:25:00+00:00,7468.42,7469.67,7466.900000000001,7468.280000000001,720
2026-07-31T01:30:00+00:00,7468.280000000001,7468.67,7465.650000000001,7467.150000000001,1263
2026-07-31T01:35:00+00:00,7467.150000000001,7467.160000000001,7463.17,7464.17,1045
2026-07-31T01:40:00+00:00,7464.17,7464.42,7462.410000000001,7463.17,763
2026-07-31T01:45:00+00:00,7463.17,7463.17,7460.530000000001,7460.79,911
2026-07-31T01:50:00+00:00,7460.79,7462.92,7460.400000000001,7461.910000000001,923
2026-07-31T01:55:00+00:00,7461.910000000001,7463.92,7461.400000000001,7463.900000000001,716
2026-07-31T02:00:00+00:00,7463.900000000001,7466.42,7460.900000000001,7461.160000000001,896
2026-07-31T02:05:00+00:00,7461.160000000001,7464.030000000001,7460.42,7463.660000000001,846
2026-07-31T02:10:00+00:00,7463.660000000001,7463.79,7460.650000000001,7460.92,648
2026-07-31T02:15:00+00:00,7460.92,7460.92,7457.660000000001,7458.150000000001,789
2026-07-31T02:20:00+00:00,7458.150000000001,7460.160000000001,7457.650000000001,7458.400000000001,593
2026-07-31T02:25:00+00:00,7458.400000000001,7459.17,7457.52,7458.530000000001,563
2026-07-31T02:30:00+00:00,7458.530000000001,7459.660000000001,7457.410000000001,7458.400000000001,563
2026-07-31T02:35:00+00:00,7458.400000000001,7458.67,7454.650000000001,7456.900000000001,561
2026-07-31T02:40:00+00:00,7456.900000000001,7458.42,7456.400000000001,7458.410000000001,470
2026-07-31T02:45:00+00:00,7458.410000000001,7459.67,7455.650000000001,7455.900000000001,557
2026-07-31T02:50:00+00:00,7455.900000000001,7457.900000000001,7455.400000000001,7456.410000000001,463
2026-07-31T02:55:00+00:00,7456.410000000001,7459.17,7456.150000000001,7459.17,567
2026-07-31T03:00:00+00:00,7459.17,7459.17,7456.410000000001,7458.52,668
2026-07-31T03:05:00+00:00,7458.52,7459.160000000001,7457.67,7458.660000000001,565
2026-07-31T03:10:00+00:00,7458.660000000001,7459.67,7454.650000000001,7457.17,1061
2026-07-31T03:15:00+00:00,7457.17,7461.780000000001,7457.150000000001,7461.650000000001,630
2026-07-31T03:20:00+00:00,7461.650000000001,7463.410000000001,7460.650000000001,7461.530000000001,845
2026-07-31T03:25:00+00:00,7461.530000000001,7463.17,7460.910000000001,7462.400000000001,577
2026-07-31T03:30:00+00:00,7462.400000000001,7464.77,7462.030000000001,7462.900000000001,1084
2026-07-31T03:35:00+00:00,7462.900000000001,7464.17,7462.650000000001,7463.650000000001,775
2026-07-31T03:40:00+00:00,7463.650000000001,7463.900000000001,7461.900000000001,7463.400000000001,652
2026-07-31T03:45:00+00:00,7463.400000000001,7463.650000000001,7459.150000000001,7459.410000000001,1007
2026-07-31T03:50:00+00:00,7459.410000000001,7463.92,7459.29,7463.27,898
2026-07-31T03:55:00+00:00,7463.27,7463.92,7462.150000000001,7462.910000000001,579
2026-07-31T04:00:00+00:00,7462.910000000001,7463.160000000001,7458.410000000001,7461.42,713
2026-07-31T04:05:00+00:00,7461.42,7464.42,7461.27,7464.150000000001,675
2026-07-31T04:10:00+00:00,7464.150000000001,7464.42,7462.900000000001,7463.910000000001,604
2026-07-31T04:15:00+00:00,7463.910000000001,7466.92,7462.650000000001,7466.910000000001,469
2026-07-31T04:20:00+00:00,7466.910000000001,7467.67,7466.17,7467.660000000001,420
2026-07-31T04:25:00+00:00,7467.660000000001,7469.17,7466.910000000001,7468.900000000001,512
2026-07-31T04:30:00+00:00,7468.900000000001,7471.42,7468.400000000001,7471.030000000001,538
2026-07-31T04:35:00+00:00,7471.030000000001,7473.17,7469.910000000001,7472.900000000001,533
2026-07-31T04:40:00+00:00,7472.900000000001,7473.67,7472.150000000001,7473.42,304
2026-07-31T04:45:00+00:00,7473.42,7474.42,7473.400000000001,7473.660000000001,381
2026-07-31T04:50:00+00:00,7473.660000000001,7474.650000000001,7472.400000000001,7474.42,397
2026-07-31T04:55:00+00:00,7474.42,7475.42,7474.160000000001,7474.92,307
2026-07-31T05:00:00+00:00,7474.92,7475.42,7474.400000000001,7474.900000000001,528
2026-07-31T05:05:00+00:00,7474.900000000001,7475.29,7473.650000000001,7474.900000000001,442
2026-07-31T05:10:00+00:00,7474.900000000001,7475.660000000001,7473.160000000001,7474.160000000001,386
2026-07-31T05:15:00+00:00,7474.160000000001,7474.67,7473.410000000001,7474.150000000001,251
2026-07-31T05:20:00+00:00,7474.150000000001,7475.29,7473.900000000001,7474.150000000001,263
2026-07-31T05:25:00+00:00,7474.150000000001,7476.410000000001,7473.77,7475.27,342
2026-07-31T05:30:00+00:00,7475.27,7476.150000000001,7472.17,7472.410000000001,542
2026-07-31T05:35:00+00:00,7472.410000000001,7473.67,7471.660000000001,7473.42,559
2026-07-31T05:40:00+00:00,7473.42,7476.650000000001,7472.650000000001,7472.650000000001,442
2026-07-31T05:45:00+00:00,7472.650000000001,7475.17,7471.900000000001,7474.650000000001,455
2026-07-31T05:50:00+00:00,7474.650000000001,7475.650000000001,7473.160000000001,7475.42,410
2026-07-31T05:55:00+00:00,7475.42,7475.42,7472.67,7474.410000000001,599
2026-07-31T06:00:00+00:00,7474.410000000001,7475.92,7473.400000000001,7473.910000000001,755
2026-07-31T06:05:00+00:00,7473.910000000001,7475.67,7473.910000000001,7475.17,563
2026-07-31T06:10:00+00:00,7475.17,7476.92,7474.660000000001,7476.400000000001,447
2026-07-31T06:15:00+00:00,7476.400000000001,7477.02,7475.900000000001,7476.150000000001,432
2026-07-31T06:20:00+00:00,7476.150000000001,7476.150000000001,7472.900000000001,7473.660000000001,402
2026-07-31T06:25:00+00:00,7473.660000000001,7474.17,7472.660000000001,7473.900000000001,558
2026-07-31T06:30:00+00:00,7473.900000000001,7474.17,7465.42,7465.92,1296
2026-07-31T06:35:00+00:00,7465.92,7466.04,7461.910000000001,7464.42,1670
2026-07-31T06:40:00+00:00,7464.42,7464.42,7459.530000000001,7462.400000000001,1242
2026-07-31T06:45:00+00:00,7462.400000000001,7462.410000000001,7458.160000000001,7460.910000000001,1502
2026-07-31T06:50:00+00:00,7460.910000000001,7463.410000000001,7458.410000000001,7463.150000000001,1069
2026-07-31T06:55:00+00:00,7463.150000000001,7464.42,7461.900000000001,7462.42,804
2026-07-31T07:00:00+00:00,7462.42,7463.67,7459.150000000001,7463.660000000001,2526
2026-07-31T07:05:00+00:00,7463.660000000001,7467.92,7463.29,7467.660000000001,1480
2026-07-31T07:10:00+00:00,7467.660000000001,7473.42,7467.400000000001,7471.92,1592
2026-07-31T07:15:00+00:00,7471.92,7472.67,7467.150000000001,7472.410000000001,1547
2026-07-31T07:20:00+00:00,7472.410000000001,7472.660000000001,7467.400000000001,7469.660000000001,1377
2026-07-31T07:25:00+00:00,7469.660000000001,7474.67,7469.660000000001,7471.150000000001,1573
2026-07-31T07:30:00+00:00,7471.150000000001,7471.660000000001,7469.150000000001,7469.27,1222
2026-07-31T07:35:00+00:00,7469.27,7472.17,7468.77,7470.910000000001,1231
2026-07-31T07:40:00+00:00,7470.910000000001,7473.42,7470.650000000001,7472.67,921
2026-07-31T07:45:00+00:00,7472.67,7474.17,7470.150000000001,7470.910000000001,961
2026-07-31T07:50:00+00:00,7470.910000000001,7472.660000000001,7468.910000000001,7472.42,1050
2026-07-31T07:55:00+00:00,7472.42,7473.92,7471.400000000001,7472.660000000001,961
2026-07-31T08:00:00+00:00,7472.660000000001,7474.900000000001,7468.900000000001,7470.410000000001,2244
2026-07-31T08:05:00+00:00,7470.410000000001,7475.17,7470.410000000001,7471.660000000001,1761
2026-07-31T08:10:00+00:00,7471.660000000001,7476.42,7470.67,7476.410000000001,1827
2026-07-31T08:15:00+00:00,7476.410000000001,7478.92,7476.150000000001,7478.650000000001,1289
2026-07-31T08:20:00+00:00,7478.650000000001,7478.79,7474.150000000001,7475.660000000001,1288
2026-07-31T08:25:00+00:00,7475.660000000001,7478.92,7475.17,7477.410000000001,1383
2026-07-31T08:30:00+00:00,7477.410000000001,7478.17,7475.400000000001,7476.660000000001,1238
2026-07-31T08:35:00+00:00,7476.660000000001,7476.92,7474.04,7474.17,914
2026-07-31T08:40:00+00:00,7474.17,7476.02,7473.150000000001,7474.410000000001,992
2026-07-31T08:45:00+00:00,7474.410000000001,7478.42,7473.900000000001,7476.900000000001,1041
2026-07-31T08:50:00+00:00,7476.900000000001,7478.42,7476.17,7476.42,981
2026-07-31T08:55:00+00:00,7476.42,7479.92,7476.150000000001,7478.910000000001,1046
2026-07-31T09:00:00+00:00,7478.910000000001,7480.52,7478.160000000001,7479.54,1817
2026-07-31T09:05:00+00:00,7479.54,7481.42,7477.17,7481.17,1239
2026-07-31T09:10:00+00:00,7481.17,7483.67,7480.900000000001,7482.150000000001,697
2026-07-31T09:15:00+00:00,7482.150000000001,7482.910000000001,7480.400000000001,7480.42,690
2026-07-31T09:20:00+00:00,7480.42,7481.42,7479.160000000001,7479.92,885
2026-07-31T09:25:00+00:00,7479.92,7480.660000000001,7477.410000000001,7477.900000000001,831
2026-07-31T09:30:00+00:00,7477.900000000001,7478.42,7474.04,7474.42,1089
2026-07-31T09:35:00+00:00,7474.42,7474.910000000001,7469.92,7471.400000000001,1371
2026-07-31T09:40:00+00:00,7471.400000000001,7473.410000000001,7470.900000000001,7472.410000000001,788
2026-07-31T09:45:00+00:00,7472.410000000001,7473.900000000001,7471.660000000001,7473.150000000001,891
2026-07-31T09:50:00+00:00,7473.150000000001,7474.17,7471.160000000001,7471.42,756
2026-07-31T09:55:00+00:00,7471.42,7473.79,7470.02,7470.160000000001,926
2026-07-31T10:00:00+00:00,7470.160000000001,7471.660000000001,7468.400000000001,7470.160000000001,1238
2026-07-31T10:05:00+00:00,7470.160000000001,7471.92,7469.17,7470.910000000001,1366
2026-07-31T10:10:00+00:00,7470.910000000001,7474.42,7470.160000000001,7473.42,857
2026-07-31T10:15:00+00:00,7473.42,7476.42,7472.650000000001,7476.17,616
2026-07-31T10:20:00+00:00,7476.17,7478.17,7474.650000000001,7474.67,697
2026-07-31T10:25:00+00:00,7474.67,7476.52,7474.650000000001,7475.67,580
2026-07-31T10:30:00+00:00,7475.67,7476.660000000001,7472.02,7472.67,980
2026-07-31T10:35:00+00:00,7472.67,7472.92,7470.400000000001,7472.780000000001,907
2026-07-31T10:40:00+00:00,7472.780000000001,7474.67,7472.530000000001,7474.17,849
2026-07-31T10:45:00+00:00,7474.17,7475.42,7470.910000000001,7471.410000000001,754
2026-07-31T10:50:00+00:00,7471.410000000001,7474.17,7471.150000000001,7473.67,835
2026-07-31T10:55:00+00:00,7473.67,7474.67,7471.650000000001,7472.650000000001,915
2026-07-31T11:00:00+00:00,7472.650000000001,7477.410000000001,7472.04,7476.92,1515
2026-07-31T11:05:00+00:00,7476.92,7477.42,7475.27,7475.67,1027
2026-07-31T11:10:00+00:00,7475.67,7475.67,7472.400000000001,7472.910000000001,1002
2026-07-31T11:15:00+00:00,7472.910000000001,7473.17,7466.400000000001,7468.900000000001,2698
2026-07-31T11:20:00+00:00,7468.900000000001,7469.67,7467.650000000001,7469.17,1385
2026-07-31T11:25:00+00:00,7469.17,7470.160000000001,7465.52,7466.02,1304
2026-07-31T11:30:00+00:00,7466.02,7466.17,7461.900000000001,7462.910000000001,1562
2026-07-31T11:35:00+00:00,7462.910000000001,7465.67,7461.400000000001,7462.150000000001,1256
2026-07-31T11:40:00+00:00,7462.150000000001,7463.54,7460.52,7462.17,1457
2026-07-31T11:45:00+00:00,7462.17,7465.17,7461.660000000001,7463.67,1486
2026-07-31T11:50:00+00:00,7463.67,7465.92,7463.650000000001,7465.42,1061
2026-07-31T11:55:00+00:00,7465.42,7466.400000000001,7464.400000000001,7465.410000000001,794
2026-07-31T12:00:00+00:00,7465.410000000001,7465.660000000001,7459.160000000001,7460.150000000001,1304
2026-07-31T12:05:00+00:00,7460.150000000001,7460.42,7457.650000000001,7458.410000000001,1324
2026-07-31T12:10:00+00:00,7458.410000000001,7458.67,7456.150000000001,7456.54,1169
2026-07-31T12:15:00+00:00,7456.54,7457.17,7454.150000000001,7454.92,1367
2026-07-31T12:20:00+00:00,7454.92,7457.17,7452.160000000001,7456.92,1370
2026-07-31T12:25:00+00:00,7456.92,7458.67,7456.400000000001,7457.18,894
2026-07-31T12:30:00+00:00,7457.18,7457.92,7450.910000000001,7451.67,1964
2026-07-31T12:35:00+00:00,7451.67,7452.42,7449.150000000001,7449.17,1559
2026-07-31T12:40:00+00:00,7449.17,7451.410000000001,7445.900000000001,7449.27,1542
2026-07-31T12:45:00+00:00,7449.27,7450.42,7447.04,7447.910000000001,1413
2026-07-31T12:50:00+00:00,7447.910000000001,7452.92,7446.400000000001,7452.42,1242
2026-07-31T12:55:00+00:00,7452.42,7452.660000000001,7447.660000000001,7449.17,1157
2026-07-31T13:00:00+00:00,7449.17,7453.410000000001,7447.410000000001,7451.650000000001,1438
2026-07-31T13:05:00+00:00,7451.650000000001,7454.29,7450.42,7453.900000000001,798
2026-07-31T13:10:00+00:00,7453.900000000001,7457.17,7453.900000000001,7456.160000000001,1034
2026-07-31T13:15:00+00:00,7456.160000000001,7458.660000000001,7456.160000000001,7458.410000000001,1006
2026-07-31T13:20:00+00:00,7458.410000000001,7461.04,7457.150000000001,7460.910000000001,1426
2026-07-31T13:25:00+00:00,7460.910000000001,7465.42,7459.650000000001,7464.77,2123
2026-07-31T13:30:00+00:00,7464.77,7481.22,7464.21,7478.47,6302
2026-07-31T13:35:00+00:00,7478.47,7480.700000000001,7459.450000000001,7459.450000000001,6265
2026-07-31T13:40:00+00:00,7459.450000000001,7459.700000000001,7446.47,7448.950000000001,8664
2026-07-31T13:45:00+00:00,7448.950000000001,7453.700000000001,7437.450000000001,7440.46,10315
2026-07-31T13:50:00+00:00,7440.46,7444.09,7432.950000000001,7437.47,11208
2026-07-31T13:55:00+00:00,7437.47,7445.72,7434.46,7436.59,9871
2026-07-31T14:00:00+00:00,7436.59,7441.09,7420.200000000001,7420.200000000001,9154
2026-07-31T14:05:00+00:00,7420.200000000001,7424.71,7401.47,7408.58,8621
2026-07-31T14:10:00+00:00,7408.58,7411.08,7396.72,7401.71,10231
2026-07-31T14:15:00+00:00,7401.71,7411.950000000001,7393.950000000001,7402.72,10333
2026-07-31T14:20:00+00:00,7402.72,7418.09,7400.450000000001,7412.21,8475
2026-07-31T14:25:00+00:00,7412.21,7422.46,7409.72,7421.97,8503
2026-07-31T14:30:00+00:00,7421.97,7428.21,7418.450000000001,7422.700000000001,8011
2026-07-31T14:35:00+00:00,7422.700000000001,7431.22,7421.96,7429.700000000001,7730
2026-07-31T14:40:00+00:00,7429.700000000001,7434.22,7423.450000000001,7433.700000000001,8344
2026-07-31T14:45:00+00:00,7433.700000000001,7442.46,7432.200000000001,7441.97,7177
2026-07-31T14:50:00+00:00,7441.97,7446.96,7438.200000000001,7439.570000000001,5987
2026-07-31T14:55:00+00:00,7439.570000000001,7444.72,7432.820000000001,7442.96,6613
2026-07-31T15:00:00+00:00,7442.96,7444.700000000001,7435.700000000001,7442.700000000001,6634
2026-07-31T15:05:00+00:00,7442.700000000001,7445.72,7432.21,7435.96,6169
2026-07-31T15:10:00+00:00,7435.96,7442.71,7428.950000000001,7439.22,7034
2026-07-31T15:15:00+00:00,7439.22,7448.08,7432.700000000001,7437.200000000001,7044
2026-07-31T15:20:00+00:00,7437.200000000001,7439.22,7427.700000000001,7428.22,6747
2026-07-31T15:25:00+00:00,7428.22,7429.97,7418.700000000001,7420.700000000001,6444
2026-07-31T15:30:00+00:00,7420.700000000001,7425.200000000001,7415.72,7425.200000000001,6966
2026-07-31T15:35:00+00:00,7425.200000000001,7441.22,7424.700000000001,7438.320000000001,6438
2026-07-31T15:40:00+00:00,7438.320000000001,7441.450000000001,7427.46,7435.700000000001,5636
2026-07-31T15:45:00+00:00,7435.700000000001,7437.71,7428.96,7432.22,6323
2026-07-31T15:50:00+00:00,7432.22,7446.950000000001,7430.950000000001,7445.47,5976
2026-07-31T15:55:00+00:00,7445.47,7450.97,7443.200000000001,7448.72,4936
2026-07-31T16:00:00+00:00,7448.72,7453.21,7446.71,7449.950000000001,4822
2026-07-31T16:05:00+00:00,7449.950000000001,7451.46,7442.21,7447.72,4581
2026-07-31T16:10:00+00:00,7447.72,7453.96,7447.450000000001,7452.72,4048
2026-07-31T16:15:00+00:00,7452.72,7453.47,7445.200000000001,7450.450000000001,4342
2026-07-31T16:20:00+00:00,7450.450000000001,7461.97,7449.72,7460.700000000001,3943
2026-07-31T16:25:00+00:00,7460.700000000001,7461.97,7455.72,7461.97,3299
2026-07-31T16:30:00+00:00,7461.97,7465.72,7461.22,7465.46,3310
2026-07-31T16:35:00+00:00,7465.46,7466.97,7461.320000000001,7462.96,3166
2026-07-31T16:40:00+00:00,7462.96,7465.22,7458.950000000001,7459.450000000001,3300
2026-07-31T16:45:00+00:00,7459.450000000001,7463.72,7457.700000000001,7463.200000000001,3475
2026-07-31T16:50:00+00:00,7463.200000000001,7467.46,7461.950000000001,7463.700000000001,2991
2026-07-31T16:55:00+00:00,7463.700000000001,7466.450000000001,7462.96,7463.72,2635
2026-07-31T17:00:00+00:00,7463.72,7470.96,7462.700000000001,7468.200000000001,2463
2026-07-31T17:05:00+00:00,7468.200000000001,7470.47,7463.450000000001,7465.700000000001,2152
2026-07-31T17:10:00+00:00,7465.700000000001,7470.71,7463.950000000001,7469.96,1556
2026-07-31T17:15:00+00:00,7469.96,7472.97,7468.950000000001,7472.450000000001,1273
2026-07-31T17:20:00+00:00,7472.450000000001,7478.72,7469.700000000001,7478.200000000001,1667
2026-07-31T17:25:00+00:00,7478.200000000001,7481.72,7477.200000000001,7480.950000000001,2607
2026-07-31T17:30:00+00:00,7480.950000000001,7482.22,7478.450000000001,7481.46,2366
2026-07-31T17:35:00+00:00,7481.46,7482.72,7475.450000000001,7475.450000000001,2061
2026-07-31T17:40:00+00:00,7475.450000000001,7477.950000000001,7473.950000000001,7475.97,2102
2026-07-31T17:45:00+00:00,7475.97,7478.72,7469.950000000001,7470.58,2696
2026-07-31T17:50:00+00:00,7470.58,7475.97,7469.47,7473.200000000001,2452
2026-07-31T17:55:00+00:00,7473.200000000001,7475.22,7471.700000000001,7471.97,2022
2026-07-31T18:00:00+00:00,7471.97,7477.97,7470.450000000001,7474.200000000001,2444
2026-07-31T18:05:00+00:00,7474.200000000001,7477.96,7471.96,7476.47,2392
2026-07-31T18:10:00+00:00,7476.47,7478.070000000001,7472.700000000001,7474.46,2352
2026-07-31T18:15:00+00:00,7474.46,7480.22,7473.950000000001,7478.58,2022
2026-07-31T18:20:00+00:00,7478.58,7482.22,7478.21,7481.21,1663
2026-07-31T18:25:00+00:00,7481.21,7481.46,7476.950000000001,7477.97,1736
2026-07-31T18:30:00+00:00,7477.97,7480.47,7477.97,7478.450000000001,1216
2026-07-31T18:35:00+00:00,7478.450000000001,7478.700000000001,7475.21,7475.700000000001,1594
2026-07-31T18:40:00+00:00,7475.700000000001,7479.22,7474.34,7478.21,1400
2026-07-31T18:45:00+00:00,7478.21,7480.97,7476.71,7480.71,1250
2026-07-31T18:50:00+00:00,7480.71,7482.71,7479.450000000001,7479.950000000001,1262
2026-07-31T18:55:00+00:00,7479.950000000001,7481.22,7476.96,7478.96,1436
2026-07-31T19:00:00+00:00,7478.96,7483.21,7476.21,7476.700000000001,1866
2026-07-31T19:05:00+00:00,7476.700000000001,7479.97,7475.450000000001,7479.22,1901
2026-07-31T19:10:00+00:00,7479.22,7482.96,7478.700000000001,7480.71,1496
2026-07-31T19:15:00+00:00,7480.71,7492.97,7480.21,7492.71,2371
2026-07-31T19:20:00+00:00,7492.71,7496.96,7491.700000000001,7492.450000000001,2374
2026-07-31T19:25:00+00:00,7492.450000000001,7494.22,7490.950000000001,7492.72,1858
2026-07-31T19:30:00+00:00,7492.72,7492.72,7486.21,7489.21,2737
2026-07-31T19:35:00+00:00,7489.21,7494.22,7489.200000000001,7493.22,1972
2026-07-31T19:40:00+00:00,7493.22,7498.97,7490.700000000001,7498.97,2105
2026-07-31T19:45:00+00:00,7498.97,7503.21,7498.700000000001,7503.21,3069
2026-07-31T19:50:00+00:00,7503.21,7506.97,7496.450000000001,7503.72,4131
2026-07-31T19:55:00+00:00,7503.72,7503.72,7481.96,7485.22,5552
2026-07-31T20:00:00+00:00,7485.22,7492.910000000001,7483.150000000001,7485.650000000001,4857
2026-07-31T20:05:00+00:00,7485.650000000001,7489.92,7483.160000000001,7488.42,2044
2026-07-31T20:10:00+00:00,7488.42,7490.410000000001,7487.400000000001,7487.67,1190
2026-07-31T20:15:00+00:00,7487.67,7487.67,7483.02,7484.38,749
2026-07-31T20:20:00+00:00,7484.38,7485.02,7483.26,7483.51,408
2026-07-31T20:25:00+00:00,7483.51,7484.77,7482.26,7483.77,429
2026-07-31T20:30:00+00:00,7483.77,7485.27,7481.77,7485.27,476
2026-07-31T20:35:00+00:00,7485.27,7485.28,7483.76,7484.78,334
2026-07-31T20:40:00+00:00,7484.78,7485.78,7483.01,7483.37,400
2026-08-02T22:00:00+00:00,7483.37,7523.83,7483.37,7518.45,4160
2026-08-02T22:05:00+00:00,7518.45,7520.33,7516.07,7520.08,1617
2026-08-02T22:10:00+00:00,7520.08,7524.08,7519.07,7521.82,1115
2026-08-02T22:15:00+00:00,7521.82,7522.83,7516.32,7517.58,1056
2026-08-02T22:20:00+00:00,7517.58,7522.08,7517.43,7518.82,982
2026-08-02T22:25:00+00:00,7518.82,7519.69,7516.06,7517.69,723
2026-08-02T22:30:00+00:00,7517.69,7518.33,7516.07,7517.32,430
2026-08-02T22:35:00+00:00,7517.32,7519.08,7516.81,7518.58,339
2026-08-02T22:40:00+00:00,7518.58,7519.07,7515.57,7515.58,360
2026-08-02T22:45:00+00:00,7515.58,7516.82,7515.31,7515.56,261
2026-08-02T22:50:00+00:00,7515.56,7516.07,7514.31,7514.57,321
2026-08-02T22:55:00+00:00,7514.57,7515.58,7510.81,7512.19,399
2026-08-02T23:00:00+00:00,7512.19,7516.44,7512.06,7514.57,550
2026-08-02T23:05:00+00:00,7514.57,7515.58,7511.08,7511.18,383
2026-08-02T23:10:00+00:00,7511.18,7512.57,7510.06,7511.58,377
2026-08-02T23:15:00+00:00,7511.58,7512.83,7511.58,7512.83,183
2026-08-02T23:20:00+00:00,7512.83,7515.83,7512.08,7515.7,465
2026-08-02T23:25:00+00:00,7515.7,7516.33,7514.56,7515.2,191
2026-08-02T23:30:00+00:00,7515.2,7518.07,7515.2,7517.07,373
2026-08-02T23:35:00+00:00,7517.07,7517.07,7515.31,7515.31,199
2026-08-02T23:40:00+00:00,7515.31,7517.08,7514.56,7516.69,408
2026-08-02T23:45:00+00:00,7516.69,7519.31,7513.31,7518.08,1275
2026-08-02T23:50:00+00:00,7518.08,7521.58,7515.32,7516.18,1512
2026-08-02T23:55:00+00:00,7516.18,7518.82,7514.44,7517.83,1413
2026-08-03T00:00:00+00:00,7517.83,7517.83,7512.450000000001,7514.450000000001,3405
2026-08-03T00:05:00+00:00,7514.450000000001,7517.72,7513.47,7517.700000000001,2338
2026-08-03T00:10:00+00:00,7517.700000000001,7520.71,7515.71,7520.21,1676
2026-08-03T00:15:00+00:00,7520.21,7522.950000000001,7517.700000000001,7517.950000000001,1526
2026-08-03T00:20:00+00:00,7517.950000000001,7518.47,7515.21,7515.21,1113
2026-08-03T00:25:00+00:00,7515.21,7515.72,7511.700000000001,7513.34,1248
2026-08-03T00:30:00+00:00,7513.34,7517.72,7512.700000000001,7517.34,1642
2026-08-03T00:35:00+00:00,7517.34,7519.97,7516.700000000001,7518.71,1306
2026-08-03T00:40:00+00:00,7518.71,7519.950000000001,7514.700000000001,7515.97,1134
2026-08-03T00:45:00+00:00,7515.97,7518.47,7514.96,7518.200000000001,1305
2026-08-03T00:50:00+00:00,7518.200000000001,7520.72,7515.200000000001,7519.570000000001,1297
2026-08-03T00:55:00+00:00,7519.570000000001,7520.72,7519.200000000001,7520.59,1095
2026-08-03T01:00:00+00:00,7520.59,7521.58,7518.450000000001,7520.97,1392
2026-08-03T01:05:00+00:00,7520.97,7522.47,7519.700000000001,7520.71,1124
2026-08-03T01:10:00+00:00,7520.71,7521.83,7517.22,7518.200000000001,887
2026-08-03T01:15:00+00:00,7518.200000000001,7518.47,7516.200000000001,7516.46,1094
2026-08-03T01:20:00+00:00,7516.46,7519.72,7515.950000000001,7519.450000000001,932
2026-08-03T01:25:00+00:00,7519.450000000001,7521.97,7519.450000000001,7521.47,910
2026-08-03T01:30:00+00:00,7521.47,7522.22,7520.320000000001,7520.700000000001,1011
2026-08-03T01:35:00+00:00,7520.700000000001,7521.450000000001,7519.21,7521.450000000001,688
2026-08-03T01:40:00+00:00,7521.450000000001,7523.570000000001,7520.950000000001,7523.200000000001,692
2026-08-03T01:45:00+00:00,7523.200000000001,7524.34,7522.450000000001,7522.700000000001,796
2026-08-03T01:50:00+00:00,7522.700000000001,7524.71,7522.700000000001,7523.450000000001,503
2026-08-03T01:55:00+00:00,7523.450000000001,7524.97,7523.200000000001,7524.47,468
2026-08-03T02:00:00+00:00,7524.47,7525.47,7522.96,7524.72,442
2026-08-03T02:05:00+00:00,7524.72,7525.450000000001,7523.450000000001,7523.71,362
2026-08-03T02:10:00+00:00,7523.71,7526.21,7523.700000000001,7525.46,272
2026-08-03T02:15:00+00:00,7525.46,7527.46,7524.820000000001,7527.200000000001,262
2026-08-03T02:20:00+00:00,7527.200000000001,7528.200000000001,7525.950000000001,7525.96,277
2026-08-03T02:25:00+00:00,7525.96,7526.21,7523.320000000001,7523.47,352
2026-08-03T02:30:00+00:00,7523.47,7525.97,7522.97,7525.97,519
2026-08-03T02:35:00+00:00,7525.97,7526.72,7525.450000000001,7525.700000000001,297
2026-08-03T02:40:00+00:00,7525.700000000001,7526.72,7524.950000000001,7524.96,525
2026-08-03T02:45:00+00:00,7524.96,7525.97,7524.950000000001,7525.46,275
2026-08-03T02:50:00+00:00,7525.46,7526.97,7525.450000000001,7526.58,245
2026-08-03T02:55:00+00:00,7526.58,7527.21,7526.200000000001,7526.700000000001,213
2026-08-03T03:00:00+00:00,7526.700000000001,7528.21,7526.700000000001,7527.22,240
2026-08-03T03:05:00+00:00,7527.22,7528.22,7527.22,7527.83,313
2026-08-03T03:10:00+00:00,7527.83,7528.22,7527.700000000001,7527.96,221
2026-08-03T03:15:00+00:00,7527.96,7528.21,7526.950000000001,7528.21,250
2026-08-03T03:20:00+00:00,7528.21,7528.72,7525.200000000001,7525.46,278
2026-08-03T03:25:00+00:00,7525.46,7526.72,7525.200000000001,7525.21,252
2026-08-03T03:30:00+00:00,7525.21,7526.96,7524.700000000001,7526.450000000001,743
2026-08-03T03:35:00+00:00,7526.450000000001,7528.46,7526.200000000001,7528.21,556
2026-08-03T03:40:00+00:00,7528.21,7528.96,7527.96,7528.700000000001,152
2026-08-03T03:45:00+00:00,7528.700000000001,7528.97,7527.71,7528.47,138
2026-08-03T03:50:00+00:00,7528.47,7530.58,7528.450000000001,7529.950000000001,404
2026-08-03T03:55:00+00:00,7529.950000000001,7529.950000000001,7527.950000000001,7528.200000000001,293
2026-08-03T04:00:00+00:00,7528.200000000001,7528.47,7527.58,7527.72,341
2026-08-03T04:05:00+00:00,7527.72,7529.46,7527.450000000001,7528.950000000001,292
2026-08-03T04:10:00+00:00,7528.950000000001,7529.09,7528.200000000001,7528.71,391
2026-08-03T04:15:00+00:00,7528.71,7529.96,7528.700000000001,7529.47,113
2026-08-03T04:20:00+00:00,7529.47,7530.950000000001,7529.200000000001,7530.71,152
2026-08-03T04:25:00+00:00,7530.71,7531.22,7529.96,7530.96,127
2026-08-03T04:30:00+00:00,7530.96,7531.47,7530.700000000001,7530.71,155
2026-08-03T04:35:00+00:00,7530.71,7531.47,7530.71,7530.97,103
2026-08-03T04:40:00+00:00,7530.97,7531.46,7530.21,7531.46,241
2026-08-03T04:45:00+00:00,7531.46,7533.09,7530.950000000001,7532.21,204
2026-08-03T04:50:00+00:00,7532.21,7532.22,7530.450000000001,7530.71,135
2026-08-03T04:55:00+00:00,7530.71,7530.72,7529.46,7529.71,221
2026-08-03T05:00:00+00:00,7529.71,7531.72,7529.22,7530.22,213
2026-08-03T05:05:00+00:00,7530.22,7530.22,7528.450000000001,7529.450000000001,169
2026-08-03T05:10:00+00:00,7529.450000000001,7531.47,7529.450000000001,7529.97,168
2026-08-03T05:15:00+00:00,7529.97,7529.97,7528.200000000001,7528.450000000001,183
2026-08-03T05:20:00+00:00,7528.450000000001,7529.450000000001,7528.450000000001,7529.450000000001,182
2026-08-03T05:25:00+00:00,7529.450000000001,7530.950000000001,7528.950000000001,7529.71,285
2026-08-03T05:30:00+00:00,7529.71,7530.33,7529.200000000001,7529.21,292
2026-08-03T05:35:00+00:00,7529.21,7529.97,7528.72,7529.71,242
2026-08-03T05:40:00+00:00,7529.71,7530.34,7529.200000000001,7529.21,280
2026-08-03T05:45:00+00:00,7529.21,7529.97,7529.200000000001,7529.200000000001,118
2026-08-03T05:50:00+00:00,7529.200000000001,7529.33,7526.72,7527.200000000001,263
2026-08-03T05:55:00+00:00,7527.200000000001,7529.47,7526.950000000001,7529.46,177
2026-08-03T06:00:00+00:00,7529.46,7531.47,7528.46,7530.96,649
2026-08-03T06:05:00+00:00,7530.96,7531.97,7529.450000000001,7530.46,518
2026-08-03T06:10:00+00:00,7530.46,7532.22,7529.96,7529.96,336
2026-08-03T06:15:00+00:00,7529.96,7530.22,7529.450000000001,7529.450000000001,374
2026-08-03T06:20:00+00:00,7529.450000000001,7529.96,7527.700000000001,7527.97,481
2026-08-03T06:25:00+00:00,7527.97,7527.97,7525.200000000001,7525.96,528
2026-08-03T06:30:00+00:00,7525.96,7528.22,7525.950000000001,7527.21,590
2026-08-03T06:35:00+00:00,7527.21,7527.21,7524.950000000001,7525.71,358
2026-08-03T06:40:00+00:00,7525.71,7525.71,7524.450000000001,7524.450000000001,326
2026-08-03T06:45:00+00:00,7524.450000000001,7525.46,7523.450000000001,7523.71,424
2026-08-03T06:50:00+00:00,7523.71,7523.97,7522.950000000001,7523.700000000001,367
2026-08-03T06:55:00+00:00,7523.700000000001,7523.97,7522.21,7523.200000000001,376
2026-08-03T07:00:00+00:00,7523.200000000001,7525.22,7519.46,7523.700000000001,1416
2026-08-03T07:05:00+00:00,7523.700000000001,7527.47,7523.700000000001,7524.21,1226
2026-08-03T07:10:00+00:00,7524.21,7527.21,7524.070000000001,7526.450000000001,1007
2026-08-03T07:15:00+00:00,7526.450000000001,7527.97,7519.200000000001,7521.09,2292
2026-08-03T07:20:00+00:00,7521.09,7524.33,7520.21,7522.71,1437
2026-08-03T07:25:00+00:00,7522.71,7523.97,7521.46,7523.200000000001,874
2026-08-03T07:30:00+00:00,7523.200000000001,7524.71,7522.46,7524.21,931
2026-08-03T07:35:00+00:00,7524.21,7526.200000000001,7521.200000000001,7522.22,870
2026-08-03T07:40:00+00:00,7522.22,7522.22,7519.700000000001,7520.21,813
2026-08-03T07:45:00+00:00,7520.21,7523.97,7519.950000000001,7522.84,648
2026-08-03T07:50:00+00:00,7522.84,7524.22,7521.71,7523.72,691
2026-08-03T07:55:00+00:00,7523.72,7526.47,7523.46,7525.97,799
2026-08-03T08:00:00+00:00,7525.97,7526.21,7517.84,7518.21,1695
2026-08-03T08:05:00+00:00,7518.21,7520.22,7517.08,7518.96,1241
2026-08-03T08:10:00+00:00,7518.96,7521.72,7518.700000000001,7521.450000000001,967
2026-08-03T08:15:00+00:00,7521.450000000001,7521.58,7516.450000000001,7517.22,1289
2026-08-03T08:20:00+00:00,7517.22,7517.97,7515.46,7516.200000000001,1328
2026-08-03T08:25:00+00:00,7516.200000000001,7517.21,7513.72,7516.72,1088
2026-08-03T08:30:00+00:00,7516.72,7517.08,7514.200000000001,7515.22,1254
2026-08-03T08:35:00+00:00,7515.22,7521.97,7514.96,7521.71,1089
2026-08-03T08:40:00+00:00,7521.71,7523.34,7520.200000000001,7520.97,1102
2026-08-03T08:45:00+00:00,7520.97,7522.22,7518.72,7520.96,1100
2026-08-03T08:50:00+00:00,7520.96,7521.97,7520.46,7521.47,677
2026-08-03T08:55:00+00:00,7521.47,7525.72,7521.46,7525.72,659
2026-08-03T09:00:00+00:00,7525.72,7526.700000000001,7522.47,7522.72,893
2026-08-03T09:05:00+00:00,7522.72,7525.22,7522.47,7523.47,677
2026-08-03T09:10:00+00:00,7523.47,7523.96,7520.22,7522.450000000001,732
2026-08-03T09:15:00+00:00,7522.450000000001,7524.97,7521.46,7523.96,712
2026-08-03T09:20:00+00:00,7523.96,7524.72,7522.570000000001,7522.570000000001,611
2026-08-03T09:25:00+00:00,7522.570000000001,7523.71,7521.700000000001,7522.58,638
2026-08-03T09:30:00+00:00,7522.58,7524.450000000001,7521.96,7523.21,753
2026-08-03T09:35:00+00:00,7523.21,7525.97,7521.950000000001,7522.820000000001,851
2026-08-03T09:40:00+00:00,7522.820000000001,7524.700000000001,7522.450000000001,7522.71,753
2026-08-03T09:45:00+00:00,7522.71,7524.97,7522.450000000001,7522.950000000001,641
2026-08-03T09:50:00+00:00,7522.950000000001,7523.33,7520.200000000001,7522.22,469
2026-08-03T09:55:00+00:00,7522.22,7524.47,7522.200000000001,7523.72,692
2026-08-03T10:00:00+00:00,7523.72,7524.570000000001,7521.97,7524.46,640
2026-08-03T10:05:00+00:00,7524.46,7525.47,7523.950000000001,7524.83,602
2026-08-03T10:10:00+00:00,7524.83,7526.22,7524.22,7524.71,616
2026-08-03T10:15:00+00:00,7524.71,7526.71,7524.570000000001,7525.72,722
2026-08-03T10:20:00+00:00,7525.72,7526.47,7523.71,7525.200000000001,938
2026-08-03T10:25:00+00:00,7525.200000000001,7526.72,7524.47,7526.450000000001,874
2026-08-03T10:30:00+00:00,7526.450000000001,7526.96,7524.71,7526.950000000001,702
2026-08-03T10:35:00+00:00,7526.950000000001,7528.47,7525.950000000001,7527.950000000001,655
2026-08-03T10:40:00+00:00,7527.950000000001,7528.83,7527.450000000001,7528.72,401
2026-08-03T10:45:00+00:00,7528.72,7528.97,7527.46,7527.71,441
2026-08-03T10:50:00+00:00,7527.71,7528.72,7527.200000000001,7527.97,419
2026-08-03T10:55:00+00:00,7527.97,7529.46,7527.950000000001,7529.22,368
2026-08-03T11:00:00+00:00,7529.22,7529.700000000001,7525.72,7526.96,1239
2026-08-03T11:05:00+00:00,7526.96,7526.97,7523.700000000001,7525.070000000001,1130
2026-08-03T11:10:00+00:00,7525.070000000001,7526.71,7525.070000000001,7526.33,1051
2026-08-03T11:15:00+00:00,7526.33,7529.47,7525.72,7529.22,847
2026-08-03T11:20:00+00:00,7529.22,7530.450000000001,7527.700000000001,7527.700000000001,801
2026-08-03T11:25:00+00:00,7527.700000000001,7529.21,7526.72,7527.820000000001,756
2026-08-03T11:30:00+00:00,7527.820000000001,7533.950000000001,7527.71,7532.200000000001,1054
2026-08-03T11:35:00+00:00,7532.200000000001,7533.22,7527.700000000001,7527.71,837
2026-08-03T11:40:00+00:00,7527.71,7530.320000000001,7526.72,7530.200000000001,775
2026-08-03T11:45:00+00:00,7530.200000000001,7530.72,7527.72,7529.58,716
2026-08-03T11:50:00+00:00,7529.58,7529.58,7523.450000000001,7523.450000000001,971
2026-08-03T11:55:00+00:00,7523.450000000001,7523.950000000001,7522.200000000001,7523.72,958
2026-08-03T12:00:00+00:00,7523.72,7523.72,7520.950000000001,7521.950000000001,1149
2026-08-03T12:05:00+00:00,7521.950000000001,7522.22,7519.950000000001,7521.59,941
2026-08-03T12:10:00+00:00,7521.59,7522.72,7519.700000000001,7522.71,949
2026-08-03T12:15:00+00:00,7522.71,7524.47,7520.700000000001,7522.72,977
2026-08-03T12:20:00+00:00,7522.72,7524.97,7520.47,7520.71,1012
2026-08-03T12:25:00+00:00,7520.71,7525.21,7520.09,7524.47,841
2026-08-03T12:30:00+00:00,7524.47,7527.47,7524.47,7527.47,915
2026-08-03T12:35:00+00:00,7527.47,7528.47,7525.950000000001,7528.200000000001,924
2026-08-03T12:40:00+00:00,7528.200000000001,7531.97,7527.46,7531.97,938
2026-08-03T12:45:00+00:00,7531.97,7532.47,7530.21,7530.22,654
2026-08-03T12:50:00+00:00,7530.22,7531.96,7528.700000000001,7531.46,719
2026-08-03T12:55:00+00:00,7531.46,7531.72,7529.46,7529.700000000001,736
2026-08-03T13:00:00+00:00,7529.700000000001,7530.97,7528.46,7530.46,940
2026-08-03T13:05:00+00:00,7530.46,7531.46,7528.71,7529.22,797
2026-08-03T13:10:00+00:00,7529.22,7530.72,7527.950000000001,7528.950000000001,584
2026-08-03T13:15:00+00:00,7528.950000000001,7531.96,7528.700000000001,7531.71,1005
2026-08-03T13:20:00+00:00,7531.71,7531.72,7529.200000000001,7530.200000000001,695
2026-08-03T13:25:00+00:00,7530.200000000001,7530.200000000001,7511.46,7512.22,2243
2026-08-03T13:30:00+00:00,7512.22,7531.51,7509.63,7525.5,8384
2026-08-03T13:35:00+00:00,7525.5,7537.25,7525.38,7535.26,5126
2026-08-03T13:40:00+00:00,7535.26,7536.12,7527.52,7533.76,6271
2026-08-03T13:45:00+00:00,7533.76,7541.27,7531.77,7537.26,6322
2026-08-03T13:50:00+00:00,7537.26,7547.62,7534.63,7545.75,5259
2026-08-03T13:55:00+00:00,7545.75,7554.39,7544.89,7554.02,3849
2026-08-03T14:00:00+00:00,7554.02,7557.52,7549.01,7552.39,4253
2026-08-03T14:05:00+00:00,7552.39,7554.75,7550,7554,4158
2026-08-03T14:10:00+00:00,7554,7558.76,7553.76,7557.25,3079
2026-08-03T14:15:00+00:00,7557.25,7563.89,7556.5,7560.25,2865
2026-08-03T14:20:00+00:00,7560.25,7566,7560,7564.63,1754
2026-08-03T14:25:00+00:00,7564.63,7566.26,7562.01,7563.51,1725
2026-08-03T14:30:00+00:00,7563.51,7564.77,7561.5,7563.51,1521
2026-08-03T14:35:00+00:00,7563.51,7567.75,7562.76,7566.25,1391
2026-08-03T14:40:00+00:00,7566.25,7570.02,7566.02,7567.01,1444
2026-08-03T14:45:00+00:00,7567.01,7568.01,7565.26,7567.27,1339
2026-08-03T14:50:00+00:00,7567.27,7569.52,7566.51,7567.5,1247
2026-08-03T14:55:00+00:00,7567.5,7572.27,7567.5,7572.25,1345
2026-08-03T15:00:00+00:00,7572.25,7572.52,7569.51,7570.76,991
2026-08-03T15:05:00+00:00,7570.76,7571.01,7566.25,7567.76,1044
2026-08-03T15:10:00+00:00,7567.76,7569.51,7566.5,7568.75,925
2026-08-03T15:15:00+00:00,7568.75,7572.27,7568.75,7572.26,999
2026-08-03T15:20:00+00:00,7572.26,7575.26,7572.25,7574,1199
2026-08-03T15:25:00+00:00,7574,7575.26,7568.75,7569.52,2049
2026-08-03T15:30:00+00:00,7569.52,7573.01,7569.26,7571.26,1449
2026-08-03T15:35:00+00:00,7571.26,7574.27,7570.26,7573.76,1259
2026-08-03T15:40:00+00:00,7573.76,7576.52,7573.51,7574.76,1037
2026-08-03T15:45:00+00:00,7574.76,7579.25,7574.76,7578.77,1108
2026-08-03T15:50:00+00:00,7578.77,7580.27,7578.25,7580.01,642
2026-08-03T15:55:00+00:00,7580.01,7580.02,7576.51,7577.76,1013
2026-08-03T16:00:00+00:00,7577.76,7579.77,7577.51,7578,717
2026-08-03T16:05:00+00:00,7578,7578.77,7576.5,7578.27,564
2026-08-03T16:10:00+00:00,7578.27,7578.27,7575.75,7577.76,556
2026-08-03T16:15:00+00:00,7577.76,7580.77,7577.5,7580.51,514
2026-08-03T16:20:00+00:00,7580.51,7580.77,7578.75,7580.51,623
2026-08-03T16:25:00+00:00,7580.51,7584.01,7579.75,7583.51,690
2026-08-03T16:30:00+00:00,7583.51,7584.27,7581.25,7582.26,630
2026-08-03T16:35:00+00:00,7582.26,7582.26,7580.26,7580.75,718
2026-08-03T16:40:00+00:00,7580.75,7583.02,7580.25,7582.77,562
2026-08-03T16:45:00+00:00,7582.77,7582.77,7581,7581,433
2026-08-03T16:50:00+00:00,7581,7581.77,7578.5,7578.51,730
2026-08-03T16:55:00+00:00,7578.51,7581.52,7578.01,7580.25,488
2026-08-03T17:00:00+00:00,7580.25,7581.02,7578.25,7580,738
2026-08-03T17:05:00+00:00,7580,7580.77,7577.87,7580.02,618
2026-08-03T17:10:00+00:00,7580.02,7584.02,7580.02,7583.01,617
2026-08-03T17:15:00+00:00,7583.01,7585.77,7583.01,7585.76,559
2026-08-03T17:20:00+00:00,7585.76,7588.27,7584.75,7587.76,806
2026-08-03T17:25:00+00:00,7587.76,7589.52,7586.5,7588.76,584
2026-08-03T17:30:00+00:00,7588.76,7591.76,7588.26,7591.75,621
2026-08-03T17:35:00+00:00,7591.75,7592.52,7589.5,7590.26,627
2026-08-03T17:40:00+00:00,7590.26,7591.52,7589.87,7591.51,413
2026-08-03T17:45:00+00:00,7591.51,7593.51,7591.25,7592.76,590
2026-08-03T17:50:00+00:00,7592.76,7594.77,7592.51,7594.51,397
2026-08-03T17:55:00+00:00,7594.51,7596.02,7593.75,7594.51,590
2026-08-03T18:00:00+00:00,7594.51,7599.52,7594.5,7599.5,917
2026-08-03T18:05:00+00:00,7599.5,7601.27,7599.01,7601.26,698
2026-08-03T18:10:00+00:00,7601.26,7601.27,7596.52,7598.02,814
2026-08-03T18:15:00+00:00,7598.02,7601,7597.01,7597.5,695
2026-08-03T18:20:00+00:00,7597.5,7599.52,7596.01,7597.51,839
2026-08-03T18:25:00+00:00,7597.51,7598.5,7592.75,7593.75,1055
2026-08-03T18:30:00+00:00,7593.75,7596.13,7591.5,7593.02,1010
2026-08-03T18:35:00+00:00,7593.02,7596,7592.77,7594.52,807
2026-08-03T18:40:00+00:00,7594.52,7599,7593.51,7598.77,827
2026-08-03T18:45:00+00:00,7598.77,7599.77,7595.5,7598.77,870
2026-08-03T18:50:00+00:00,7598.77,7600.77,7597.25,7599,834
2026-08-03T18:55:00+00:00,7599,7600.27,7597.25,7597.51,589
2026-08-03T19:00:00+00:00,7597.51,7604.01,7597.5,7603.26,951
2026-08-03T19:05:00+00:00,7603.26,7603.52,7599,7600,786
2026-08-03T19:10:00+00:00,7600,7602.27,7599,7600.02,654
2026-08-03T19:15:00+00:00,7600.02,7602.51,7600.02,7601.76,815
2026-08-03T19:20:00+00:00,7601.76,7602.76,7600.5,7602.52,600
2026-08-03T19:25:00+00:00,7602.52,7603.76,7600.77,7601.75,694
2026-08-03T19:30:00+00:00,7601.75,7603.5,7600.26,7601.75,943
2026-08-03T19:35:00+00:00,7601.75,7602.77,7597.75,7598.25,950
2026-08-03T19:40:00+00:00,7598.25,7599.77,7597,7598.77,1111
2026-08-03T19:45:00+00:00,7598.77,7600.76,7597.5,7599.51,1272
2026-08-03T19:50:00+00:00,7599.51,7602.01,7594.5,7595.5,2127
2026-08-03T19:55:00+00:00,7595.5,7598.26,7592.75,7594.76,2711
2026-08-03T20:00:00+00:00,7594.76,7595.46,7591.700000000001,7594.96,1121
2026-08-03T20:05:00+00:00,7594.96,7598.47,7594.950000000001,7597.96,579
2026-08-03T20:10:00+00:00,7597.96,7599.22,7596.950000000001,7598.46,428
2026-08-03T20:15:00+00:00,7598.46,7600.47,7598.46,7600.200000000001,171
2026-08-03T20:20:00+00:00,7600.200000000001,7602.950000000001,7599.950000000001,7599.97,283
2026-08-03T20:25:00+00:00,7599.97,7600.47,7599.21,7599.47,219
2026-08-03T20:30:00+00:00,7599.47,7600.47,7598.96,7599.72,175
2026-08-03T20:35:00+00:00,7599.72,7601.47,7599.71,7600.950000000001,137
2026-08-03T20:40:00+00:00,7600.950000000001,7602.97,7600.72,7601.72,144
2026-08-03T20:45:00+00:00,7601.72,7601.97,7598.950000000001,7598.96,168
2026-08-03T20:50:00+00:00,7598.96,7599.450000000001,7597.070000000001,7597.71,137
2026-08-03T20:55:00+00:00,7597.71,7598.450000000001,7596.820000000001,7597.570000000001,212
2026-08-03T22:00:00+00:00,7597.570000000001,7600.79,7596.42,7598.92,1042
2026-08-03T22:05:00+00:00,7598.92,7602.400000000001,7598.900000000001,7601.92,460
2026-08-03T22:10:00+00:00,7601.92,7602.660000000001,7598.900000000001,7599.67,344
2026-08-03T22:15:00+00:00,7599.67,7602.29,7599.67,7601.54,283
2026-08-03T22:20:00+00:00,7601.54,7601.910000000001,7600.410000000001,7601.410000000001,174
2026-08-03T22:25:00+00:00,7601.410000000001,7601.67,7600.530000000001,7601.030000000001,142
2026-08-03T22:30:00+00:00,7601.030000000001,7602.910000000001,7600.400000000001,7602.04,255
2026-08-03T22:35:00+00:00,7602.04,7602.92,7600.900000000001,7602.42,266
2026-08-03T22:40:00+00:00,7602.42,7603.92,7602.42,7603.27,204
2026-08-03T22:45:00+00:00,7603.27,7603.280000000001,7601.660000000001,7602.650000000001,236
2026-08-03T22:50:00+00:00,7602.650000000001,7603.17,7602.400000000001,7603.160000000001,176
2026-08-03T22:55:00+00:00,7603.160000000001,7603.280000000001,7602.410000000001,7602.530000000001,111
2026-08-03T23:00:00+00:00,7602.530000000001,7602.910000000001,7601.67,7602.410000000001,139
2026-08-03T23:05:00+00:00,7602.410000000001,7602.67,7600.900000000001,7601.150000000001,177
2026-08-03T23:10:00+00:00,7601.150000000001,7601.79,7601.150000000001,7601.67,126
2026-08-03T23:15:00+00:00,7601.67,7603.42,7601.67,7602.780000000001,134
2026-08-03T23:20:00+00:00,7602.780000000001,7603.42,7602.02,7602.04,175
2026-08-03T23:25:00+00:00,7602.04,7602.42,7601.410000000001,7601.910000000001,115
2026-08-03T23:30:00+00:00,7601.910000000001,7603.42,7601.160000000001,7603.04,172
2026-08-03T23:35:00+00:00,7603.04,7603.17,7600.02,7600.17,212
2026-08-03T23:40:00+00:00,7600.17,7600.92,7600.02,7600.17,206
2026-08-03T23:45:00+00:00,7600.17,7602.92,7599.900000000001,7602.29,708
2026-08-03T23:50:00+00:00,7602.29,7603.17,7600.400000000001,7600.660000000001,867
2026-08-03T23:55:00+00:00,7600.660000000001,7602.910000000001,7600.400000000001,7602.900000000001,662
2026-08-04T00:00:00+00:00,7602.900000000001,7603.400000000001,7599.400000000001,7601.910000000001,2258
2026-08-04T00:05:00+00:00,7601.910000000001,7604.660000000001,7601.160000000001,7603.400000000001,1360
2026-08-04T00:10:00+00:00,7603.400000000001,7603.67,7600.400000000001,7601.27,1112
2026-08-04T00:15:00+00:00,7601.27,7601.410000000001,7598.530000000001,7599.410000000001,1005
2026-08-04T00:20:00+00:00,7599.410000000001,7601.29,7599.150000000001,7600.27,950
2026-08-04T00:25:00+00:00,7600.27,7601.17,7598.030000000001,7598.410000000001,885
2026-08-04T00:30:00+00:00,7598.410000000001,7598.92,7597.530000000001,7597.910000000001,707
2026-08-04T00:35:00+00:00,7597.910000000001,7602.04,7596.900000000001,7601.67,1244
2026-08-04T00:40:00+00:00,7601.67,7602.42,7600.150000000001,7601.910000000001,1407
2026-08-04T00:45:00+00:00,7601.910000000001,7602.410000000001,7599.67,7601.780000000001,833
2026-08-04T00:50:00+00:00,7601.780000000001,7603.04,7600.42,7601.400000000001,969
2026-08-04T00:55:00+00:00,7601.400000000001,7601.900000000001,7599.150000000001,7600.410000000001,1041
2026-08-04T01:00:00+00:00,7600.410000000001,7600.42,7596.900000000001,7598.400000000001,1650
2026-08-04T01:05:00+00:00,7598.400000000001,7600.92,7596.900000000001,7600.77,1086
2026-08-04T01:10:00+00:00,7600.77,7602.410000000001,7600.410000000001,7601.400000000001,828
2026-08-04T01:15:00+00:00,7601.400000000001,7602.660000000001,7599.650000000001,7601.780000000001,642
2026-08-04T01:20:00+00:00,7601.780000000001,7603.17,7601.650000000001,7602.650000000001,579
2026-08-04T01:25:00+00:00,7602.650000000001,7603.67,7601.160000000001,7603.67,791
2026-08-04T01:30:00+00:00,7603.67,7605.42,7603.27,7604.900000000001,632
2026-08-04T01:35:00+00:00,7604.900000000001,7605.910000000001,7603.160000000001,7603.530000000001,857
2026-08-04T01:40:00+00:00,7603.530000000001,7607.160000000001,7603.410000000001,7607.160000000001,582
2026-08-04T01:45:00+00:00,7607.160000000001,7609.660000000001,7607.150000000001,7609.17,456
2026-08-04T01:50:00+00:00,7609.17,7614.67,7608.900000000001,7613.910000000001,647
2026-08-04T01:55:00+00:00,7613.910000000001,7614.42,7612.910000000001,7613.67,539
2026-08-04T02:00:00+00:00,7613.67,7614.67,7611.650000000001,7611.92,834
2026-08-04T02:05:00+00:00,7611.92,7612.17,7608.650000000001,7609.67,933
2026-08-04T02:10:00+00:00,7609.67,7609.67,7607.150000000001,7608.150000000001,1127
2026-08-04T02:15:00+00:00,7608.150000000001,7609.42,7607.900000000001,7609.42,1006
2026-08-04T02:20:00+00:00,7609.42,7609.67,7606.400000000001,7608.900000000001,1119
2026-08-04T02:25:00+00:00,7608.900000000001,7609.030000000001,7607.150000000001,7607.42,830
2026-08-04T02:30:00+00:00,7607.42,7610.150000000001,7607.400000000001,7609.04,823
2026-08-04T02:35:00+00:00,7609.04,7611.160000000001,7609.02,7610.17,825
2026-08-04T02:40:00+00:00,7610.17,7611.17,7609.400000000001,7611.150000000001,757
2026-08-04T02:45:00+00:00,7611.150000000001,7611.17,7608.900000000001,7609.780000000001,766
2026-08-04T02:50:00+00:00,7609.780000000001,7611.67,7609.280000000001,7611.27,578
2026-08-04T02:55:00+00:00,7611.27,7611.42,7609.400000000001,7609.650000000001,549
2026-08-04T03:00:00+00:00,7609.650000000001,7611.42,7608.92,7609.410000000001,681
2026-08-04T03:05:00+00:00,7609.410000000001,7609.780000000001,7607.400000000001,7608.400000000001,592
2026-08-04T03:10:00+00:00,7608.400000000001,7608.67,7605.410000000001,7606.92,737
2026-08-04T03:15:00+00:00,7606.92,7608.660000000001,7606.400000000001,7607.92,921
2026-08-04T03:20:00+00:00,7607.92,7610.17,7607.150000000001,7610.17,732
2026-08-04T03:25:00+00:00,7610.17,7611.42,7609.900000000001,7610.660000000001,728
2026-08-04T03:30:00+00:00,7610.660000000001,7612.67,7610.660000000001,7612.400000000001,1060
2026-08-04T03:35:00+00:00,7612.400000000001,7612.67,7611.400000000001,7611.650000000001,708
2026-08-04T03:40:00+00:00,7611.650000000001,7611.92,7609.150000000001,7609.900000000001,882
2026-08-04T03:45:00+00:00,7609.900000000001,7611.42,7608.910000000001,7611.150000000001,675
2026-08-04T03:50:00+00:00,7611.150000000001,7612.280000000001,7610.900000000001,7611.150000000001,438
2026-08-04T03:55:00+00:00,7611.150000000001,7612.400000000001,7610.910000000001,7611.92,619
2026-08-04T04:00:00+00:00,7611.92,7612.650000000001,7610.780000000001,7610.910000000001,732
2026-08-04T04:05:00+00:00,7610.910000000001,7611.92,7609.900000000001,7611.150000000001,571
2026-08-04T04:10:00+00:00,7611.150000000001,7611.17,7609.150000000001,7610.160000000001,475
2026-08-04T04:15:00+00:00,7610.160000000001,7612.67,7609.92,7612.410000000001,547
2026-08-04T04:20:00+00:00,7612.410000000001,7612.660000000001,7611.77,7612.42,422
2026-08-04T04:25:00+00:00,7612.42,7613.150000000001,7612.160000000001,7612.67,257
2026-08-04T04:30:00+00:00,7612.67,7613.410000000001,7612.400000000001,7612.400000000001,216
2026-08-04T04:35:00+00:00,7612.400000000001,7612.910000000001,7611.910000000001,7612.410000000001,425
2026-08-04T04:40:00+00:00,7612.410000000001,7612.910000000001,7612.150000000001,7612.42,573
2026-08-04T04:45:00+00:00,7612.42,7613.17,7611.92,7613.160000000001,478
2026-08-04T04:50:00+00:00,7613.160000000001,7613.67,7612.400000000001,7613.160000000001,236
2026-08-04T04:55:00+00:00,7613.160000000001,7613.42,7611.530000000001,7612.650000000001,382
2026-08-04T05:00:00+00:00,7612.650000000001,7612.92,7610.67,7611.400000000001,697
2026-08-04T05:05:00+00:00,7611.400000000001,7612.17,7610.900000000001,7611.900000000001,527
2026-08-04T05:10:00+00:00,7611.900000000001,7612.17,7609.900000000001,7610.67,562
2026-08-04T05:15:00+00:00,7610.67,7611.650000000001,7610.150000000001,7611.650000000001,475
2026-08-04T05:20:00+00:00,7611.650000000001,7612.79,7611.400000000001,7612.650000000001,531
2026-08-04T05:25:00+00:00,7612.650000000001,7613.17,7611.400000000001,7612.660000000001,348
2026-08-04T05:30:00+00:00,7612.660000000001,7613.67,7612.410000000001,7613.400000000001,327
2026-08-04T05:35:00+00:00,7613.400000000001,7616.160000000001,7613.400000000001,7613.67,374
2026-08-04T05:40:00+00:00,7613.67,7615.17,7613.400000000001,7614.410000000001,383
2026-08-04T05:45:00+00:00,7614.410000000001,7614.54,7613.27,7613.900000000001,562
2026-08-04T05:50:00+00:00,7613.900000000001,7614.900000000001,7613.42,7613.900000000001,446
2026-08-04T05:55:00+00:00,7613.900000000001,7615.150000000001,7613.42,7614.910000000001,363
2026-08-04T06:00:00+00:00,7614.910000000001,7615.42,7614.02,7615.17,653
2026-08-04T06:05:00+00:00,7615.17,7616.410000000001,7614.660000000001,7615.92,318
2026-08-04T06:10:00+00:00,7615.92,7617.17,7615.650000000001,7617.150000000001,309
2026-08-04T06:15:00+00:00,7617.150000000001,7617.150000000001,7614.650000000001,7615.160000000001,283
2026-08-04T06:20:00+00:00,7615.160000000001,7616.17,7614.410000000001,7615.030000000001,238
2026-08-04T06:25:00+00:00,7615.030000000001,7616.42,7614.400000000001,7614.400000000001,309
2026-08-04T06:30:00+00:00,7614.400000000001,7615.42,7613.650000000001,7613.900000000001,342
2026-08-04T06:35:00+00:00,7613.900000000001,7613.900000000001,7611.400000000001,7611.910000000001,297
2026-08-04T06:40:00+00:00,7611.910000000001,7612.42,7610.150000000001,7611.160000000001,335
2026-08-04T06:45:00+00:00,7611.160000000001,7611.92,7610.910000000001,7611.42,171
2026-08-04T06:50:00+00:00,7611.42,7611.92,7610.910000000001,7611.42,235
2026-08-04T06:55:00+00:00,7611.42,7611.92,7610.160000000001,7611.67,317
2026-08-04T07:00:00+00:00,7611.67,7614.67,7611.400000000001,7613.67,1141
2026-08-04T07:05:00+00:00,7613.67,7613.67,7609.400000000001,7609.400000000001,941
2026-08-04T07:10:00+00:00,7609.400000000001,7610.42,7608.900000000001,7610.17,773
2026-08-04T07:15:00+00:00,7610.17,7612.030000000001,7609.900000000001,7610.410000000001,717
2026-08-04T07:20:00+00:00,7610.410000000001,7611.42,7609.910000000001,7611.42,414
2026-08-04T07:25:00+00:00,7611.42,7613.42,7611.29,7612.150000000001,584
2026-08-04T07:30:00+00:00,7612.150000000001,7615.410000000001,7611.910000000001,7613.410000000001,583
2026-08-04T07:35:00+00:00,7613.410000000001,7613.67,7610.650000000001,7611.410000000001,612
2026-08-04T07:40:00+00:00,7611.410000000001,7611.92,7609.400000000001,7609.900000000001,423
2026-08-04T07:45:00+00:00,7609.900000000001,7613.92,7609.150000000001,7613.92,439
2026-08-04T07:50:00+00:00,7613.92,7613.92,7610.29,7610.410000000001,494
2026-08-04T07:55:00+00:00,7610.410000000001,7610.92,7609.650000000001,7610.650000000001,329
2026-08-04T08:00:00+00:00,7610.650000000001,7611.92,7609.900000000001,7611.27,1075
2026-08-04T08:05:00+00:00,7611.27,7612.410000000001,7609.910000000001,7610.42,1011
2026-08-04T08:10:00+00:00,7610.42,7611.17,7609.160000000001,7611.150000000001,885
2026-08-04T08:15:00+00:00,7611.150000000001,7612.67,7610.660000000001,7611.910000000001,545
2026-08-04T08:20:00+00:00,7611.910000000001,7613.17,7610.160000000001,7610.660000000001,713
2026-08-04T08:25:00+00:00,7610.660000000001,7610.92,7609.400000000001,7610.660000000001,685
2026-08-04T08:30:00+00:00,7610.660000000001,7610.660000000001,7605.54,7606.650000000001,1047
2026-08-04T08:35:00+00:00,7606.650000000001,7606.92,7605.150000000001,7606.410000000001,941
2026-08-04T08:40:00+00:00,7606.410000000001,7606.52,7604.400000000001,7605.67,729
2026-08-04T08:45:00+00:00,7605.67,7605.67,7602.650000000001,7603.160000000001,725
2026-08-04T08:50:00+00:00,7603.160000000001,7603.910000000001,7602.650000000001,7603.400000000001,707
2026-08-04T08:55:00+00:00,7603.400000000001,7605.67,7603.17,7604.42,529
2026-08-04T09:00:00+00:00,7604.42,7604.42,7601.52,7602.650000000001,676
2026-08-04T09:05:00+00:00,7602.650000000001,7602.92,7600.150000000001,7600.660000000001,826
2026-08-04T09:10:00+00:00,7600.660000000001,7601.650000000001,7599.400000000001,7601.160000000001,613
2026-08-04T09:15:00+00:00,7601.160000000001,7601.410000000001,7599.150000000001,7600.67,690
2026-08-04T09:20:00+00:00,7600.67,7601.17,7599.900000000001,7600.280000000001,640
2026-08-04T09:25:00+00:00,7600.280000000001,7601.67,7599.650000000001,7601.650000000001,465
2026-08-04T09:30:00+00:00,7601.650000000001,7603.17,7601.400000000001,7603.150000000001,359
2026-08-04T09:35:00+00:00,7603.150000000001,7604.67,7602.900000000001,7604.400000000001,425
2026-08-04T09:40:00+00:00,7604.400000000001,7605.530000000001,7604.400000000001,7604.910000000001,371
2026-08-04T09:45:00+00:00,7604.910000000001,7605.900000000001,7602.900000000001,7605.410000000001,728
2026-08-04T09:50:00+00:00,7605.410000000001,7605.410000000001,7602.02,7602.17,496
2026-08-04T09:55:00+00:00,7602.17,7604.92,7601.900000000001,7604.92,351
2026-08-04T10:00:00+00:00,7604.92,7605.400000000001,7603.650000000001,7604.04,405
2026-08-04T10:05:00+00:00,7604.04,7605.67,7603.660000000001,7605.17,402
2026-08-04T10:10:00+00:00,7605.17,7606.92,7604.910000000001,7605.79,401
2026-08-04T10:15:00+00:00,7605.79,7605.92,7603.400000000001,7604.160000000001,514
2026-08-04T10:20:00+00:00,7604.160000000001,7605.42,7603.42,7604.910000000001,380
2026-08-04T10:25:00+00:00,7604.910000000001,7605.410000000001,7603.660000000001,7603.660000000001,457
2026-08-04T10:30:00+00:00,7603.660000000001,7609.42,7603.42,7607.900000000001,1625
2026-08-04T10:35:00+00:00,7607.900000000001,7608.160000000001,7605.900000000001,7606.42,710
2026-08-04T10:40:00+00:00,7606.42,7611.900000000001,7605.400000000001,7610.900000000001,992
2026-08-04T10:45:00+00:00,7610.900000000001,7614.92,7610.17,7611.910000000001,3272
2026-08-04T10:50:00+00:00,7611.910000000001,7612.67,7608.79,7611.150000000001,1261
2026-08-04T10:55:00+00:00,7611.150000000001,7611.900000000001,7609.400000000001,7610.400000000001,873
2026-08-04T11:00:00+00:00,7610.400000000001,7612.280000000001,7609.27,7611.400000000001,1245
2026-08-04T11:05:00+00:00,7611.400000000001,7611.42,7608.910000000001,7609.660000000001,886
2026-08-04T11:10:00+00:00,7609.660000000001,7611.67,7608.900000000001,7610.660000000001,978
2026-08-04T11:15:00+00:00,7610.660000000001,7611.910000000001,7610.150000000001,7611.410000000001,803
2026-08-04T11:20:00+00:00,7611.410000000001,7614.17,7611.410000000001,7612.160000000001,692
2026-08-04T11:25:00+00:00,7612.160000000001,7615.910000000001,7612.160000000001,7615.67,728
2026-08-04T11:30:00+00:00,7615.67,7615.910000000001,7614.400000000001,7614.900000000001,442
2026-08-04T11:35:00+00:00,7614.900000000001,7615.410000000001,7614.04,7614.42,583
2026-08-04T11:40:00+00:00,7614.42,7624.030000000001,7612.410000000001,7622.02,1823
2026-08-04T11:45:00+00:00,7622.02,7622.17,7619.410000000001,7621.160000000001,2786
2026-08-04T11:50:00+00:00,7621.160000000001,7624.900000000001,7620.650000000001,7622.910000000001,2057
2026-08-04T11:55:00+00:00,7622.910000000001,7623.67,7619.530000000001,7621.660000000001,1201
2026-08-04T12:00:00+00:00,7621.660000000001,7622.530000000001,7620.150000000001,7621.400000000001,1072
2026-08-04T12:05:00+00:00,7621.400000000001,7622.17,7618.650000000001,7622.150000000001,796
2026-08-04T12:10:00+00:00,7622.150000000001,7622.17,7618.92,7619.150000000001,508
2026-08-04T12:15:00+00:00,7619.150000000001,7621.67,7618.900000000001,7621.650000000001,841
2026-08-04T12:20:00+00:00,7621.650000000001,7622.67,7621.150000000001,7622.42,718
2026-08-04T12:25:00+00:00,7622.42,7622.900000000001,7621.42,7621.79,535
2026-08-04T12:30:00+00:00,7621.79,7622.54,7619.900000000001,7622.42,767
2026-08-04T12:35:00+00:00,7622.42,7623.160000000001,7621.650000000001,7621.660000000001,699
2026-08-04T12:40:00+00:00,7621.660000000001,7622.92,7621.650000000001,7622.400000000001,600
2026-08-04T12:45:00+00:00,7622.400000000001,7622.42,7618.280000000001,7618.900000000001,434
2026-08-04T12:50:00+00:00,7618.900000000001,7620.650000000001,7618.900000000001,7619.650000000001,372
2026-08-04T12:55:00+00:00,7619.650000000001,7620.030000000001,7618.400000000001,7618.400000000001,377
2026-08-04T13:00:00+00:00,7618.400000000001,7620.42,7616.780000000001,7619.660000000001,734
2026-08-04T13:05:00+00:00,7619.660000000001,7621.910000000001,7619.650000000001,7621.030000000001,449
2026-08-04T13:10:00+00:00,7621.030000000001,7621.780000000001,7620.650000000001,7621.42,400
2026-08-04T13:15:00+00:00,7621.42,7623.660000000001,7620.67,7620.67,520
2026-08-04T13:20:00+00:00,7620.67,7630.780000000001,7620.650000000001,7624.79,1948
2026-08-04T13:25:00+00:00,7624.79,7629.150000000001,7624.650000000001,7624.650000000001,1569
2026-08-04T13:30:00+00:00,7624.650000000001,7637.450000000001,7623.84,7636.820000000001,3410
2026-08-04T13:35:00+00:00,7636.820000000001,7640.450000000001,7633.84,7637.72,2408
2026-08-04T13:40:00+00:00,7637.72,7640.72,7634.820000000001,7637.21,2502
2026-08-04T13:45:00+00:00,7637.21,7644.200000000001,7637.21,7644.200000000001,3223
2026-08-04T13:50:00+00:00,7644.200000000001,7653.97,7642.96,7653.21,2562
2026-08-04T13:55:00+00:00,7653.21,7653.47,7645.700000000001,7652.59,2670
2026-08-04T14:00:00+00:00,7652.59,7660.47,7649.950000000001,7657.96,2921
2026-08-04T14:05:00+00:00,7657.96,7664.97,7657.47,7662.700000000001,2264
2026-08-04T14:10:00+00:00,7662.700000000001,7667.97,7662.320000000001,7667.97,1653
2026-08-04T14:15:00+00:00,7667.97,7673.47,7667.070000000001,7671.950000000001,2165
2026-08-04T14:20:00+00:00,7671.950000000001,7672.22,7660.950000000001,7662.71,2865
2026-08-04T14:25:00+00:00,7662.71,7667.72,7662.450000000001,7664.21,2563
2026-08-04T14:30:00+00:00,7664.21,7669.47,7660.450000000001,7668.71,2665
2026-08-04T14:35:00+00:00,7668.71,7676.46,7667.200000000001,7671.22,2859
2026-08-04T14:40:00+00:00,7671.22,7677.46,7670.450000000001,7677.46,2386
2026-08-04T14:45:00+00:00,7677.46,7678.97,7675.21,7678.47,2284
2026-08-04T14:50:00+00:00,7678.47,7679.72,7675.950000000001,7678.47,1907
2026-08-04T14:55:00+00:00,7678.47,7683.71,7677.700000000001,7682.700000000001,1641
2026-08-04T15:00:00+00:00,7682.700000000001,7688.46,7681.450000000001,7688.200000000001,1581
2026-08-04T15:05:00+00:00,7688.200000000001,7688.450000000001,7683.200000000001,7687.97,1469
2026-08-04T15:10:00+00:00,7687.97,7691.21,7686.700000000001,7688.72,1284
2026-08-04T15:15:00+00:00,7688.72,7693.21,7688.450000000001,7692.950000000001,1216
2026-08-04T15:20:00+00:00,7692.950000000001,7697.47,7691.700000000001,7697.21,1162
2026-08-04T15:25:00+00:00,7697.21,7698.450000000001,7692.450000000001,7693.070000000001,1133
2026-08-04T15:30:00+00:00,7693.070000000001,7695.46,7691.22,7692.21,1268
2026-08-04T15:35:00+00:00,7692.21,7700.47,7691.950000000001,7697.71,2131
2026-08-04T15:40:00+00:00,7697.71,7702.97,7697.200000000001,7702.450000000001,1156
2026-08-04T15:45:00+00:00,7702.450000000001,7706.72,7702.200000000001,7706.200000000001,1218
2026-08-04T15:50:00+00:00,7706.200000000001,7708.47,7701.200000000001,7701.96,1327
2026-08-04T15:55:00+00:00,7701.96,7705.72,7701.450000000001,7703.96,1101
2026-08-04T16:00:00+00:00,7703.96,7708.200000000001,7703.46,7706.97,1272
2026-08-04T16:05:00+00:00,7706.97,7708.97,7702.700000000001,7703.200000000001,905
2026-08-04T16:10:00+00:00,7703.200000000001,7704.47,7700.700000000001,7701.97,843
2026-08-04T16:15:00+00:00,7701.97,7707.200000000001,7701.820000000001,7706.71,1068
2026-08-04T16:20:00+00:00,7706.71,7712.450000000001,7706.450000000001,7711.71,986
2026-08-04T16:25:00+00:00,7711.71,7712.97,7709.700000000001,7711.72,745
2026-08-04T16:30:00+00:00,7711.72,7715.950000000001,7709.700000000001,7714.700000000001,819
2026-08-04T16:35:00+00:00,7714.700000000001,7716.46,7711.97,7714.46,786
2026-08-04T16:40:00+00:00,7714.46,7719.950000000001,7713.47,7719.700000000001,870
2026-08-04T16:45:00+00:00,7719.700000000001,7721.96,7719.700000000001,7721.700000000001,1058
2026-08-04T16:50:00+00:00,7721.700000000001,7722.97,7720.450000000001,7721.71,801
2026-08-04T16:55:00+00:00,7721.71,7722.47,7720.450000000001,7722.46,717
2026-08-04T17:00:00+00:00,7722.46,7730.22,7721.700000000001,7730.22,1341
2026-08-04T17:05:00+00:00,7730.22,7732.96,7727.450000000001,7730.21,934
2026-08-04T17:10:00+00:00,7730.21,7732.200000000001,7729.200000000001,7732.200000000001,705
2026-08-04T17:15:00+00:00,7732.200000000001,7735.97,7732.200000000001,7733.46,1062
2026-08-04T17:20:00+00:00,7733.46,7733.97,7729.22,7731.97,1058
2026-08-04T17:25:00+00:00,7731.97,7734.72,7731.450000000001,7732.72,869
2026-08-04T17:30:00+00:00,7732.72,7733.71,7729.450000000001,7733.47,934
2026-08-04T17:35:00+00:00,7733.47,7738.72,7733.21,7738.47,982
2026-08-04T17:40:00+00:00,7738.47,7743.47,7738.47,7742.950000000001,962
2026-08-04T17:45:00+00:00,7742.950000000001,7750.96,7742.950000000001,7747.21,1317
2026-08-04T17:50:00+00:00,7747.21,7747.21,7736.200000000001,7738.450000000001,2321
2026-08-04T17:55:00+00:00,7738.450000000001,7741.200000000001,7735.450000000001,7735.450000000001,1745
2026-08-04T18:00:00+00:00,7735.450000000001,7739.46,7730.72,7732.97,3158
2026-08-04T18:05:00+00:00,7732.97,7739.47,7732.22,7737.96,1914
2026-08-04T18:10:00+00:00,7737.96,7741.71,7736.700000000001,7741.47,1738
2026-08-04T18:15:00+00:00,7741.47,7743.47,7739.450000000001,7740.570000000001,1567
2026-08-04T18:20:00+00:00,7740.570000000001,7743.71,7739.97,7740.97,1291
2026-08-04T18:25:00+00:00,7740.97,7743.450000000001,7739.700000000001,7743.22,898
2026-08-04T18:30:00+00:00,7743.22,7744.22,7740.450000000001,7741.200000000001,954
2026-08-04T18:35:00+00:00,7741.200000000001,7742.700000000001,7737.200000000001,7738.21,1349
2026-08-04T18:40:00+00:00,7738.21,7738.46,7733.46,7736.71,1659
2026-08-04T18:45:00+00:00,7736.71,7742.22,7736.71,7739.950000000001,1517
2026-08-04T18:50:00+00:00,7739.950000000001,7742.22,7738.700000000001,7739.21,1152
2026-08-04T18:55:00+00:00,7739.21,7740.72,7738.700000000001,7740.22,1053
2026-08-04T19:00:00+00:00,7740.22,7749.22,7739.97,7747.21,1916
2026-08-04T19:05:00+00:00,7747.21,7749.71,7744.96,7749.46,1050
2026-08-04T19:10:00+00:00,7749.46,7749.700000000001,7746.700000000001,7748.200000000001,792
2026-08-04T19:15:00+00:00,7748.200000000001,7750.22,7746.950000000001,7749.200000000001,747
2026-08-04T19:20:00+00:00,7749.200000000001,7750.47,7746.450000000001,7747.450000000001,695
2026-08-04T19:25:00+00:00,7747.450000000001,7748.47,7740.450000000001,7742.22,1425
2026-08-04T19:30:00+00:00,7742.22,7745.47,7740.450000000001,7744.96,1717
2026-08-04T19:35:00+00:00,7744.96,7747.97,7742.200000000001,7746.71,1191
2026-08-04T19:40:00+00:00,7746.71,7752.47,7746.46,7751.700000000001,1224
2026-08-04T19:45:00+00:00,7751.700000000001,7753.22,7746.700000000001,7747.950000000001,1494
2026-08-04T19:50:00+00:00,7747.950000000001,7747.950000000001,7736.58,7736.58,2988
2026-08-04T19:55:00+00:00,7736.58,7742.72,7728.96,7731.47,3624
2026-08-04T20:00:00+00:00,7731.47,7742.17,7730.910000000001,7741.660000000001,4529
2026-08-04T20:05:00+00:00,7741.660000000001,7748.280000000001,7741.410000000001,7742.02,2091
2026-08-04T20:10:00+00:00,7742.02,7742.650000000001,7738.42,7740.77,1562
2026-08-04T20:15:00+00:00,7740.77,7740.77,7728.67,7731.42,4301
2026-08-04T20:20:00+00:00,7731.42,7737.910000000001,7730.910000000001,7734.27,2107
2026-08-04T20:25:00+00:00,7734.27,7738.42,7732.67,7734.160000000001,1100
2026-08-04T20:30:00+00:00,7734.160000000001,7736.400000000001,7733.150000000001,7734.030000000001,836
2026-08-04T20:35:00+00:00,7734.030000000001,7736.02,7732.780000000001,7733.900000000001,872
2026-08-04T20:40:00+00:00,7733.900000000001,7740.160000000001,7733.530000000001,7738.410000000001,1147
2026-08-04T20:45:00+00:00,7738.410000000001,7742.150000000001,7737.650000000001,7741.150000000001,916
2026-08-04T20:50:00+00:00,7741.150000000001,7741.150000000001,7737.67,7739.650000000001,748
2026-08-04T20:55:00+00:00,7739.650000000001,7742.660000000001,7739.400000000001,7741.64,802
2026-08-04T22:00:00+00:00,7741.64,7743.26,7739.37,7741.63,838
2026-08-04T22:05:00+00:00,7741.63,7746.64,7741.63,7744.38,731
2026-08-04T22:10:00+00:00,7744.38,7746.51,7743.88,7746.51,346
2026-08-04T22:15:00+00:00,7746.51,7748.14,7745.62,7747.88,423
2026-08-04T22:20:00+00:00,7747.88,7749.64,7746.13,7746.13,388
2026-08-04T22:25:00+00:00,7746.13,7749.14,7745.87,7748.38,362
2026-08-04T22:30:00+00:00,7748.38,7750.76,7747.62,7749.88,430
2026-08-04T22:35:00+00:00,7749.88,7751.38,7748.37,7749.14,431
2026-08-04T22:40:00+00:00,7749.14,7749.14,7746,7746.38,382
2026-08-04T22:45:00+00:00,7746.38,7747.89,7745.89,7746.25,359
2026-08-04T22:50:00+00:00,7746.25,7747.39,7745.88,7746.64,261
2026-08-04T22:55:00+00:00,7746.64,7749.14,7746.38,7748.990000000001,252
2026-08-04T23:00:00+00:00,7748.990000000001,7750.88,7746.88,7750.490000000001,406
2026-08-04T23:05:00+00:00,7750.490000000001,7751.13,7749.88,7750.38,261
2026-08-04T23:10:00+00:00,7750.38,7750.87,7749.490000000001,7750.13,213
2026-08-04T23:15:00+00:00,7750.13,7750.89,7750.12,7750.64,90
2026-08-04T23:20:00+00:00,7750.64,7750.64,7748.75,7748.87,126
2026-08-04T23:25:00+00:00,7748.87,7748.87,7747.37,7747.64,178
2026-08-04T23:30:00+00:00,7747.64,7747.88,7744.64,7744.75,273
2026-08-04T23:35:00+00:00,7744.75,7745.63,7744.14,7745.12,353
2026-08-04T23:40:00+00:00,7745.12,7748.39,7744.88,7747.5,566
2026-08-04T23:45:00+00:00,7747.5,7749.26,7745.87,7746.88,968
2026-08-04T23:50:00+00:00,7746.88,7748.63,7745.63,7746.37,611
2026-08-04T23:55:00+00:00,7746.37,7748.740000000001,7745.62,7745.62,444
2026-08-05T00:00:00+00:00,7745.62,7748.14,7744.5,7746.64,1557
2026-08-05T00:05:00+00:00,7746.64,7748.5,7745.75,7746.14,1400
2026-08-05T00:10:00+00:00,7746.14,7748.63,7745.740000000001,7748.490000000001,1204
2026-08-05T00:15:00+00:00,7748.490000000001,7748.76,7747.12,7748.14,742
2026-08-05T00:20:00+00:00,7748.14,7751.39,7747.14,7750.39,772
2026-08-05T00:25:00+00:00,7750.39,7751.89,7749.63,7751.63,422
2026-08-05T00:30:00+00:00,7751.63,7753.64,7751.62,7752.39,647
2026-08-05T00:35:00+00:00,7752.39,7752.63,7748.88,7750.13,487
2026-08-05T00:40:00+00:00,7750.13,7750.87,7748.740000000001,7748.740000000001,535
2026-08-05T00:45:00+00:00,7748.740000000001,7749.63,7747.12,7749.14,787
2026-08-05T00:50:00+00:00,7749.14,7752.5,7747.87,7751.490000000001,725
2026-08-05T00:55:00+00:00,7751.490000000001,7752.64,7750.63,7752.64,559
2026-08-05T01:00:00+00:00,7752.64,7752.64,7747.5,7748.64,855
2026-08-05T01:05:00+00:00,7748.64,7751.14,7748.490000000001,7750.88,672
2026-08-05T01:10:00+00:00,7750.88,7752.37,7750.13,7750.38,545
2026-08-05T01:15:00+00:00,7750.38,7750.89,7746.87,7747.37,629
2026-08-05T01:20:00+00:00,7747.37,7748.64,7746.62,7747.12,696
2026-08-05T01:25:00+00:00,7747.12,7747.39,7746.12,7747.38,513
2026-08-05T01:30:00+00:00,7747.38,7748.89,7746.87,7747.88,644
2026-08-05T01:35:00+00:00,7747.88,7751.64,7747.740000000001,7751.63,498
2026-08-05T01:40:00+00:00,7751.63,7751.89,7749.62,7750.39,386
2026-08-05T01:45:00+00:00,7750.39,7752.89,7750.39,7752.63,567
2026-08-05T01:50:00+00:00,7752.63,7752.89,7751.63,7752.37,457
2026-08-05T01:55:00+00:00,7752.37,7753.38,7751.88,7752.63,429
2026-08-05T02:00:00+00:00,7752.63,7755.14,7752.12,7752.25,769
2026-08-05T02:05:00+00:00,7752.25,7754.14,7751.64,7753.39,527
2026-08-05T02:10:00+00:00,7753.39,7754.39,7752.740000000001,7753.89,388
2026-08-05T02:15:00+00:00,7753.89,7755.14,7752.990000000001,7755.14,268
2026-08-05T02:20:00+00:00,7755.14,7755.14,7753.490000000001,7753.64,273
2026-08-05T02:25:00+00:00,7753.64,7754.14,7752.37,7753.37,441
2026-08-05T02:30:00+00:00,7753.37,7753.89,7752.12,7753.89,392
2026-08-05T02:35:00+00:00,7753.89,7754.14,7752.88,7752.88,323
2026-08-05T02:40:00+00:00,7752.88,7754.740000000001,7752.62,7754.62,504
2026-08-05T02:45:00+00:00,7754.62,7756.64,7754.38,7755.63,260
2026-08-05T02:50:00+00:00,7755.63,7756.89,7755.37,7756.37,299
2026-08-05T02:55:00+00:00,7756.37,7756.39,7754.89,7755.13,304
2026-08-05T03:00:00+00:00,7755.13,7757.64,7754.62,7757.62,432
2026-08-05T03:05:00+00:00,7757.62,7758.64,7757.37,7758.13,355
2026-08-05T03:10:00+00:00,7758.13,7760.14,7758.13,7759.12,373
2026-08-05T03:15:00+00:00,7759.12,7760.39,7759.12,7759.37,397
2026-08-05T03:20:00+00:00,7759.37,7760.14,7757.12,7757.12,262
2026-08-05T03:25:00+00:00,7757.12,7757.39,7755.62,7755.62,266
2026-08-05T03:30:00+00:00,7755.62,7756.89,7754.63,7756.75,528
2026-08-05T03:35:00+00:00,7756.75,7759.14,7756.62,7758.88,190
2026-08-05T03:40:00+00:00,7758.88,7759.89,7758.37,7759.38,341
2026-08-05T03:45:00+00:00,7759.38,7760.14,7757.64,7758.88,197
2026-08-05T03:50:00+00:00,7758.88,7760.14,7758.62,7759.64,169
2026-08-05T03:55:00+00:00,7759.64,7760.39,7759.62,7760.12,275
2026-08-05T04:00:00+00:00,7760.12,7761.14,7760.12,7760.37,170
2026-08-05T04:05:00+00:00,7760.37,7760.990000000001,7759.990000000001,7760.62,164
2026-08-05T04:10:00+00:00,7760.62,7760.89,7759.13,7759.13,354
2026-08-05T04:15:00+00:00,7759.13,7759.14,7757.87,7758.14,216
2026-08-05T04:20:00+00:00,7758.14,7758.38,7756.38,7756.87,200
2026-08-05T04:25:00+00:00,7756.87,7757.64,7756.62,7757.63,314
2026-08-05T04:30:00+00:00,7757.63,7759.38,7757.12,7758.88,301
2026-08-05T04:35:00+00:00,7758.88,7759.64,7758.88,7759.37,205
2026-08-05T04:40:00+00:00,7759.37,7760.12,7759.37,7759.63,169
2026-08-05T04:45:00+00:00,7759.63,7759.88,7759.12,7759.14,202
2026-08-05T04:50:00+00:00,7759.14,7759.39,7757.63,7759.14,225
2026-08-05T04:55:00+00:00,7759.14,7760.64,7759.12,7759.62,166
2026-08-05T05:00:00+00:00,7759.62,7760.39,7758.87,7759.88,418
2026-08-05T05:05:00+00:00,7759.88,7762.26,7759.75,7761.75,495
2026-08-05T05:10:00+00:00,7761.75,7763.13,7761.62,7762.87,148
2026-08-05T05:15:00+00:00,7762.87,7763.63,7762.62,7763.39,169
2026-08-05T05:20:00+00:00,7763.39,7763.87,7763.12,7763.62,234
2026-08-05T05:25:00+00:00,7763.62,7764.37,7762.37,7762.37,188
2026-08-05T05:30:00+00:00,7762.37,7763.38,7761.62,7762.39,305
2026-08-05T05:35:00+00:00,7762.39,7763.14,7761.87,7762.63,205
2026-08-05T05:40:00+00:00,7762.63,7764.39,7762.12,7764.39,266
2026-08-05T05:45:00+00:00,7764.39,7765.39,7763.88,7765.13,125
2026-08-05T05:50:00+00:00,7765.13,7767.13,7764.87,7767.13,224
2026-08-05T05:55:00+00:00,7767.13,7767.88,7766.62,7766.87,370
2026-08-05T06:00:00+00:00,7766.87,7767.39,7765.62,7766.12,501
2026-08-05T06:05:00+00:00,7766.12,7767.39,7765.37,7767.14,242
2026-08-05T06:10:00+00:00,7767.14,7767.76,7766.87,7767.240000000001,235
2026-08-05T06:15:00+00:00,7767.240000000001,7767.240000000001,7765.12,7765.39,262
2026-08-05T06:20:00+00:00,7765.39,7765.64,7761.37,7762.13,480
2026-08-05T06:25:00+00:00,7762.13,7762.39,7759.88,7761.13,385
2026-08-05T06:30:00+00:00,7761.13,7763.88,7760.62,7763.39,401
2026-08-05T06:35:00+00:00,7763.39,7764.38,7762.87,7763.39,342
2026-08-05T06:40:00+00:00,7763.39,7763.64,7762.14,7762.62,205
2026-08-05T06:45:00+00:00,7762.62,7764.13,7762.38,7763.89,225
2026-08-05T06:50:00+00:00,7763.89,7763.89,7762.12,7762.63,300
2026-08-05T06:55:00+00:00,7762.63,7766.39,7762.38,7766.39,217
2026-08-05T07:00:00+00:00,7766.39,7767.62,7763.76,7764,1297
2026-08-05T07:05:00+00:00,7764,7766.01,7762.87,7763.13,992
2026-08-05T07:10:00+00:00,7763.13,7763.14,7760.62,7762.14,855
2026-08-05T07:15:00+00:00,7762.14,7762.89,7760.990000000001,7761.63,750
2026-08-05T07:20:00+00:00,7761.63,7762.64,7760.62,7761.13,446
2026-08-05T07:25:00+00:00,7761.13,7761.14,7758.87,7759.14,625
2026-08-05T07:30:00+00:00,7759.14,7760.39,7757.38,7757.38,630
2026-08-05T07:35:00+00:00,7757.38,7759.63,7756.37,7759.38,438
2026-08-05T07:40:00+00:00,7759.38,7760.39,7758.62,7759.240000000001,404
2026-08-05T07:45:00+00:00,7759.240000000001,7760.88,7758.62,7759.63,341
2026-08-05T07:50:00+00:00,7759.63,7760.62,7758.13,7758.990000000001,309
2026-08-05T07:55:00+00:00,7758.990000000001,7761.37,7758.87,7760.87,293
2026-08-05T08:00:00+00:00,7760.87,7764.76,7760.38,7764.38,691
2026-08-05T08:05:00+00:00,7764.38,7764.89,7760.38,7761.25,738
2026-08-05T08:10:00+00:00,7761.25,7761.39,7754.76,7756.14,1067
2026-08-05T08:15:00+00:00,7756.14,7757.38,7754.88,7755.39,1065
2026-08-05T08:20:00+00:00,7755.39,7755.89,7751.37,7751.62,967
2026-08-05T08:25:00+00:00,7751.62,7753.740000000001,7750.87,7753.38,965
2026-08-05T08:30:00+00:00,7753.38,7753.75,7750.13,7751.14,1115
2026-08-05T08:35:00+00:00,7751.14,7753.63,7750.490000000001,7751.12,865
2026-08-05T08:40:00+00:00,7751.12,7752.01,7748.64,7750.88,933
2026-08-05T08:45:00+00:00,7750.88,7751.64,7748.62,7751.63,934
2026-08-05T08:50:00+00:00,7751.63,7752.39,7749.89,7750.38,670
2026-08-05T08:55:00+00:00,7750.38,7753.39,7750,7752.38,599
2026-08-05T09:00:00+00:00,7752.38,7754.12,7750.990000000001,7752.87,845
2026-08-05T09:05:00+00:00,7752.87,7755.39,7752.62,7754.89,563
2026-08-05T09:10:00+00:00,7754.89,7755.63,7753.990000000001,7754.14,431
2026-08-05T09:15:00+00:00,7754.14,7754.39,7752.25,7753.63,784
2026-08-05T09:20:00+00:00,7753.63,7756.14,7753.62,7755.89,590
2026-08-05T09:25:00+00:00,7755.89,7757.13,7754.87,7757.13,645
2026-08-05T09:30:00+00:00,7757.13,7759.64,7756.63,7759.64,552
2026-08-05T09:35:00+00:00,7759.64,7760.39,7757.63,7757.89,586
2026-08-05T09:40:00+00:00,7757.89,7758.87,7756.64,7758.37,719
2026-08-05T09:45:00+00:00,7758.37,7758.89,7755.63,7755.87,762
2026-08-05T09:50:00+00:00,7755.87,7757.89,7755.87,7757.64,382
2026-08-05T09:55:00+00:00,7757.64,7757.89,7756.39,7756.62,357
2026-08-05T10:00:00+00:00,7756.62,7758.13,7756.12,7757.39,473
2026-08-05T10:05:00+00:00,7757.39,7758.38,7757.13,7757.89,294
2026-08-05T10:10:00+00:00,7757.89,7758.13,7755.63,7757.12,482
2026-08-05T10:15:00+00:00,7757.12,7759.12,7756.62,7759.12,450
2026-08-05T10:20:00+00:00,7759.12,7760.26,7758.12,7760.12,480
2026-08-05T10:25:00+00:00,7760.12,7761.64,7759.87,7761.39,697
2026-08-05T10:30:00+00:00,7761.39,7762.64,7760.12,7762.64,562
2026-08-05T10:35:00+00:00,7762.64,7763.26,7761.01,7761.13,340
2026-08-05T10:40:00+00:00,7761.13,7761.740000000001,7760.5,7761.37,414
2026-08-05T10:45:00+00:00,7761.37,7764.63,7760.89,7762.12,1199
2026-08-05T10:50:00+00:00,7762.12,7766.14,7761.51,7765.89,662
2026-08-05T10:55:00+00:00,7765.89,7765.89,7764.39,7765.87,519
2026-08-05T11:00:00+00:00,7765.87,7766.14,7763.62,7764.37,1365
2026-08-05T11:05:00+00:00,7764.37,7767.14,7763.63,7766.89,821
2026-08-05T11:10:00+00:00,7766.89,7767.26,7763.89,7765.88,695
2026-08-05T11:15:00+00:00,7765.88,7766.64,7765.37,7765.87,385
2026-08-05T11:20:00+00:00,7765.87,7766.89,7765.37,7766.62,353
2026-08-05T11:25:00+00:00,7766.62,7767.89,7762.87,7762.87,473
2026-08-05T11:30:00+00:00,7762.87,7766.14,7761.63,7765.88,769
2026-08-05T11:35:00+00:00,7765.88,7766.14,7764.13,7764.88,510
2026-08-05T11:40:00+00:00,7764.88,7765.39,7762.64,7762.64,520
2026-08-05T11:45:00+00:00,7762.64,7765.38,7761.13,7765.37,982
2026-08-05T11:50:00+00:00,7765.37,7766.64,7763.87,7764.62,798
2026-08-05T11:55:00+00:00,7764.62,7766.39,7764.39,7766.13,536
2026-08-05T12:00:00+00:00,7766.13,7769.89,7765.62,7767.62,1113
2026-08-05T12:05:00+00:00,7767.62,7768.64,7766.37,7766.89,862
2026-08-05T12:10:00+00:00,7766.89,7770.25,7766.62,7769.01,632
2026-08-05T12:15:00+00:00,7769.01,7771,7767.63,7770.14,817
2026-08-05T12:20:00+00:00,7770.14,7772.14,7769.39,7771.13,944
2026-08-05T12:25:00+00:00,7771.13,7773.63,7769.89,7771.37,957
2026-08-05T12:30:00+00:00,7771.37,7772.62,7764.14,7769.5,1579
2026-08-05T12:35:00+00:00,7769.5,7772.14,7769.37,7769.88,1019
2026-08-05T12:40:00+00:00,7769.88,7770.89,7768.88,7770.62,829
2026-08-05T12:45:00+00:00,7770.62,7771.51,7768.89,7770.990000000001,690
2026-08-05T12:50:00+00:00,7770.990000000001,7770.990000000001,7767.89,7768.14,590
2026-08-05T12:55:00+00:00,7768.14,7769.39,7766.89,7767.87,705
2026-08-05T13:00:00+00:00,7767.87,7772.64,7767.63,7771.88,764
2026-08-05T13:05:00+00:00,7771.88,7776.39,7771.64,7775.89,816
2026-08-05T13:10:00+00:00,7775.89,7776.64,7774.38,7774.63,746
2026-08-05T13:15:00+00:00,7774.63,7775.37,7772.63,7774.14,942
2026-08-05T13:20:00+00:00,7774.14,7774.64,7771.62,7772.12,669
2026-08-05T13:25:00+00:00,7772.12,7777.88,7772.12,7777.62,1592
2026-08-05T13:30:00+00:00,7777.62,7787.6900000000005,7772.42,7782.17,6710
2026-08-05T13:35:00+00:00,7782.17,7787.43,7772.93,7785.43,6728
2026-08-05T13:40:00+00:00,7785.43,7788.42,7778.81,7785.05,6194
2026-08-05T13:45:00+00:00,7785.05,7786.4400000000005,7773.17,7773.93,5602
2026-08-05T13:50:00+00:00,7773.93,7778.93,7763.54,7778.92,6839
2026-08-05T13:55:00+00:00,7778.92,7787.4400000000005,7773.81,7787.4400000000005,5918
2026-08-05T14:00:00+00:00,7787.4400000000005,7787.4400000000005,7769.56,7777.92,8290
2026-08-05T14:05:00+00:00,7777.92,7785.68,7776.42,7780.9400000000005,7083
2026-08-05T14:10:00+00:00,7780.9400000000005,7785.4400000000005,7778.18,7782.18,6377
2026-08-05T14:15:00+00:00,7782.18,7784.92,7776.8,7776.92,5166
2026-08-05T14:20:00+00:00,7776.92,7778.1900000000005,7768.17,7777.92,6472
2026-08-05T14:25:00+00:00,7777.92,7782.1900000000005,7767.68,7768.04,6552
2026-08-05T14:30:00+00:00,7768.04,7770.6900000000005,7762.54,7766.42,6892
2026-08-05T14:35:00+00:00,7766.42,7768.4400000000005,7758.67,7759.4400000000005,5678
2026-08-05T14:40:00+00:00,7759.4400000000005,7764.4400000000005,7756.43,7760.42,6122
2026-08-05T14:45:00+00:00,7760.42,7767.4400000000005,7758.67,7766.18,5318
2026-08-05T14:50:00+00:00,7766.18,7768.67,7746.68,7751.4400000000005,5684
2026-08-05T14:55:00+00:00,7751.4400000000005,7757.55,7747.05,7754.54,4849
2026-08-05T15:00:00+00:00,7754.54,7759.6900000000005,7753.42,7756.1900000000005,4796
2026-08-05T15:05:00+00:00,7756.1900000000005,7758.4400000000005,7751.6900000000005,7756.4400000000005,4305
2026-08-05T15:10:00+00:00,7756.4400000000005,7759.4400000000005,7750.17,7750.67,4471
2026-08-05T15:15:00+00:00,7750.67,7751.6900000000005,7733.04,7744.17,4694
2026-08-05T15:20:00+00:00,7744.17,7746.6900000000005,7740.8,7741.9400000000005,4536
2026-08-05T15:25:00+00:00,7741.9400000000005,7742.4400000000005,7735.04,7736.93,4248
2026-08-05T15:30:00+00:00,7736.93,7745.18,7736.79,7738.43,4098
2026-08-05T15:35:00+00:00,7738.43,7742.6900000000005,7737.6900000000005,7741.18,4264
2026-08-05T15:40:00+00:00,7741.18,7742.3,7736.55,7739.92,3639
2026-08-05T15:45:00+00:00,7739.92,7739.92,7732.67,7733.18,2961
2026-08-05T15:50:00+00:00,7733.18,7735.4400000000005,7731.1900000000005,7732.17,2941
2026-08-05T15:55:00+00:00,7732.17,7732.29,7723.18,7726.17,3681
2026-08-05T16:00:00+00:00,7726.17,7729.9400000000005,7720.67,7728.4400000000005,4938
2026-08-05T16:05:00+00:00,7728.4400000000005,7728.68,7719.04,7722.17,4281
2026-08-05T16:10:00+00:00,7722.17,7724.6900000000005,7719.17,7724.43,3864
2026-08-05T16:15:00+00:00,7724.43,7731.1900000000005,7722.18,7725.68,3638
2026-08-05T16:20:00+00:00,7725.68,7736.6900000000005,7725.42,7730.42,3911
2026-08-05T16:25:00+00:00,7730.42,7740.9400000000005,7730.42,7740.4400000000005,3027
2026-08-05T16:30:00+00:00,7740.4400000000005,7741.6900000000005,7731.67,7736.43,3463
2026-08-05T16:35:00+00:00,7736.43,7737.9400000000005,7733.17,7735.18,2868
2026-08-05T16:40:00+00:00,7735.18,7739.42,7733.43,7735.42,2721
2026-08-05T16:45:00+00:00,7735.42,7736.9400000000005,7732.42,7733.67,2764
2026-08-05T16:50:00+00:00,7733.67,7740.1900000000005,7733.1900000000005,7739.42,2774
2026-08-05T16:55:00+00:00,7739.42,7741.1900000000005,7736.42,7737.92,2307
2026-08-05T17:00:00+00:00,7737.92,7741.05,7732.6900000000005,7733.67,2841
2026-08-05T17:05:00+00:00,7733.67,7735.42,7730.42,7732.9400000000005,3179
2026-08-05T17:10:00+00:00,7732.9400000000005,7737.17,7730.43,7734.6900000000005,2645
2026-08-05T17:15:00+00:00,7734.6900000000005,7737.81,7731.92,7733.4400000000005,2612
2026-08-05T17:20:00+00:00,7733.4400000000005,7734.1900000000005,7730.42,7734.18,2317
2026-08-05T17:25:00+00:00,7734.18,7737.6900000000005,7732.42,7733.18,2400
2026-08-05T17:30:00+00:00,7733.18,7736.9400000000005,7730.68,7735.68,2407
2026-08-05T17:35:00+00:00,7735.68,7737.68,7734.42,7736.43,2155
2026-08-05T17:40:00+00:00,7736.43,7739.9400000000005,7736.43,7737.18,1833
2026-08-05T17:45:00+00:00,7737.18,7739.1900000000005,7733.43,7738.4400000000005,1878
2026-08-05T17:50:00+00:00,7738.4400000000005,7739.4400000000005,7735.93,7736.17,1695
2026-08-05T17:55:00+00:00,7736.17,7738.17,7734.67,7735.1900000000005,1821
2026-08-05T18:00:00+00:00,7735.1900000000005,7741.68,7735.17,7741.17,1897
2026-08-05T18:05:00+00:00,7741.17,7742.6900000000005,7736.92,7738.92,2197
2026-08-05T18:10:00+00:00,7738.92,7740.9400000000005,7737.67,7737.67,1586
2026-08-05T18:15:00+00:00,7737.67,7740.9400000000005,7736.81,7740.18,1558
2026-08-05T18:20:00+00:00,7740.18,7740.68,7737.43,7738.43,1453
2026-08-05T18:25:00+00:00,7738.43,7740.9400000000005,7737.93,7739.18,1178
2026-08-05T18:30:00+00:00,7739.18,7739.31,7731.92,7733.67,2390
2026-08-05T18:35:00+00:00,7733.67,7736.93,7733.43,7734.6900000000005,1610
2026-08-05T18:40:00+00:00,7734.6900000000005,7736.6900000000005,7733.92,7735.93,1444
2026-08-05T18:45:00+00:00,7735.93,7739.6900000000005,7735.3,7738.42,1275
2026-08-05T18:50:00+00:00,7738.42,7739.6900000000005,7736.43,7737.4400000000005,1168
2026-08-05T18:55:00+00:00,7737.4400000000005,7737.6900000000005,7733.42,7733.67,1387
2026-08-05T19:00:00+00:00,7733.67,7736.17,7732.1900000000005,7735.9400000000005,1898
2026-08-05T19:05:00+00:00,7735.9400000000005,7738.18,7735.17,7736.67,1326
2026-08-05T19:10:00+00:00,7736.67,7737.68,7735.17,7737.1900000000005,1538
2026-08-05T19:15:00+00:00,7737.1900000000005,7738.9400000000005,7736.68,7738.18,1336
2026-08-05T19:20:00+00:00,7738.18,7739.6900000000005,7736.42,7738.1900000000005,1413
2026-08-05T19:25:00+00:00,7738.1900000000005,7739.1900000000005,7737.17,7737.4400000000005,977
2026-08-05T19:30:00+00:00,7737.4400000000005,7738.1900000000005,7733.17,7734.93,1771
2026-08-05T19:35:00+00:00,7734.93,7734.93,7731.92,7732.42,1422
2026-08-05T19:40:00+00:00,7732.42,7735.6900000000005,7732.17,7734.4400000000005,1091
2026-08-05T19:45:00+00:00,7734.4400000000005,7735.93,7731.42,7734.3,1878
2026-08-05T19:50:00+00:00,7734.3,7735.93,7733.05,7734.18,2595
2026-08-05T19:55:00+00:00,7734.18,7735.1900000000005,7714.18,7716.9400000000005,3366
2026-08-05T20:00:00+00:00,7716.9400000000005,7722.64,7715.37,7721.5,3472
2026-08-05T20:05:00+00:00,7721.5,7723.14,7717.12,7722.62,2732
2026-08-05T20:10:00+00:00,7722.62,7728.62,7721.87,7727.88,1292
2026-08-05T20:15:00+00:00,7727.88,7728.62,7723.13,7723.39,1178
2026-08-05T20:20:00+00:00,7723.39,7726.39,7723.37,7726.14,637
2026-08-05T20:25:00+00:00,7726.14,7726.14,7724.62,7725.38,359
2026-08-05T20:30:00+00:00,7725.38,7728.64,7724.88,7728.37,389
2026-08-05T20:35:00+00:00,7728.37,7728.62,7726.87,7727.37,253
2026-08-05T20:40:00+00:00,7727.37,7729.39,7726.87,7729.38,236
2026-08-05T20:45:00+00:00,7729.38,7729.89,7727.12,7727.89,234
2026-08-05T20:50:00+00:00,7727.89,7728.38,7726.88,7728.13,245
2026-08-05T20:55:00+00:00,7728.13,7729.01,7726.37,7726.97,407
2026-08-05T22:00:00+00:00,7726.97,7729.990000000001,7725.88,7728.4800000000005,725
2026-08-05T22:05:00+00:00,7728.4800000000005,7729.240000000001,7726.4800000000005,7727.360000000001,625
2026-08-05T22:10:00+00:00,7727.360000000001,7727.860000000001,7726.12,7727.25,342
2026-08-05T22:15:00+00:00,7727.25,7730.88,7727.25,7730.610000000001,307
2026-08-05T22:20:00+00:00,7730.610000000001,7736.63,7730.610000000001,7736.62,650
2026-08-05T22:25:00+00:00,7736.62,7736.63,7735.360000000001,7736.12,399
2026-08-05T22:30:00+00:00,7736.12,7739.87,7735.2300000000005,7739.7300000000005,438
2026-08-05T22:35:00+00:00,7739.7300000000005,7739.860000000001,7738.610000000001,7738.88,278
2026-08-05T22:40:00+00:00,7738.88,7738.88,7737.7300000000005,7738,161
2026-08-05T22:45:00+00:00,7738,7739.860000000001,7737.110000000001,7737.110000000001,332
2026-08-05T22:50:00+00:00,7737.110000000001,7737.38,7734.25,7734.610000000001,395
2026-08-05T22:55:00+00:00,7734.610000000001,7734.88,7733.37,7733.4800000000005,298
2026-08-05T23:00:00+00:00,7733.4800000000005,7734.240000000001,7732.25,7733.37,298
2026-08-05T23:05:00+00:00,7733.37,7734.490000000001,7733.110000000001,7733.88,152
2026-08-05T23:10:00+00:00,7733.88,7735.62,7733.610000000001,7735.37,202
2026-08-05T23:15:00+00:00,7735.37,7735.37,7734.110000000001,7734.63,213
2026-08-05T23:20:00+00:00,7734.63,7735.88,7734.360000000001,7735.110000000001,219
2026-08-05T23:25:00+00:00,7735.110000000001,7736.9800000000005,7734.860000000001,7734.860000000001,177
2026-08-05T23:30:00+00:00,7734.860000000001,7736.12,7732.360000000001,7732.360000000001,520
2026-08-05T23:35:00+00:00,7732.360000000001,7734.5,7731.110000000001,7732.990000000001,525
2026-08-05T23:40:00+00:00,7732.990000000001,7734.2300000000005,7731.9800000000005,7732.37,300
2026-08-05T23:45:00+00:00,7732.37,7732.5,7729.610000000001,7730.5,800
2026-08-05T23:50:00+00:00,7730.5,7731.63,7730.360000000001,7731.12,604
2026-08-05T23:55:00+00:00,7731.12,7731.38,7729.610000000001,7731.13,505
2026-08-06T00:00:00+00:00,7731.13,7732.62,7726.88,7730.860000000001,1667
2026-08-06T00:05:00+00:00,7730.860000000001,7731.88,7729.360000000001,7730.88,1115
2026-08-06T00:10:00+00:00,7730.88,7730.9800000000005,7726.860000000001,7729.490000000001,1148
2026-08-06T00:15:00+00:00,7729.490000000001,7730.110000000001,7726.13,7730.110000000001,941
2026-08-06T00:20:00+00:00,7730.110000000001,7731.63,7728.860000000001,7731.490000000001,1183
2026-08-06T00:25:00+00:00,7731.490000000001,7731.7300000000005,7726.610000000001,7727.37,1007
2026-08-06T00:30:00+00:00,7727.37,7729.110000000001,7727.110000000001,7728.62,1036
2026-08-06T00:35:00+00:00,7728.62,7729.62,7727.610000000001,7728.63,816
2026-08-06T00:40:00+00:00,7728.63,7731.13,7728.4800000000005,7729.360000000001,728
2026-08-06T00:45:00+00:00,7729.360000000001,7730.4800000000005,7728.110000000001,7728.7300000000005,985
2026-08-06T00:50:00+00:00,7728.7300000000005,7728.87,7726.860000000001,7727.12,649
2026-08-06T00:55:00+00:00,7727.12,7727.88,7726.110000000001,7726.37,611
2026-08-06T01:00:00+00:00,7726.37,7726.87,7723.610000000001,7724.110000000001,1020
2026-08-06T01:05:00+00:00,7724.110000000001,7724.87,7723.110000000001,7724.110000000001,730
2026-08-06T01:10:00+00:00,7724.110000000001,7725.13,7722.110000000001,7724.360000000001,877
2026-08-06T01:15:00+00:00,7724.360000000001,7724.37,7720.860000000001,7721.37,848
2026-08-06T01:20:00+00:00,7721.37,7721.37,7719.360000000001,7720.37,625
2026-08-06T01:25:00+00:00,7720.37,7720.38,7717.2300000000005,7719.12,736
2026-08-06T01:30:00+00:00,7719.12,7723.63,7718.610000000001,7721.110000000001,1162
2026-08-06T01:35:00+00:00,7721.110000000001,7722.88,7720.12,7722.63,1063
2026-08-06T01:40:00+00:00,7722.63,7722.63,7719.610000000001,7719.87,728
2026-08-06T01:45:00+00:00,7719.87,7724.63,7719.62,7724.360000000001,773
2026-08-06T01:50:00+00:00,7724.360000000001,7725.13,7723.110000000001,7724.88,880
2026-08-06T01:55:00+00:00,7724.88,7725.490000000001,7723.610000000001,7724.240000000001,863
2026-08-06T02:00:00+00:00,7724.240000000001,7727.62,7724.110000000001,7727.38,846
2026-08-06T02:05:00+00:00,7727.38,7730.75,7727.38,7730.75,702
2026-08-06T02:10:00+00:00,7730.75,7732.88,7728.62,7730.12,827
2026-08-06T02:15:00+00:00,7730.12,7730.88,7728.88,7730.110000000001,853
2026-08-06T02:20:00+00:00,7730.110000000001,7732.88,7729.860000000001,7731.88,499
2026-08-06T02:25:00+00:00,7731.88,7731.88,7729.360000000001,7729.610000000001,656
2026-08-06T02:30:00+00:00,7729.610000000001,7732.610000000001,7727.860000000001,7731.860000000001,525
2026-08-06T02:35:00+00:00,7731.860000000001,7731.88,7730.38,7731.610000000001,350
2026-08-06T02:40:00+00:00,7731.610000000001,7736.360000000001,7731.360000000001,7736.360000000001,516
2026-08-06T02:45:00+00:00,7736.360000000001,7737.12,7734.62,7736.110000000001,562
2026-08-06T02:50:00+00:00,7736.110000000001,7736.110000000001,7734.110000000001,7734.87,500
2026-08-06T02:55:00+00:00,7734.87,7734.87,7733.110000000001,7734.13,435
2026-08-06T03:00:00+00:00,7734.13,7736.38,7733.360000000001,7736.38,379
2026-08-06T03:05:00+00:00,7736.38,7736.38,7733.860000000001,7734.610000000001,486
2026-08-06T03:10:00+00:00,7734.610000000001,7735.38,7734.110000000001,7734.38,365
2026-08-06T03:15:00+00:00,7734.38,7735.13,7732.38,7732.38,431
2026-08-06T03:20:00+00:00,7732.38,7733.12,7730.87,7730.87,299
2026-08-06T03:25:00+00:00,7730.87,7730.87,7729.13,7729.87,322
2026-08-06T03:30:00+00:00,7729.87,7731.13,7728.37,7730.13,620
2026-08-06T03:35:00+00:00,7730.13,7731.87,7729.610000000001,7731.360000000001,685
2026-08-06T03:40:00+00:00,7731.360000000001,7732.13,7729.990000000001,7730.87,573
2026-08-06T03:45:00+00:00,7730.87,7732.38,7730.360000000001,7731.88,577
2026-08-06T03:50:00+00:00,7731.88,7732.38,7728.610000000001,7729.610000000001,512
2026-08-06T03:55:00+00:00,7729.610000000001,7732.990000000001,7729.25,7732.610000000001,654
2026-08-06T04:00:00+00:00,7732.610000000001,7732.88,7728.860000000001,7730.110000000001,581
2026-08-06T04:05:00+00:00,7730.110000000001,7732.88,7730.110000000001,7731.62,568
2026-08-06T04:10:00+00:00,7731.62,7732.38,7730.37,7730.37,444
2026-08-06T04:15:00+00:00,7730.37,7732.5,7730.25,7731.37,430
2026-08-06T04:20:00+00:00,7731.37,7733.38,7731.12,7733.37,342
2026-08-06T04:25:00+00:00,7733.37,7734.37,7732.62,7733.12,451
2026-08-06T04:30:00+00:00,7733.12,7734.610000000001,7731.110000000001,7731.88,591
2026-08-06T04:35:00+00:00,7731.88,7732.63,7729.360000000001,7729.610000000001,578
2026-08-06T04:40:00+00:00,7729.610000000001,7730.38,7729.110000000001,7730.110000000001,271
2026-08-06T04:45:00+00:00,7730.110000000001,7730.860000000001,7729.13,7729.87,364
2026-08-06T04:50:00+00:00,7729.87,7732.13,7729.860000000001,7732.12,548
2026-08-06T04:55:00+00:00,7732.12,7732.38,7731.110000000001,7732.13,517
2026-08-06T05:00:00+00:00,7732.13,7733.88,7730.62,7732.88,829
2026-08-06T05:05:00+00:00,7732.88,7734.88,7732.38,7733.610000000001,545
2026-08-06T05:10:00+00:00,7733.610000000001,7733.75,7731.860000000001,7732.87,606
2026-08-06T05:15:00+00:00,7732.87,7733.88,7730.610000000001,7732.610000000001,590
2026-08-06T05:20:00+00:00,7732.610000000001,7734.38,7732.360000000001,7733.12,768
2026-08-06T05:25:00+00:00,7733.12,7733.63,7732.360000000001,7732.88,609
2026-08-06T05:30:00+00:00,7732.88,7733.360000000001,7730.610000000001,7731.360000000001,728
2026-08-06T05:35:00+00:00,7731.360000000001,7732.62,7730.38,7731.13,462
2026-08-06T05:40:00+00:00,7731.13,7733.38,7730.63,7733.37,426
2026-08-06T05:45:00+00:00,7733.37,7733.63,7729.860000000001,7730.360000000001,588
2026-08-06T05:50:00+00:00,7730.360000000001,7733.38,7730.110000000001,7732.62,433
2026-08-06T05:55:00+00:00,7732.62,7734.38,7731.610000000001,7734.110000000001,448
2026-08-06T06:00:00+00:00,7734.110000000001,7734.38,7730.38,7731.360000000001,795
2026-08-06T06:05:00+00:00,7731.360000000001,7731.63,7729.240000000001,7729.860000000001,469
2026-08-06T06:10:00+00:00,7729.860000000001,7730.110000000001,7724.740000000001,7725.62,719
2026-08-06T06:15:00+00:00,7725.62,7726.37,7723.38,7724.63,745
2026-08-06T06:20:00+00:00,7724.63,7728.38,7723.62,7728.12,809
2026-08-06T06:25:00+00:00,7728.12,7730.63,7727.88,7730.4800000000005,702
2026-08-06T06:30:00+00:00,7730.4800000000005,7730.860000000001,7725.9800000000005,7728.110000000001,958
2026-08-06T06:35:00+00:00,7728.110000000001,7728.87,7726.37,7726.88,494
2026-08-06T06:40:00+00:00,7726.88,7726.88,7724.610000000001,7726.63,525
2026-08-06T06:45:00+00:00,7726.63,7727.37,7724.610000000001,7726.12,578
2026-08-06T06:50:00+00:00,7726.12,7727.38,7725.610000000001,7727.12,555
2026-08-06T06:55:00+00:00,7727.12,7729.63,7726.9800000000005,7728.860000000001,490
2026-08-06T07:00:00+00:00,7728.860000000001,7729.63,7727.110000000001,7728.12,1881
2026-08-06T07:05:00+00:00,7728.12,7731.88,7727.360000000001,7731.37,904
2026-08-06T07:10:00+00:00,7731.37,7733.63,7731.25,7732.62,759
2026-08-06T07:15:00+00:00,7732.62,7733.490000000001,7731.75,7732.88,574
2026-08-06T07:20:00+00:00,7732.88,7733.13,7730.610000000001,7730.62,709
2026-08-06T07:25:00+00:00,7730.62,7731.62,7728.87,7729.38,650
2026-08-06T07:30:00+00:00,7729.38,7729.62,7727.610000000001,7728.610000000001,627
2026-08-06T07:35:00+00:00,7728.610000000001,7728.63,7724.110000000001,7725.13,587
2026-08-06T07:40:00+00:00,7725.13,7725.860000000001,7724.37,7725.38,552
2026-08-06T07:45:00+00:00,7725.38,7728.360000000001,7724.360000000001,7727.62,654
2026-08-06T07:50:00+00:00,7727.62,7727.88,7725.7300000000005,7726.860000000001,551
2026-08-06T07:55:00+00:00,7726.860000000001,7728.38,7726.37,7727.610000000001,540
2026-08-06T08:00:00+00:00,7727.610000000001,7728.13,7719.490000000001,7721.7300000000005,1410
2026-08-06T08:05:00+00:00,7721.7300000000005,7726.610000000001,7721.360000000001,7723.13,1335
2026-08-06T08:10:00+00:00,7723.13,7723.38,7720.860000000001,7722.63,1277
2026-08-06T08:15:00+00:00,7722.63,7724.88,7720.990000000001,7723.610000000001,1644
2026-08-06T08:20:00+00:00,7723.610000000001,7724.88,7722.12,7724.37,1002
2026-08-06T08:25:00+00:00,7724.37,7729.75,7724.37,7729.610000000001,924
2026-08-06T08:30:00+00:00,7729.610000000001,7732.87,7729.38,7732.490000000001,997
2026-08-06T08:35:00+00:00,7732.490000000001,7732.87,7729.740000000001,7730.63,722
2026-08-06T08:40:00+00:00,7730.63,7731.63,7730.360000000001,7730.740000000001,624
2026-08-06T08:45:00+00:00,7730.740000000001,7731.62,7729.12,7731.37,505
2026-08-06T08:50:00+00:00,7731.37,7734.610000000001,7731.37,7734.240000000001,604
2026-08-06T08:55:00+00:00,7734.240000000001,7734.38,7732.860000000001,7734.12,439
2026-08-06T09:00:00+00:00,7734.12,7734.12,7727.860000000001,7728.860000000001,678
2026-08-06T09:05:00+00:00,7728.860000000001,7729.37,7725.360000000001,7726.37,758
2026-08-06T09:10:00+00:00,7726.37,7726.63,7724.38,7725.62,814
2026-08-06T09:15:00+00:00,7725.62,7729.63,7725.5,7729,604
2026-08-06T09:20:00+00:00,7729,7730.38,7728.610000000001,7729.360000000001,477
2026-08-06T09:25:00+00:00,7729.360000000001,7730.860000000001,7728.610000000001,7729.63,571
2026-08-06T09:30:00+00:00,7729.63,7729.88,7727.860000000001,7729.12,631
2026-08-06T09:35:00+00:00,7729.12,7730.13,7728.37,7729.610000000001,515
2026-08-06T09:40:00+00:00,7729.610000000001,7731.38,7729.13,7730.110000000001,461
2026-08-06T09:45:00+00:00,7730.110000000001,7733.88,7730.110000000001,7733.88,324
2026-08-06T09:50:00+00:00,7733.88,7734.4800000000005,7732.360000000001,7734.38,385
2026-08-06T09:55:00+00:00,7734.38,7736.63,7734.110000000001,7736.38,409
2026-08-06T10:00:00+00:00,7736.38,7736.38,7733.860000000001,7733.88,451
2026-08-06T10:05:00+00:00,7733.88,7734.360000000001,7732.610000000001,7733.63,309
2026-08-06T10:10:00+00:00,7733.63,7733.63,7732.12,7732.610000000001,504
2026-08-06T10:15:00+00:00,7732.610000000001,7734.13,7731.37,7733.62,340
2026-08-06T10:20:00+00:00,7733.62,7734.38,7732.63,7734.2300000000005,455
2026-08-06T10:25:00+00:00,7734.2300000000005,7735.37,7733.9800000000005,7734.610000000001,285
2026-08-06T10:30:00+00:00,7734.610000000001,7734.63,7731.87,7732.37,450
2026-08-06T10:35:00+00:00,7732.37,7733.13,7730.610000000001,7730.62,351
2026-08-06T10:40:00+00:00,7730.62,7730.88,7728.610000000001,7729.13,436
2026-08-06T10:45:00+00:00,7729.13,7730.88,7728.110000000001,7730.63,519
2026-08-06T10:50:00+00:00,7730.63,7730.990000000001,7729.110000000001,7729.37,652
2026-08-06T10:55:00+00:00,7729.37,7731.13,7728.860000000001,7731.12,554
2026-08-06T11:00:00+00:00,7731.12,7731.12,7722.610000000001,7724.12,1839
2026-08-06T11:05:00+00:00,7724.12,7725.62,7719.7300000000005,7725.62,1886
2026-08-06T11:10:00+00:00,7725.62,7726.13,7723.610000000001,7725.37,1332
2026-08-06T11:15:00+00:00,7725.37,7729.38,7725.110000000001,7729.360000000001,807
2026-08-06T11:20:00+00:00,7729.360000000001,7729.63,7727.860000000001,7729.38,581
2026-08-06T11:25:00+00:00,7729.38,7731.88,7728.7300000000005,7731.38,776
2026-08-06T11:30:00+00:00,7731.38,7734.88,7731.38,7733.38,829
2026-08-06T11:35:00+00:00,7733.38,7734.62,7732.63,7732.860000000001,512
2026-08-06T11:40:00+00:00,7732.860000000001,7734.12,7730.87,7731.37,664
2026-08-06T11:45:00+00:00,7731.37,7733.37,7725.87,7726.88,1251
2026-08-06T11:50:00+00:00,7726.88,7726.88,7723.88,7725.37,1053
2026-08-06T11:55:00+00:00,7725.37,7729.63,7725.110000000001,7729.13,1444
2026-08-06T12:00:00+00:00,7729.13,7729.88,7724.110000000001,7726.12,1334
2026-08-06T12:05:00+00:00,7726.12,7727.63,7724.110000000001,7724.62,1439
2026-08-06T12:10:00+00:00,7724.62,7725.13,7722.7300000000005,7723.360000000001,992
2026-08-06T12:15:00+00:00,7723.360000000001,7724.62,7721.110000000001,7721.87,749
2026-08-06T12:20:00+00:00,7721.87,7728.87,7721.62,7727.490000000001,848
2026-08-06T12:25:00+00:00,7727.490000000001,7729.38,7726.2300000000005,7726.240000000001,754
2026-08-06T12:30:00+00:00,7726.240000000001,7728.37,7724,7727.63,1117
2026-08-06T12:35:00+00:00,7727.63,7730.62,7727.610000000001,7729.860000000001,863
2026-08-06T12:40:00+00:00,7729.860000000001,7730.38,7727.110000000001,7727.62,718
2026-08-06T12:45:00+00:00,7727.62,7728.860000000001,7726.12,7727,628
2026-08-06T12:50:00+00:00,7727,7727.38,7723.860000000001,7724.610000000001,683
2026-08-06T12:55:00+00:00,7724.610000000001,7725.13,7721.610000000001,7723.610000000001,930
2026-08-06T13:00:00+00:00,7723.610000000001,7724.13,7720.860000000001,7721.37,931
2026-08-06T13:05:00+00:00,7721.37,7721.38,7716.860000000001,7718.87,992
2026-08-06T13:10:00+00:00,7718.87,7719.88,7718.110000000001,7718.38,820
2026-08-06T13:15:00+00:00,7718.38,7721.860000000001,7717.360000000001,7721.110000000001,1419
2026-08-06T13:20:00+00:00,7721.110000000001,7723.38,7720.110000000001,7720.88,774
2026-08-06T13:25:00+00:00,7720.88,7722.13,7718.110000000001,7721.13,1344
2026-08-06T13:30:00+00:00,7721.13,7726.43,7709.67,7718.410000000001,7567
2026-08-06T13:35:00+00:00,7718.410000000001,7728.3,7715.280000000001,7716.43,7463
2026-08-06T13:40:00+00:00,7716.43,7728.18,7714.29,7724.68,7611
2026-08-06T13:45:00+00:00,7724.68,7734.67,7724.410000000001,7732.43,5492
2026-08-06T13:50:00+00:00,7732.43,7734.55,7727.410000000001,7728.67,5279
2026-08-06T13:55:00+00:00,7728.67,7731.93,7725.18,7728.43,6992
2026-08-06T14:00:00+00:00,7728.43,7732.93,7725.660000000001,7730.910000000001,6032
2026-08-06T14:05:00+00:00,7730.910000000001,7734.43,7728.280000000001,7733.67,5016
2026-08-06T14:10:00+00:00,7733.67,7736.93,7733.42,7734.92,3054
2026-08-06T14:15:00+00:00,7734.92,7737.43,7730.67,7736.67,3166
2026-08-06T14:20:00+00:00,7736.67,7737.55,7731.17,7731.18,2646
2026-08-06T14:25:00+00:00,7731.18,7732.18,7720.160000000001,7723.68,5391
2026-08-06T14:30:00+00:00,7723.68,7728.18,7721.04,7727.410000000001,5140
2026-08-06T14:35:00+00:00,7727.410000000001,7728.92,7716.93,7716.93,4575
2026-08-06T14:40:00+00:00,7716.93,7726.55,7715.93,7720.93,4059
2026-08-06T14:45:00+00:00,7720.93,7721.68,7715.910000000001,7715.92,4121
2026-08-06T14:50:00+00:00,7715.92,7724.18,7714.910000000001,7724.18,3797
2026-08-06T14:55:00+00:00,7724.18,7729.92,7722.18,7729.17,3794
2026-08-06T15:00:00+00:00,7729.17,7731.67,7720.42,7721.910000000001,3977
2026-08-06T15:05:00+00:00,7721.910000000001,7727.43,7721.910000000001,7725.17,3434
2026-08-06T15:10:00+00:00,7725.17,7726.67,7718.410000000001,7718.68,2576
2026-08-06T15:15:00+00:00,7718.68,7720.42,7708.68,7708.68,3547
2026-08-06T15:20:00+00:00,7708.68,7711.43,7705.410000000001,7708.410000000001,4456
2026-08-06T15:25:00+00:00,7708.410000000001,7711.92,7705.92,7711.67,3750
2026-08-06T15:30:00+00:00,7711.67,7713.67,7704.160000000001,7704.160000000001,3826
2026-08-06T15:35:00+00:00,7704.160000000001,7707.910000000001,7702.160000000001,7705.68,3711
2026-08-06T15:40:00+00:00,7705.68,7708.18,7702.160000000001,7702.160000000001,2923
2026-08-06T15:45:00+00:00,7702.160000000001,7714.93,7702.160000000001,7711.18,3225
2026-08-06T15:50:00+00:00,7711.18,7716.68,7699.910000000001,7700.160000000001,3735
2026-08-06T15:55:00+00:00,7700.160000000001,7704.42,7698.8,7700.410000000001,4342
2026-08-06T16:00:00+00:00,7700.410000000001,7701.93,7696.42,7699.43,4236
2026-08-06T16:05:00+00:00,7699.43,7703.910000000001,7698.17,7702.160000000001,3329
2026-08-06T16:10:00+00:00,7702.160000000001,7704.18,7697.17,7698.67,2758
2026-08-06T16:15:00+00:00,7698.67,7701.93,7693.67,7700.92,3282
2026-08-06T16:20:00+00:00,7700.92,7702.43,7697.660000000001,7701.68,3100
2026-08-06T16:25:00+00:00,7701.68,7703.910000000001,7698.910000000001,7701.42,2527
2026-08-06T16:30:00+00:00,7701.42,7707.160000000001,7700.17,7702.160000000001,2898
2026-08-06T16:35:00+00:00,7702.160000000001,7707.67,7700.910000000001,7707.660000000001,2432
2026-08-06T16:40:00+00:00,7707.660000000001,7707.910000000001,7699.660000000001,7699.68,2467
2026-08-06T16:45:00+00:00,7699.68,7703.05,7698.160000000001,7703.04,2204
2026-08-06T16:50:00+00:00,7703.04,7705.43,7701.17,7702.660000000001,2038
2026-08-06T16:55:00+00:00,7702.660000000001,7709.18,7702.410000000001,7708.68,1676
2026-08-06T17:00:00+00:00,7708.68,7710.67,7705.910000000001,7706.68,2200
2026-08-06T17:05:00+00:00,7706.68,7710.18,7701.67,7702.160000000001,2175
2026-08-06T17:10:00+00:00,7702.160000000001,7704.67,7699.92,7700.42,2001
2026-08-06T17:15:00+00:00,7700.42,7703.42,7699.160000000001,7702.43,1908
2026-08-06T17:20:00+00:00,7702.43,7702.93,7697.910000000001,7698.530000000001,1595
2026-08-06T17:25:00+00:00,7698.530000000001,7701.43,7696.910000000001,7697.160000000001,1789
2026-08-06T17:30:00+00:00,7697.160000000001,7700.93,7696.160000000001,7699.910000000001,1640
2026-08-06T17:35:00+00:00,7699.910000000001,7701.68,7698.8,7699.18,1372
2026-08-06T17:40:00+00:00,7699.18,7700.18,7697.160000000001,7700.18,1640
2026-08-06T17:45:00+00:00,7700.18,7702.68,7698.67,7698.67,1432
2026-08-06T17:50:00+00:00,7698.67,7703.93,7698.660000000001,7703.410000000001,1243
2026-08-06T17:55:00+00:00,7703.410000000001,7705.42,7701.660000000001,7705.42,1006
2026-08-06T18:00:00+00:00,7705.42,7707.92,7703.910000000001,7707.92,1437
2026-08-06T18:05:00+00:00,7707.92,7708.68,7705.660000000001,7707.67,1224
2026-08-06T18:10:00+00:00,7707.67,7711.660000000001,7706.160000000001,7710.660000000001,1471
2026-08-06T18:15:00+00:00,7710.660000000001,7716.43,7705.42,7712.17,2563
2026-08-06T18:20:00+00:00,7712.17,7715.17,7712.17,7714.42,1217
2026-08-06T18:25:00+00:00,7714.42,7714.910000000001,7710.92,7713.160000000001,1168
2026-08-06T18:30:00+00:00,7713.160000000001,7713.67,7709.660000000001,7709.910000000001,1265
2026-08-06T18:35:00+00:00,7709.910000000001,7711.92,7706.910000000001,7707.410000000001,1120
2026-08-06T18:40:00+00:00,7707.410000000001,7708.18,7703.93,7706.67,1100
2026-08-06T18:45:00+00:00,7706.67,7710.43,7706.160000000001,7707.910000000001,930
2026-08-06T18:50:00+00:00,7707.910000000001,7709.18,7706.660000000001,7707.93,812
2026-08-06T18:55:00+00:00,7707.93,7709.92,7707.410000000001,7708.93,920
2026-08-06T19:00:00+00:00,7708.93,7714.93,7708.68,7714.910000000001,1251
2026-08-06T19:05:00+00:00,7714.910000000001,7716.43,7711.910000000001,7716.43,942
2026-08-06T19:10:00+00:00,7716.43,7717.17,7712.18,7712.67,1051
2026-08-06T19:15:00+00:00,7712.67,7712.68,7709.910000000001,7710.93,1057
2026-08-06T19:20:00+00:00,7710.93,7713.93,7707.43,7707.43,1151
2026-08-06T19:25:00+00:00,7707.43,7709.17,7704.660000000001,7705.93,1851
2026-08-06T19:30:00+00:00,7705.93,7709.18,7703.660000000001,7708.67,1787
2026-08-06T19:35:00+00:00,7708.67,7708.93,7704.410000000001,7704.410000000001,1233
2026-08-06T19:40:00+00:00,7704.410000000001,7705.18,7699.910000000001,7702.43,1704
2026-08-06T19:45:00+00:00,7702.43,7704.18,7698.660000000001,7703.410000000001,1643
2026-08-06T19:50:00+00:00,7703.410000000001,7707.280000000001,7696.42,7705.92,3151
2026-08-06T19:55:00+00:00,7705.92,7708.42,7700.660000000001,7705.17,3334
2026-08-06T20:00:00+00:00,7705.17,7710.360000000001,7704.62,7708.63,1938
2026-08-06T20:05:00+00:00,7708.63,7710.13,7707.860000000001,7709.25,710
2026-08-06T20:10:00+00:00,7709.25,7709.87,7706.88,7707.110000000001,557
2026-08-06T20:15:00+00:00,7707.110000000001,7708.38,7704.37,7705.87,710
2026-08-06T20:20:00+00:00,7705.87,7707.12,7700.360000000001,7700.87,460
2026-08-06T20:25:00+00:00,7700.87,7701.900000000001,7698.12,7699.360000000001,442
2026-08-06T20:30:00+00:00,7699.360000000001,7700.9800000000005,7698.12,7700.610000000001,266
2026-08-06T20:35:00+00:00,7700.610000000001,7701.110000000001,7697.860000000001,7700.110000000001,174
2026-08-06T20:40:00+00:00,7700.110000000001,7700.38,7699.610000000001,7699.62,172
2026-08-06T20:45:00+00:00,7699.62,7700.240000000001,7699.110000000001,7699.63,215
2026-08-06T20:50:00+00:00,7699.63,7700.63,7699.37,7700.12,142
2026-08-06T20:55:00+00:00,7700.12,7701.63,7700.12,7700.71,191
2026-08-06T22:00:00+00:00,7700.71,7704.37,7699.5,7702.38,462
2026-08-06T22:05:00+00:00,7702.38,7707.01,7702.38,7706.76,338
2026-08-06T22:10:00+00:00,7706.76,7709.76,7706.110000000001,7709.26,227
2026-08-06T22:15:00+00:00,7709.26,7710.62,7708.610000000001,7708.87,240
2026-08-06T22:20:00+00:00,7708.87,7709.5,7706,7707.490000000001,222
2026-08-06T22:25:00+00:00,7707.490000000001,7709.38,7705.88,7706.490000000001,239
2026-08-06T22:30:00+00:00,7706.490000000001,7706.490000000001,7702.990000000001,7704.88,285
2026-08-06T22:35:00+00:00,7704.88,7705.13,7704.360000000001,7704.63,97
2026-08-06T22:40:00+00:00,7704.63,7706.51,7704.5,7705.740000000001,238
2026-08-06T22:45:00+00:00,7705.740000000001,7706.25,7705.38,7705.740000000001,127
2026-08-06T22:50:00+00:00,7705.740000000001,7707.5,7705.740000000001,7707.01,179
2026-08-06T22:55:00+00:00,7707.01,7708.25,7706.63,7707.76,193
2026-08-06T23:00:00+00:00,7707.76,7708.490000000001,7707.25,7707.62,207
2026-08-06T23:05:00+00:00,7707.62,7707.75,7706.240000000001,7706.740000000001,167
2026-08-06T23:10:00+00:00,7706.740000000001,7707.13,7706.360000000001,7706.610000000001,115
2026-08-06T23:15:00+00:00,7706.610000000001,7710.51,7706.610000000001,7708,232
2026-08-06T23:20:00+00:00,7708,7709.51,7707.87,7709.51,260
2026-08-06T23:25:00+00:00,7709.51,7709.990000000001,7707.25,7708,233
2026-08-06T23:30:00+00:00,7708,7709.5,7707.490000000001,7709.5,273
2026-08-06T23:35:00+00:00,7709.5,7709.51,7708.110000000001,7708.75,240
2026-08-06T23:40:00+00:00,7708.75,7709.75,7707.12,7709.5,236
2026-08-06T23:45:00+00:00,7709.5,7710.76,7708.240000000001,7710.610000000001,529
2026-08-06T23:50:00+00:00,7710.610000000001,7710.76,7708.740000000001,7709.25,976
2026-08-06T23:55:00+00:00,7709.25,7710.01,7708.490000000001,7709.740000000001,872
2026-08-07T00:00:00+00:00,7709.740000000001,7711.75,7707.740000000001,7711.26,2573
2026-08-07T00:05:00+00:00,7711.26,7712.26,7707.740000000001,7707.740000000001,1360
2026-08-07T00:10:00+00:00,7707.740000000001,7709.01,7706.240000000001,7708.01,1315
2026-08-07T00:15:00+00:00,7708.01,7708.26,7701.490000000001,7702.5,1536
2026-08-07T00:20:00+00:00,7702.5,7702.5,7698.990000000001,7700.01,1563
2026-08-07T00:25:00+00:00,7700.01,7702.01,7699.490000000001,7700.26,1181
2026-08-07T00:30:00+00:00,7700.26,7709.25,7699.62,7708.990000000001,1500
2026-08-07T00:35:00+00:00,7708.990000000001,7709.240000000001,7701.51,7704.240000000001,1596
2026-08-07T00:40:00+00:00,7704.240000000001,7705.5,7700.5,7704.360000000001,1424
2026-08-07T00:45:00+00:00,7704.360000000001,7706.38,7700.240000000001,7701.25,1349
2026-08-07T00:50:00+00:00,7701.25,7707.01,7700.75,7705,1187
2026-08-07T00:55:00+00:00,7705,7706.740000000001,7702.740000000001,7705.51,1144
2026-08-07T01:00:00+00:00,7705.51,7707.76,7704.740000000001,7705.990000000001,1622
2026-08-07T01:05:00+00:00,7705.990000000001,7706.76,7704.240000000001,7704.990000000001,1248
2026-08-07T01:10:00+00:00,7704.990000000001,7705.490000000001,7700.75,7701.75,783
2026-08-07T01:15:00+00:00,7701.75,7701.88,7699.240000000001,7699.51,837
2026-08-07T01:20:00+00:00,7699.51,7699.62,7697.5,7699.51,814
2026-08-07T01:25:00+00:00,7699.51,7704.01,7698.75,7703.490000000001,1334
2026-08-07T01:30:00+00:00,7703.490000000001,7709.01,7703.12,7706,1589
2026-08-07T01:35:00+00:00,7706,7706.01,7700,7700.13,1687
2026-08-07T01:40:00+00:00,7700.13,7702.5,7699.38,7702.5,1819
2026-08-07T01:45:00+00:00,7702.5,7704.5,7699.740000000001,7702.75,1812
2026-08-07T01:50:00+00:00,7702.75,7702.88,7700.26,7701.740000000001,1501
2026-08-07T01:55:00+00:00,7701.740000000001,7703.25,7701,7702.63,1274
2026-08-07T02:00:00+00:00,7702.63,7704.860000000001,7701.990000000001,7704.110000000001,1590
2026-08-07T02:05:00+00:00,7704.110000000001,7704.51,7700.5,7700.740000000001,1201
2026-08-07T02:10:00+00:00,7700.740000000001,7703.51,7698.990000000001,7702.5,1050
2026-08-07T02:15:00+00:00,7702.5,7703.75,7702.240000000001,7703.25,799
2026-08-07T02:20:00+00:00,7703.25,7704.26,7701.240000000001,7704,797
2026-08-07T02:25:00+00:00,7704,7704,7701.990000000001,7702.38,744
2026-08-07T02:30:00+00:00,7702.38,7702.75,7699.990000000001,7700.25,807
2026-08-07T02:35:00+00:00,7700.25,7701.51,7696.740000000001,7697.5,769
2026-08-07T02:40:00+00:00,7697.5,7700.01,7697.26,7699.490000000001,949
2026-08-07T02:45:00+00:00,7699.490000000001,7702.76,7699,7702.76,607
2026-08-07T02:50:00+00:00,7702.76,7703.01,7702.240000000001,7702.5,297
2026-08-07T02:55:00+00:00,7702.5,7703.25,7701.75,7702,487
2026-08-07T03:00:00+00:00,7702,7704,7701.740000000001,7703.240000000001,440
2026-08-07T03:05:00+00:00,7703.240000000001,7703.75,7702.490000000001,7703.26,415
2026-08-07T03:10:00+00:00,7703.26,7703.51,7701.740000000001,7701.88,257
2026-08-07T03:15:00+00:00,7701.88,7702.51,7699.13,7699.25,466
2026-08-07T03:20:00+00:00,7699.25,7700.26,7698.240000000001,7700.25,504
2026-08-07T03:25:00+00:00,7700.25,7701.51,7699.490000000001,7700.490000000001,437
2026-08-07T03:30:00+00:00,7700.490000000001,7702.26,7699.88,7700.25,889
2026-08-07T03:35:00+00:00,7700.25,7702,7699.740000000001,7700.490000000001,699
2026-08-07T03:40:00+00:00,7700.490000000001,7701.01,7699.25,7700.240000000001,734
2026-08-07T03:45:00+00:00,7700.240000000001,7700.76,7698.51,7700.490000000001,607
2026-08-07T03:50:00+00:00,7700.490000000001,7701.01,7698.490000000001,7699.01,601
2026-08-07T03:55:00+00:00,7699.01,7699.740000000001,7698.740000000001,7699.01,485
2026-08-07T04:00:00+00:00,7699.01,7699.360000000001,7698.490000000001,7698.990000000001,477
2026-08-07T04:05:00+00:00,7698.990000000001,7700.01,7698.51,7699.5,596
2026-08-07T04:10:00+00:00,7699.5,7700.51,7697.490000000001,7697.990000000001,720
2026-08-07T04:15:00+00:00,7697.990000000001,7698.76,7695.25,7698.75,757
2026-08-07T04:20:00+00:00,7698.75,7702.26,7698.5,7701.240000000001,712
2026-08-07T04:25:00+00:00,7701.240000000001,7701.490000000001,7698.990000000001,7700.51,678
2026-08-07T04:30:00+00:00,7700.51,7703.26,7699.38,7701.63,704
2026-08-07T04:35:00+00:00,7701.63,7702.26,7699.740000000001,7700.38,685
2026-08-07T04:40:00+00:00,7700.38,7700.51,7699.240000000001,7699.360000000001,480
2026-08-07T04:45:00+00:00,7699.360000000001,7700.76,7699.110000000001,7699.740000000001,520
2026-08-07T04:50:00+00:00,7699.740000000001,7701.01,7698.740000000001,7701.01,595
2026-08-07T04:55:00+00:00,7701.01,7702.12,7700.740000000001,7701.5,524
2026-08-07T05:00:00+00:00,7701.5,7703.63,7701.12,7703.25,632
2026-08-07T05:05:00+00:00,7703.25,7706.51,7702.990000000001,7704.740000000001,529
2026-08-07T05:10:00+00:00,7704.740000000001,7705.13,7703.62,7703.740000000001,562
2026-08-07T05:15:00+00:00,7703.740000000001,7705.01,7703.490000000001,7704.51,334
2026-08-07T05:20:00+00:00,7704.51,7705.26,7703.62,7704.13,635
2026-08-07T05:25:00+00:00,7704.13,7705.5,7703.990000000001,7704.490000000001,423
2026-08-07T05:30:00+00:00,7704.490000000001,7704.76,7703.240000000001,7703.25,445
2026-08-07T05:35:00+00:00,7703.25,7703.76,7702.5,7702.75,411
2026-08-07T05:40:00+00:00,7702.75,7703.51,7701.610000000001,7702.75,346
2026-08-07T05:45:00+00:00,7702.75,7703.01,7701.990000000001,7703,422
2026-08-07T05:50:00+00:00,7703,7703.63,7702.490000000001,7703.25,372
2026-08-07T05:55:00+00:00,7703.25,7703.26,7701.490000000001,7701.5,236
2026-08-07T06:00:00+00:00,7701.5,7704.240000000001,7701.490000000001,7703.75,494
2026-08-07T06:05:00+00:00,7703.75,7706.26,7703.490000000001,7705.5,528
2026-08-07T06:10:00+00:00,7705.5,7707.76,7705.5,7707.490000000001,309
2026-08-07T06:15:00+00:00,7707.490000000001,7708.26,7706.990000000001,7707.25,303
2026-08-07T06:20:00+00:00,7707.25,7708.490000000001,7706.25,7708.490000000001,284
2026-08-07T06:25:00+00:00,7708.490000000001,7709.75,7707.240000000001,7709.5,384
2026-08-07T06:30:00+00:00,7709.5,7709.51,7707.240000000001,7707.740000000001,472
2026-08-07T06:35:00+00:00,7707.740000000001,7708.26,7706.240000000001,7706.5,238
2026-08-07T06:40:00+00:00,7706.5,7706.5,7703.990000000001,7704.490000000001,314
2026-08-07T06:45:00+00:00,7704.490000000001,7705.360000000001,7704.110000000001,7704.75,337
2026-08-07T06:50:00+00:00,7704.75,7705.76,7704.490000000001,7705.240000000001,153
2026-08-07T06:55:00+00:00,7705.240000000001,7708.360000000001,7704.990000000001,7707.75,314
2026-08-07T07:00:00+00:00,7707.75,7708.76,7705.76,7705.76,1662
2026-08-07T07:05:00+00:00,7705.76,7710.75,7705.76,7710.12,842
2026-08-07T07:10:00+00:00,7710.12,7712.240000000001,7709.5,7712.240000000001,707
2026-08-07T07:15:00+00:00,7712.240000000001,7712.26,7710.240000000001,7710.740000000001,430
2026-08-07T07:20:00+00:00,7710.740000000001,7710.76,7709.490000000001,7710.5,590
2026-08-07T07:25:00+00:00,7710.5,7711.76,7709.990000000001,7711.38,593
2026-08-07T07:30:00+00:00,7711.38,7711.51,7709.490000000001,7709.990000000001,499
2026-08-07T07:35:00+00:00,7709.990000000001,7711.01,7709.63,7710.01,474
2026-08-07T07:40:00+00:00,7710.01,7712.490000000001,7709.990000000001,7710.76,407
2026-08-07T07:45:00+00:00,7710.76,7710.990000000001,7708.76,7710.25,314
2026-08-07T07:50:00+00:00,7710.25,7710.740000000001,7707.990000000001,7710.740000000001,409
2026-08-07T07:55:00+00:00,7710.740000000001,7711.26,7709.990000000001,7710.240000000001,390
2026-08-07T08:00:00+00:00,7710.240000000001,7714.13,7710,7713.01,995
2026-08-07T08:05:00+00:00,7713.01,7715.75,7713,7715.240000000001,915
2026-08-07T08:10:00+00:00,7715.240000000001,7716.5,7714.990000000001,7716.01,368
2026-08-07T08:15:00+00:00,7716.01,7716.5,7712.490000000001,7712.490000000001,711
2026-08-07T08:20:00+00:00,7712.490000000001,7714.26,7711.990000000001,7713.240000000001,479
2026-08-07T08:25:00+00:00,7713.240000000001,7714.76,7713.240000000001,7714.01,534
2026-08-07T08:30:00+00:00,7714.01,7717.12,7713.490000000001,7715.75,609
2026-08-07T08:35:00+00:00,7715.75,7715.76,7711.76,7713.38,559
2026-08-07T08:40:00+00:00,7713.38,7714.76,7713.01,7713.740000000001,427
2026-08-07T08:45:00+00:00,7713.740000000001,7714.51,7713.25,7713.5,517
2026-08-07T08:50:00+00:00,7713.5,7714.26,7712.990000000001,7714,460
2026-08-07T08:55:00+00:00,7714,7715.75,7714,7715.240000000001,534
2026-08-07T09:00:00+00:00,7715.240000000001,7717.01,7714.610000000001,7715.5,543
2026-08-07T09:05:00+00:00,7715.5,7715.76,7714.490000000001,7715.01,522
2026-08-07T09:10:00+00:00,7715.01,7717.75,7714.990000000001,7717,382
2026-08-07T09:15:00+00:00,7717,7717.26,7714.990000000001,7715.26,347
2026-08-07T09:20:00+00:00,7715.26,7718.26,7714.990000000001,7717.990000000001,491
2026-08-07T09:25:00+00:00,7717.990000000001,7718.51,7716.490000000001,7716.76,403
2026-08-07T09:30:00+00:00,7716.76,7718.51,7716,7717.13,544
2026-08-07T09:35:00+00:00,7717.13,7718.12,7716.740000000001,7717.240000000001,389
2026-08-07T09:40:00+00:00,7717.240000000001,7717.26,7716.26,7717.01,319
2026-08-07T09:45:00+00:00,7717.01,7718,7716.240000000001,7717.25,538
2026-08-07T09:50:00+00:00,7717.25,7718.25,7716.490000000001,7716.990000000001,513
2026-08-07T09:55:00+00:00,7716.990000000001,7717.13,7715.240000000001,7715.75,374
2026-08-07T10:00:00+00:00,7715.75,7716.88,7715.490000000001,7716.51,390
2026-08-07T10:05:00+00:00,7716.51,7717.13,7715.51,7715.51,405
2026-08-07T10:10:00+00:00,7715.51,7716.63,7714.990000000001,7714.990000000001,316
2026-08-07T10:15:00+00:00,7714.990000000001,7715.5,7714.240000000001,7715,290
2026-08-07T10:20:00+00:00,7715,7715.25,7713.990000000001,7714.490000000001,265
2026-08-07T10:25:00+00:00,7714.490000000001,7716.88,7714.490000000001,7716.76,300
2026-08-07T10:30:00+00:00,7716.76,7717.26,7716,7717.26,333
2026-08-07T10:35:00+00:00,7717.26,7718.13,7716.740000000001,7718.01,184
2026-08-07T10:40:00+00:00,7718.01,7718.76,7717.490000000001,7718.75,207
2026-08-07T10:45:00+00:00,7718.75,7719.240000000001,7716,7716.51,202
2026-08-07T10:50:00+00:00,7716.51,7717.51,7714.990000000001,7715.25,252
2026-08-07T10:55:00+00:00,7715.25,7716.5,7714.76,7716.240000000001,207
2026-08-07T11:00:00+00:00,7716.240000000001,7720.51,7716.240000000001,7719.360000000001,745
2026-08-07T11:05:00+00:00,7719.360000000001,7721.26,7718.75,7721.01,461
2026-08-07T11:10:00+00:00,7721.01,7721.51,7719.740000000001,7719.76,402
2026-08-07T11:15:00+00:00,7719.76,7722.26,7719.76,7722.01,451
2026-08-07T11:20:00+00:00,7722.01,7722.76,7721.490000000001,7722.5,381
2026-08-07T11:25:00+00:00,7722.5,7724.76,7722.5,7723.240000000001,361
2026-08-07T11:30:00+00:00,7723.240000000001,7725.01,7722.990000000001,7724.75,303
2026-08-07T11:35:00+00:00,7724.75,7726.5,7724.490000000001,7725.490000000001,387
2026-08-07T11:40:00+00:00,7725.490000000001,7726.01,7724.75,7725.740000000001,271
2026-08-07T11:45:00+00:00,7725.740000000001,7725.76,7724.01,7724.5,284
2026-08-07T11:50:00+00:00,7724.5,7725.01,7722.5,7722.75,576
2026-08-07T11:55:00+00:00,7722.75,7722.990000000001,7718.240000000001,7718.51,790
2026-08-07T12:00:00+00:00,7718.51,7725.76,7717.240000000001,7723.5,765
2026-08-07T12:05:00+00:00,7723.5,7723.75,7720.990000000001,7722.240000000001,659
2026-08-07T12:10:00+00:00,7722.240000000001,7723.76,7721.740000000001,7722.76,544
2026-08-07T12:15:00+00:00,7722.76,7725.51,7722.740000000001,7724.5,607
2026-08-07T12:20:00+00:00,7724.5,7725.490000000001,7721.990000000001,7724.990000000001,610
2026-08-07T12:25:00+00:00,7724.990000000001,7728.490000000001,7721.27,7726.530000000001,1478
2026-08-07T12:30:00+00:00,7726.530000000001,7743.860000000001,7724.52,7735.990000000001,6276
2026-08-07T12:35:00+00:00,7735.990000000001,7746.01,7733.51,7745.5,3832
2026-08-07T12:40:00+00:00,7745.5,7746.01,7741.490000000001,7742.25,2358
2026-08-07T12:45:00+00:00,7742.25,7746.26,7742.240000000001,7745.490000000001,1999
2026-08-07T12:50:00+00:00,7745.490000000001,7748.75,7744.740000000001,7747.51,1394
2026-08-07T12:55:00+00:00,7747.51,7747.51,7744,7744.75,1844
2026-08-07T13:00:00+00:00,7744.75,7745.76,7736.740000000001,7736.740000000001,1506
2026-08-07T13:05:00+00:00,7736.740000000001,7739.51,7733.240000000001,7735.490000000001,1351
2026-08-07T13:10:00+00:00,7735.490000000001,7735.990000000001,7729.990000000001,7731.240000000001,1596
2026-08-07T13:15:00+00:00,7731.240000000001,7732.240000000001,7727.490000000001,7730.740000000001,1470
2026-08-07T13:20:00+00:00,7730.740000000001,7731.490000000001,7729.990000000001,7730.490000000001,960
2026-08-07T13:25:00+00:00,7730.490000000001,7731,7723.5,7726.26,1819
2026-08-07T13:30:00+00:00,7726.26,7733.06,7723.54,7732.05,7280
2026-08-07T13:35:00+00:00,7732.05,7732.55,7723.910000000001,7728.29,6910
2026-08-07T13:40:00+00:00,7728.29,7738.3,7725.8,7737.18,6805
2026-08-07T13:45:00+00:00,7737.18,7740.3,7728.55,7734.8,7250
2026-08-07T13:50:00+00:00,7734.8,7739.55,7733.3,7737.05,5359
2026-08-07T13:55:00+00:00,7737.05,7738.55,7721.8,7728.06,7305
2026-08-07T14:00:00+00:00,7728.06,7733.18,7721.3,7721.55,7654
2026-08-07T14:05:00+00:00,7721.55,7728.05,7721.29,7722.31,7275
2026-08-07T14:10:00+00:00,7722.31,7725.06,7713.55,7715.79,6038
2026-08-07T14:15:00+00:00,7715.79,7735.56,7714.29,7735.56,6536
2026-08-07T14:20:00+00:00,7735.56,7740.06,7732.54,7737.8,5578
2026-08-07T14:25:00+00:00,7737.8,7750.31,7737.79,7749.3,4516
2026-08-07T14:30:00+00:00,7749.3,7750.81,7741.29,7743.54,5019
2026-08-07T14:35:00+00:00,7743.54,7745.55,7735.04,7736.31,5300
2026-08-07T14:40:00+00:00,7736.31,7741.81,7734.54,7737.06,5137
2026-08-07T14:45:00+00:00,7737.06,7744.55,7737.04,7741.56,5220
2026-08-07T14:50:00+00:00,7741.56,7742.56,7736.54,7739.55,5059
2026-08-07T14:55:00+00:00,7739.55,7747.31,7739.3,7746.31,3841
2026-08-07T15:00:00+00:00,7746.31,7746.56,7741.55,7745.06,3387
2026-08-07T15:05:00+00:00,7745.06,7747.79,7744.54,7746.93,2102
2026-08-07T15:10:00+00:00,7746.93,7751.29,7744.04,7748.56,2250
2026-08-07T15:15:00+00:00,7748.56,7749.06,7745.29,7746.05,2125
2026-08-07T15:20:00+00:00,7746.05,7753.8,7745.79,7753.06,2268
2026-08-07T15:25:00+00:00,7753.06,7756.56,7752.29,7754.05,1863
2026-08-07T15:30:00+00:00,7754.05,7756.56,7751.54,7751.8,1653
2026-08-07T15:35:00+00:00,7751.8,7753.06,7749.56,7751.54,1920
2026-08-07T15:40:00+00:00,7751.54,7753.81,7746.55,7749.29,2273
2026-08-07T15:45:00+00:00,7749.29,7753.54,7748.05,7753.06,1940
2026-08-07T15:50:00+00:00,7753.06,7753.81,7748.05,7750.56,1621
2026-08-07T15:55:00+00:00,7750.56,7750.8,7745.79,7747.81,1519
2026-08-07T16:00:00+00:00,7747.81,7749.06,7744.8,7749.04,1918
2026-08-07T16:05:00+00:00,7749.04,7751.06,7747.79,7749.06,1524
2026-08-07T16:10:00+00:00,7749.06,7750.81,7747.3,7747.55,1235
2026-08-07T16:15:00+00:00,7747.55,7749.56,7746.31,7747.04,1420
2026-08-07T16:20:00+00:00,7747.04,7750.3,7739.79,7739.8,2979
2026-08-07T16:25:00+00:00,7739.8,7740.56,7730.67,7734.56,4170
2026-08-07T16:30:00+00:00,7734.56,7737.05,7727.79,7736.54,3779
2026-08-07T16:35:00+00:00,7736.54,7741.05,7734.3,7740.29,2474
2026-08-07T16:40:00+00:00,7740.29,7743.56,7739.79,7743.29,2153
2026-08-07T16:45:00+00:00,7743.29,7745.06,7741.79,7743.81,1747
2026-08-07T16:50:00+00:00,7743.81,7746.06,7738.29,7739.29,1895
2026-08-07T16:55:00+00:00,7739.29,7741.31,7736.8,7737.05,1883
2026-08-07T17:00:00+00:00,7737.05,7740.29,7735.04,7737.81,1971
2026-08-07T17:05:00+00:00,7737.81,7740.31,7737.54,7739.79,1516
2026-08-07T17:10:00+00:00,7739.79,7741.04,7737.29,7737.81,1119
2026-08-07T17:15:00+00:00,7737.81,7741.06,7737.3,7740.31,1230
2026-08-07T17:20:00+00:00,7740.31,7741.31,7736.31,7736.31,1122
2026-08-07T17:25:00+00:00,7736.31,7739.54,7735.04,7738.3,1021
2026-08-07T17:30:00+00:00,7738.3,7739.55,7734.55,7736.54,1542
2026-08-07T17:35:00+00:00,7736.54,7741.29,7736.31,7741.04,817
2026-08-07T17:40:00+00:00,7741.04,7741.31,7738.55,7738.79,904
2026-08-07T17:45:00+00:00,7738.79,7741.56,7738.04,7740.06,898
2026-08-07T17:50:00+00:00,7740.06,7742.06,7737.04,7740.3,1110
2026-08-07T17:55:00+00:00,7740.3,7741.31,7738.81,7738.81,874
2026-08-07T18:00:00+00:00,7738.81,7740.06,7738.29,7738.55,1072
2026-08-07T18:05:00+00:00,7738.55,7739.3,7735.67,7737.8,1127
2026-08-07T18:10:00+00:00,7737.8,7738.31,7731.8,7733.06,1055
2026-08-07T18:15:00+00:00,7733.06,7735.31,7732.04,7734.29,1350
2026-08-07T18:20:00+00:00,7734.29,7735.05,7732.53,7733.55,1010
2026-08-07T18:25:00+00:00,7733.55,7734.55,7731.53,7731.78,1101
2026-08-07T18:30:00+00:00,7731.78,7733.53,7730.29,7730.78,1101
2026-08-07T18:35:00+00:00,7730.78,7732.05,7729.03,7730.04,888
2026-08-07T18:40:00+00:00,7730.04,7730.79,7725.78,7726.8,915
2026-08-07T18:45:00+00:00,7726.8,7729.8,7726.03,7729.54,976
2026-08-07T18:50:00+00:00,7729.54,7732.05,7729.29,7730.28,819
2026-08-07T18:55:00+00:00,7730.28,7734.05,7729.05,7734.03,964
2026-08-07T19:00:00+00:00,7734.03,7741.8,7733.8,7737.54,2157
2026-08-07T19:05:00+00:00,7737.54,7744.05,7737.53,7743.8,1199
2026-08-07T19:10:00+00:00,7743.8,7747.8,7743.8,7746.28,1407
2026-08-07T19:15:00+00:00,7746.28,7751.79,7745.28,7745.8,1845
2026-08-07T19:20:00+00:00,7745.8,7749.53,7745.78,7746.3,1370
2026-08-07T19:25:00+00:00,7746.3,7748.3,7745.78,7748.04,1113
2026-08-07T19:30:00+00:00,7748.04,7748.16,7743.92,7744.8,1552
2026-08-07T19:35:00+00:00,7744.8,7748.54,7743.53,7746.79,1397
2026-08-07T19:40:00+00:00,7746.79,7747.04,7742.55,7743.04,1182
2026-08-07T19:45:00+00:00,7743.04,7747.05,7742.78,7745.900000000001,1819
2026-08-07T19:50:00+00:00,7745.900000000001,7747.8,7743.78,7745.53,2110
2026-08-07T19:55:00+00:00,7745.53,7755.05,7745.53,7748.29,4135
2026-08-07T20:00:00+00:00,7748.29,7750.5,7745.2300000000005,7745.4800000000005,1658
2026-08-07T20:05:00+00:00,7745.4800000000005,7746.75,7743.7300000000005,7744.25,576
2026-08-07T20:10:00+00:00,7744.25,7746,7743.9800000000005,7744.99,283
2026-08-07T20:15:00+00:00,7744.99,7746.49,7744.35,7745.61,356
2026-08-07T20:20:00+00:00,7745.61,7745.62,7743.85,7744.6,163
2026-08-07T20:25:00+00:00,7744.6,7744.86,7743.11,7743.37,137
2026-08-07T20:30:00+00:00,7743.37,7746.1,7743.1,7745.86,82
2026-08-07T20:35:00+00:00,7745.86,7747.12,7745.86,7746.62,111
2026-08-07T20:40:00+00:00,7746.62,7746.62,7745.6,7746.21,172
2026-08-09T22:00:00+00:00,7746.21,7750.73,7741.86,7743.46,1535
2026-08-09T22:05:00+00:00,7743.46,7744.11,7740.84,7742.97,641
2026-08-09T22:10:00+00:00,7742.97,7744.86,7738.34,7739.47,789
2026-08-09T22:15:00+00:00,7739.47,7739.61,7734.61,7736.34,692
2026-08-09T22:20:00+00:00,7736.34,7739.61,7736.34,7739.36,306
2026-08-09T22:25:00+00:00,7739.36,7741.46,7738.84,7740.59,361
2026-08-09T22:30:00+00:00,7740.59,7741.84,7737.84,7738.09,537
2026-08-09T22:35:00+00:00,7738.09,7739.84,7737.84,7739.34,291
2026-08-09T22:40:00+00:00,7739.34,7740.86,7739.34,7739.85,205
2026-08-09T22:45:00+00:00,7739.85,7740.6,7738.86,7739.61,219
2026-08-09T22:50:00+00:00,7739.61,7740.86,7739.61,7740.61,171
2026-08-09T22:55:00+00:00,7740.61,7740.61,7739.84,7740.1,114
2026-08-09T23:00:00+00:00,7740.1,7741.34,7738.6,7741.11,219
2026-08-09T23:05:00+00:00,7741.11,7743.36,7740.85,7742.85,399
2026-08-09T23:10:00+00:00,7742.85,7743.61,7742.59,7742.85,201
2026-08-09T23:15:00+00:00,7742.85,7743.6,7742.59,7743.09,163
2026-08-09T23:20:00+00:00,7743.09,7744.36,7742.86,7743.36,244
2026-08-09T23:25:00+00:00,7743.36,7743.86,7742.34,7742.84,206
2026-08-09T23:30:00+00:00,7742.84,7743.34,7739.09,7739.85,443
2026-08-09T23:35:00+00:00,7739.85,7741.61,7739.36,7741.35,171
2026-08-09T23:40:00+00:00,7741.35,7742.85,7740.72,7742.61,102
2026-08-09T23:45:00+00:00,7742.61,7743.61,7742.09,7743.11,475
2026-08-09T23:50:00+00:00,7743.11,7743.11,7741.09,7741.47,506
2026-08-09T23:55:00+00:00,7741.47,7741.48,7738.09,7738.09,571
2026-08-10T00:00:00+00:00,7738.09,7740.61,7736.61,7739.85,1249
2026-08-10T00:05:00+00:00,7739.85,7747.61,7739.1,7746.35,1151
2026-08-10T00:10:00+00:00,7746.35,7749.11,7746.09,7747.59,830
2026-08-10T00:15:00+00:00,7747.59,7747.72,7745.09,7745.1,825
2026-08-10T00:20:00+00:00,7745.1,7746.86,7742.59,7743.1,693
2026-08-10T00:25:00+00:00,7743.1,7744.11,7741.61,7742.11,696
2026-08-10T00:30:00+00:00,7742.11,7744.36,7741.85,7743.59,734
2026-08-10T00:35:00+00:00,7743.59,7744.36,7740.35,7741.36,860
2026-08-10T00:40:00+00:00,7741.36,7742.97,7740.09,7741.11,656
2026-08-10T00:45:00+00:00,7741.11,7743.36,7740.84,7743.35,665
2026-08-10T00:50:00+00:00,7743.35,7744.11,7741.84,7742.35,640
2026-08-10T00:55:00+00:00,7742.35,7742.86,7740.09,7741.84,646
2026-08-10T01:00:00+00:00,7741.84,7745.34,7740.85,7744.34,1007
2026-08-10T01:05:00+00:00,7744.34,7746.86,7744.1,7745.59,771
2026-08-10T01:10:00+00:00,7745.59,7748.34,7745.23,7748.1,540
2026-08-10T01:15:00+00:00,7748.1,7749.84,7747.84,7749.59,502
2026-08-10T01:20:00+00:00,7749.59,7751.35,7748.61,7751.1,586
2026-08-10T01:25:00+00:00,7751.1,7751.85,7750.34,7750.61,403
2026-08-10T01:30:00+00:00,7750.61,7750.61,7747.34,7748.59,773
2026-08-10T01:35:00+00:00,7748.59,7751.36,7747.98,7751.09,628
2026-08-10T01:40:00+00:00,7751.09,7751.34,7749.09,7751.11,593
2026-08-10T01:45:00+00:00,7751.11,7752.11,7750.35,7752.11,500
2026-08-10T01:50:00+00:00,7752.11,7752.61,7751.59,7751.84,329
2026-08-10T01:55:00+00:00,7751.84,7752.09,7751.34,7751.72,262
2026-08-10T02:00:00+00:00,7751.72,7752.61,7750.84,7752.6,465
2026-08-10T02:05:00+00:00,7752.6,7752.86,7751.35,7751.46,324
2026-08-10T02:10:00+00:00,7751.46,7752.59,7750.84,7750.86,233
2026-08-10T02:15:00+00:00,7750.86,7750.96,7748.6,7749.35,346
2026-08-10T02:20:00+00:00,7749.35,7750.36,7749.09,7749.84,281
2026-08-10T02:25:00+00:00,7749.84,7751.11,7749.84,7751.09,289
2026-08-10T02:30:00+00:00,7751.09,7751.59,7750.34,7750.34,271
2026-08-10T02:35:00+00:00,7750.34,7753.1,7749.84,7753.1,242
2026-08-10T02:40:00+00:00,7753.1,7754.09,7752.61,7753.84,229
2026-08-10T02:45:00+00:00,7753.84,7754.11,7753.09,7753.1,127
2026-08-10T02:50:00+00:00,7753.1,7754.35,7753.1,7753.84,207
2026-08-10T02:55:00+00:00,7753.84,7753.86,7753.09,7753.35,173
2026-08-10T03:00:00+00:00,7753.35,7754.11,7752.84,7753.11,180
2026-08-10T03:05:00+00:00,7753.11,7753.11,7752.09,7752.6,183
2026-08-10T03:10:00+00:00,7752.6,7752.86,7751.85,7752.36,233
2026-08-10T03:15:00+00:00,7752.36,7754.36,7752.09,7754.1,233
2026-08-10T03:20:00+00:00,7754.1,7754.6,7753.59,7753.98,212
2026-08-10T03:25:00+00:00,7753.98,7754.36,7752.85,7753.85,246
2026-08-10T03:30:00+00:00,7753.85,7755.61,7753.34,7755.61,398
2026-08-10T03:35:00+00:00,7755.61,7756.61,7754.96,7756.11,307
2026-08-10T03:40:00+00:00,7756.11,7757.11,7755.59,7757.09,333
2026-08-10T03:45:00+00:00,7757.09,7757.36,7756.09,7756.61,150
2026-08-10T03:50:00+00:00,7756.61,7757.11,7755.1,7755.35,161
2026-08-10T03:55:00+00:00,7755.35,7755.36,7754.09,7754.85,133
2026-08-10T04:00:00+00:00,7754.85,7755.86,7754.34,7755.35,211
2026-08-10T04:05:00+00:00,7755.35,7756.86,7753.35,7756.86,385
2026-08-10T04:10:00+00:00,7756.86,7757.36,7755.85,7757.22,265
2026-08-10T04:15:00+00:00,7757.22,7758.36,7756.85,7757.86,205
2026-08-10T04:20:00+00:00,7757.86,7758.36,7757.59,7758.11,142
2026-08-10T04:25:00+00:00,7758.11,7759.34,7757.34,7758.61,221
2026-08-10T04:30:00+00:00,7758.61,7758.61,7757.11,7757.46,285
2026-08-10T04:35:00+00:00,7757.46,7758.11,7756.86,7757.22,182
2026-08-10T04:40:00+00:00,7757.22,7757.6,7754.72,7757.48,300
2026-08-10T04:45:00+00:00,7757.48,7758.86,7757.35,7758.11,184
2026-08-10T04:50:00+00:00,7758.11,7760.11,7758.09,7758.36,230
2026-08-10T04:55:00+00:00,7758.36,7758.6,7757.09,7758.6,251
2026-08-10T05:00:00+00:00,7758.6,7760.48,7758.34,7760.11,296
2026-08-10T05:05:00+00:00,7760.11,7761.86,7760.09,7760.85,165
2026-08-10T05:10:00+00:00,7760.85,7761.84,7760.59,7761.48,124
2026-08-10T05:15:00+00:00,7761.48,7761.86,7760.84,7761.11,179
2026-08-10T05:20:00+00:00,7761.11,7761.61,7760.35,7761.36,84
2026-08-10T05:25:00+00:00,7761.36,7761.48,7760.09,7760.35,141
2026-08-10T05:30:00+00:00,7760.35,7760.61,7759.59,7760.36,220
2026-08-10T05:35:00+00:00,7760.36,7761.36,7760.34,7760.84,202
2026-08-10T05:40:00+00:00,7760.84,7760.86,7760.1,7760.36,131
2026-08-10T05:45:00+00:00,7760.36,7761.09,7759.84,7760.36,188
2026-08-10T05:50:00+00:00,7760.36,7762.11,7760.09,7761.84,139
2026-08-10T05:55:00+00:00,7761.84,7762.35,7761.6,7761.84,137
2026-08-10T06:00:00+00:00,7761.84,7762.86,7761.34,7762.1,354
2026-08-10T06:05:00+00:00,7762.1,7763.11,7761.84,7762.86,187
2026-08-10T06:10:00+00:00,7762.86,7764.1,7762.59,7762.84,204
2026-08-10T06:15:00+00:00,7762.84,7763.36,7762.35,7763.1,235
2026-08-10T06:20:00+00:00,7763.1,7763.1,7758.34,7758.34,271
2026-08-10T06:25:00+00:00,7758.34,7758.71,7755.97,7756.61,260
2026-08-10T06:30:00+00:00,7756.61,7758.34,7755.61,7757.6,518
2026-08-10T06:35:00+00:00,7757.6,7757.86,7755.96,7756.11,287
2026-08-10T06:40:00+00:00,7756.11,7757.1,7755.84,7756.84,235
2026-08-10T06:45:00+00:00,7756.84,7757.86,7756.6,7757.35,215
2026-08-10T06:50:00+00:00,7757.35,7758.61,7757.09,7757.84,131
2026-08-10T06:55:00+00:00,7757.84,7759.36,7757.34,7758.35,262
2026-08-10T07:00:00+00:00,7758.35,7760.11,7757.36,7758.35,795
2026-08-10T07:05:00+00:00,7758.35,7758.86,7756.6,7757.34,535
2026-08-10T07:10:00+00:00,7757.34,7757.61,7754.86,7756.59,527
2026-08-10T07:15:00+00:00,7756.59,7758.84,7756.34,7758.59,333
2026-08-10T07:20:00+00:00,7758.59,7763.11,7758.59,7762.85,454
2026-08-10T07:25:00+00:00,7762.85,7763.61,7761.09,7763.6,440
2026-08-10T07:30:00+00:00,7763.6,7764.11,7762.34,7763.11,259
2026-08-10T07:35:00+00:00,7763.11,7765.11,7763.09,7764.84,350
2026-08-10T07:40:00+00:00,7764.84,7765.36,7763.86,7765.11,240
2026-08-10T07:45:00+00:00,7765.11,7767.61,7761.1,7761.35,731
2026-08-10T07:50:00+00:00,7761.35,7763.1,7760.84,7762.34,289
2026-08-10T07:55:00+00:00,7762.34,7764.11,7762.34,7763.36,309
2026-08-10T08:00:00+00:00,7763.36,7764.86,7761.85,7764.35,801
2026-08-10T08:05:00+00:00,7764.35,7765.11,7762.34,7762.84,436
2026-08-10T08:10:00+00:00,7762.84,7762.85,7760.59,7762.34,420
2026-08-10T08:15:00+00:00,7762.34,7763.97,7762.09,7763.36,510
2026-08-10T08:20:00+00:00,7763.36,7763.36,7760.09,7762.48,484
2026-08-10T08:25:00+00:00,7762.48,7763.11,7761.6,7762.1,513
2026-08-10T08:30:00+00:00,7762.1,7762.84,7761.11,7762.36,437
2026-08-10T08:35:00+00:00,7762.36,7764.36,7762.34,7763.84,272
2026-08-10T08:40:00+00:00,7763.84,7764.35,7762.09,7762.61,298
2026-08-10T08:45:00+00:00,7762.61,7762.61,7761.48,7761.61,264
2026-08-10T08:50:00+00:00,7761.61,7762.11,7760.72,7761.59,356
2026-08-10T08:55:00+00:00,7761.59,7763.36,7761.59,7763.1,332
2026-08-10T09:00:00+00:00,7763.1,7763.6,7762.34,7763.1,339
2026-08-10T09:05:00+00:00,7763.1,7763.6,7762.34,7762.35,226
2026-08-10T09:10:00+00:00,7762.35,7763.61,7761.84,7763.1,265
2026-08-10T09:15:00+00:00,7763.1,7763.86,7761.59,7761.84,370
2026-08-10T09:20:00+00:00,7761.84,7764.09,7761.59,7764.09,285
2026-08-10T09:25:00+00:00,7764.09,7764.36,7763.09,7763.6,272
2026-08-10T09:30:00+00:00,7763.6,7764.61,7762.84,7763.86,310
2026-08-10T09:35:00+00:00,7763.86,7763.86,7761.09,7761.36,253
2026-08-10T09:40:00+00:00,7761.36,7761.61,7759.84,7760.85,180
2026-08-10T09:45:00+00:00,7760.85,7761.11,7760.09,7760.61,264
2026-08-10T09:50:00+00:00,7760.61,7761.34,7760.09,7760.59,202
2026-08-10T09:55:00+00:00,7760.59,7761.11,7760.09,7760.36,154
2026-08-10T10:00:00+00:00,7760.36,7762.11,7759.59,7761.84,321
2026-08-10T10:05:00+00:00,7761.84,7762.11,7760.34,7760.34,301
2026-08-10T10:10:00+00:00,7760.34,7760.61,7757.59,7758.09,255
2026-08-10T10:15:00+00:00,7758.09,7760.1,7757.85,7759.61,186
2026-08-10T10:20:00+00:00,7759.61,7762.11,7759.61,7761.84,300
2026-08-10T10:25:00+00:00,7761.84,7762.11,7761.09,7761.34,192
2026-08-10T10:30:00+00:00,7761.34,7761.61,7759.84,7760.35,281
2026-08-10T10:35:00+00:00,7760.35,7760.35,7757.09,7757.35,513
2026-08-10T10:40:00+00:00,7757.35,7757.36,7755.84,7757.09,387
2026-08-10T10:45:00+00:00,7757.09,7757.86,7756.84,7757.36,193
2026-08-10T10:50:00+00:00,7757.36,7759.11,7757.34,7757.61,242
2026-08-10T10:55:00+00:00,7757.61,7757.72,7755.1,7756.61,367
2026-08-10T11:00:00+00:00,7756.61,7757.61,7751.84,7752.09,740
2026-08-10T11:05:00+00:00,7752.09,7753.36,7751.34,7751.96,405
2026-08-10T11:10:00+00:00,7751.96,7752.86,7749.59,7751.59,590
2026-08-10T11:15:00+00:00,7751.59,7752.86,7751.35,7751.86,475
2026-08-10T11:20:00+00:00,7751.86,7754.61,7751.59,7753.59,444
2026-08-10T11:25:00+00:00,7753.59,7757.11,7753.1,7756.85,469
2026-08-10T11:30:00+00:00,7756.85,7758.61,7756.84,7758.09,430
2026-08-10T11:35:00+00:00,7758.09,7758.11,7755.35,7755.86,428
2026-08-10T11:40:00+00:00,7755.86,7757.86,7755.11,7755.11,739
2026-08-10T11:45:00+00:00,7755.11,7756.36,7752.09,7752.46,676
2026-08-10T11:50:00+00:00,7752.46,7754.61,7752.09,7753.6,581
2026-08-10T11:55:00+00:00,7753.6,7754.36,7752.59,7753.59,435
2026-08-10T12:00:00+00:00,7753.59,7755.61,7752.34,7755.09,609
2026-08-10T12:05:00+00:00,7755.09,7756.61,7753.1,7756.61,570
2026-08-10T12:10:00+00:00,7756.61,7757.09,7752.34,7752.61,499
2026-08-10T12:15:00+00:00,7752.61,7752.86,7750.34,7751.1,576
2026-08-10T12:20:00+00:00,7751.1,7751.36,7747.84,7748.6,481
2026-08-10T12:25:00+00:00,7748.6,7750.11,7748.09,7750.09,456
2026-08-10T12:30:00+00:00,7750.09,7750.36,7745.36,7745.36,743
2026-08-10T12:35:00+00:00,7745.36,7747.36,7744.09,7744.6,773
2026-08-10T12:40:00+00:00,7744.6,7746.11,7744.09,7745.6,630
2026-08-10T12:45:00+00:00,7745.6,7746.86,7745.09,7745.35,544
2026-08-10T12:50:00+00:00,7745.35,7745.35,7742.84,7743.36,565
2026-08-10T12:55:00+00:00,7743.36,7745.11,7742.86,7744.86,507
2026-08-10T13:00:00+00:00,7744.86,7747.36,7743.84,7746.84,897
2026-08-10T13:05:00+00:00,7746.84,7747.73,7746.34,7747.34,476
2026-08-10T13:10:00+00:00,7747.34,7748.36,7746.59,7747.61,540
2026-08-10T13:15:00+00:00,7747.61,7748.86,7744.96,7746.84,612
2026-08-10T13:20:00+00:00,7746.84,7747.23,7742.84,7744.86,743
2026-08-10T13:25:00+00:00,7744.86,7745.61,7741.09,7743.96,1308
2026-08-10T13:30:00+00:00,7743.96,7754.41,7743.39,7744.15,6461
2026-08-10T13:35:00+00:00,7744.15,7748.91,7742.64,7745.89,5637
2026-08-10T13:40:00+00:00,7745.89,7748.91,7742.89,7744.16,4765
2026-08-10T13:45:00+00:00,7744.16,7750.4,7743.89,7748.89,4087
2026-08-10T13:50:00+00:00,7748.89,7751.91,7742.64,7749.15,4307
2026-08-10T13:55:00+00:00,7749.15,7753.14,7747.64,7751.89,3337
2026-08-10T14:00:00+00:00,7751.89,7756.41,7751.64,7754.64,3037
2026-08-10T14:05:00+00:00,7754.64,7758.16,7753.39,7758.14,1596
2026-08-10T14:10:00+00:00,7758.14,7760.64,7756.64,7760.16,1156
2026-08-10T14:15:00+00:00,7760.16,7761.41,7757.64,7760.91,1260
2026-08-10T14:20:00+00:00,7760.91,7762.15,7756.14,7757.39,1461
2026-08-10T14:25:00+00:00,7757.39,7762.41,7755.39,7761.4,1729
2026-08-10T14:30:00+00:00,7761.4,7764.66,7760.39,7761.14,1759
2026-08-10T14:35:00+00:00,7761.14,7763.91,7759.64,7761.16,1441
2026-08-10T14:40:00+00:00,7761.16,7764.16,7760.66,7763.64,1098
2026-08-10T14:45:00+00:00,7763.64,7768.27,7763.64,7766.9,1255
2026-08-10T14:50:00+00:00,7766.9,7767.41,7755.64,7756.41,2014
2026-08-10T14:55:00+00:00,7756.41,7758.91,7752.65,7752.91,2570
2026-08-10T15:00:00+00:00,7752.91,7757.41,7750.62,7754.91,2577
2026-08-10T15:05:00+00:00,7754.91,7758.16,7753.39,7753.39,1536
2026-08-10T15:10:00+00:00,7753.39,7756.9,7751.91,7755.91,1490
2026-08-10T15:15:00+00:00,7755.91,7759.91,7755.39,7757.16,1735
2026-08-10T15:20:00+00:00,7757.16,7758.9,7755.89,7756.91,1357
2026-08-10T15:25:00+00:00,7756.91,7757.16,7751.89,7755.39,1516
2026-08-10T15:30:00+00:00,7755.39,7756.65,7751.39,7751.9,1853
2026-08-10T15:35:00+00:00,7751.9,7753.91,7749.89,7750.4,1364
2026-08-10T15:40:00+00:00,7750.4,7755.91,7749.39,7755.64,1134
2026-08-10T15:45:00+00:00,7755.64,7756.66,7752.89,7753.39,1047
2026-08-10T15:50:00+00:00,7753.39,7761.4,7752.64,7759.89,1183
2026-08-10T15:55:00+00:00,7759.89,7761.91,7758.39,7761.14,872
2026-08-10T16:00:00+00:00,7761.14,7762.41,7758.39,7759.65,969
2026-08-10T16:05:00+00:00,7759.65,7759.91,7756.64,7757.9,939
2026-08-10T16:10:00+00:00,7757.9,7759.16,7755.64,7755.65,868
2026-08-10T16:15:00+00:00,7755.65,7755.91,7752.16,7754.53,867
2026-08-10T16:20:00+00:00,7754.53,7756.41,7752.39,7755.14,846
2026-08-10T16:25:00+00:00,7755.14,7756.91,7751.39,7751.65,1017
2026-08-10T16:30:00+00:00,7751.65,7752.66,7735.86,7744.9,4399
2026-08-10T16:35:00+00:00,7744.9,7748.41,7742.41,7743.41,2110
2026-08-10T16:40:00+00:00,7743.41,7744.15,7737.39,7739.14,2200
2026-08-10T16:45:00+00:00,7739.14,7744.16,7736.89,7743.89,1858
2026-08-10T16:50:00+00:00,7743.89,7744.16,7740.65,7743.14,1102
2026-08-10T16:55:00+00:00,7743.14,7747.66,7743.14,7747.4,1183
2026-08-10T17:00:00+00:00,7747.4,7748.4,7742.89,7744.64,1020
2026-08-10T17:05:00+00:00,7744.64,7748.91,7743.65,7748.66,1001
2026-08-10T17:10:00+00:00,7748.66,7750.41,7746.89,7748.89,846
2026-08-10T17:15:00+00:00,7748.89,7750.91,7747.89,7749.15,534
2026-08-10T17:20:00+00:00,7749.15,7750.15,7747.9,7749.41,522
2026-08-10T17:25:00+00:00,7749.41,7749.66,7746.39,7748.89,662
2026-08-10T17:30:00+00:00,7748.89,7750.41,7748.39,7749.15,646
2026-08-10T17:35:00+00:00,7749.15,7749.41,7745.39,7746.15,811
2026-08-10T17:40:00+00:00,7746.15,7747.41,7743.66,7744.14,758
2026-08-10T17:45:00+00:00,7744.14,7745.64,7743.15,7744.66,717
2026-08-10T17:50:00+00:00,7744.66,7745.39,7742.64,7743.9,742
2026-08-10T17:55:00+00:00,7743.9,7746.16,7742.9,7745.15,611
2026-08-10T18:00:00+00:00,7745.15,7746.66,7744.39,7745.15,660
2026-08-10T18:05:00+00:00,7745.15,7747.91,7744.39,7747.15,585
2026-08-10T18:10:00+00:00,7747.15,7748.66,7744.16,7744.66,579
2026-08-10T18:15:00+00:00,7744.66,7745.39,7743.14,7743.64,493
2026-08-10T18:20:00+00:00,7743.64,7745.16,7742.65,7743.14,490
2026-08-10T18:25:00+00:00,7743.14,7744.66,7742.89,7742.89,361
2026-08-10T18:30:00+00:00,7742.89,7744.41,7740.61,7743.15,625
2026-08-10T18:35:00+00:00,7743.15,7744.66,7740.9,7743.14,476
2026-08-10T18:40:00+00:00,7743.14,7746.91,7743.14,7746.66,593
2026-08-10T18:45:00+00:00,7746.66,7747.16,7745.39,7746.4,458
2026-08-10T18:50:00+00:00,7746.4,7749.41,7746.39,7748.91,429
2026-08-10T18:55:00+00:00,7748.91,7750.91,7747.89,7749.91,446
2026-08-10T19:00:00+00:00,7749.91,7751.16,7748.4,7749.89,686
2026-08-10T19:05:00+00:00,7749.89,7751.91,7749.14,7751.9,652
2026-08-10T19:10:00+00:00,7751.9,7751.91,7750.15,7750.9,501
2026-08-10T19:15:00+00:00,7750.9,7752.66,7750.14,7750.89,352
2026-08-10T19:20:00+00:00,7750.89,7751.91,7749.89,7751.66,392
2026-08-10T19:25:00+00:00,7751.66,7751.78,7746.64,7747.14,442
2026-08-10T19:30:00+00:00,7747.14,7747.91,7745.14,7746.65,926
2026-08-10T19:35:00+00:00,7746.65,7750.66,7745.64,7749.65,678
2026-08-10T19:40:00+00:00,7749.65,7749.91,7747.39,7748.65,494
2026-08-10T19:45:00+00:00,7748.65,7749.91,7746.64,7749.41,810
2026-08-10T19:50:00+00:00,7749.41,7749.41,7741.89,7742.41,1903
2026-08-10T19:55:00+00:00,7742.41,7750.15,7741.39,7749.41,2262
2026-08-10T20:00:00+00:00,7749.41,7749.41,7746.34,7746.84,912
2026-08-10T20:05:00+00:00,7746.84,7747.86,7746.34,7747.1,357
2026-08-10T20:10:00+00:00,7747.1,7747.35,7746.34,7746.59,146
2026-08-10T20:15:00+00:00,7746.59,7747.86,7744.34,7744.61,428
2026-08-10T20:20:00+00:00,7744.61,7746.35,7744.34,7745.86,338
2026-08-10T20:25:00+00:00,7745.86,7747.86,7745.59,7747.35,150
2026-08-10T20:30:00+00:00,7747.35,7747.59,7746.09,7746.85,140
2026-08-10T20:35:00+00:00,7746.85,7747.11,7746.35,7746.61,94
2026-08-10T20:40:00+00:00,7746.61,7747.61,7746.59,7747.59,77
2026-08-10T20:45:00+00:00,7747.59,7748.36,7747.35,7748.34,124
2026-08-10T20:50:00+00:00,7748.34,7749.61,7748.1,7749.36,107
2026-08-10T20:55:00+00:00,7749.36,7749.36,7748.11,7748.34,76
2026-08-10T22:00:00+00:00,7748.34,7753.14,7748.34,7750.87,407
2026-08-10T22:05:00+00:00,7750.87,7751.63,7749.39,7749.63,238
2026-08-10T22:10:00+00:00,7749.63,7749.89,7748.89,7749.64,134
2026-08-10T22:15:00+00:00,7749.64,7749.89,7747.74,7747.74,154
2026-08-10T22:20:00+00:00,7747.74,7748.76,7745.37,7745.88,190
2026-08-10T22:25:00+00:00,7745.88,7747.12,7745.88,7746.38,80
2026-08-10T22:30:00+00:00,7746.38,7746.62,7743.76,7744.13,145
2026-08-10T22:35:00+00:00,7744.13,7744.64,7743.37,7744.38,117
2026-08-10T22:40:00+00:00,7744.38,7744.89,7743.87,7744.38,96
2026-08-10T22:45:00+00:00,7744.38,7744.39,7743.88,7744.13,50.23779270284988
2026-08-10T22:50:00+00:00,7744.13,7744.89,7743.87,7744.51,93
2026-08-10T22:55:00+00:00,7744.51,7745.64,7744.37,7745.37,66
2026-08-10T23:00:00+00:00,7745.37,7745.89,7743.88,7744.39,223
2026-08-10T23:05:00+00:00,7744.39,7745.13,7744.37,7744.62,81
2026-08-10T23:10:00+00:00,7744.62,7744.89,7744.26,7744.63,43
2026-08-10T23:15:00+00:00,7744.63,7744.88,7743.37,7743.63,50
2026-08-10T23:20:00+00:00,7743.63,7743.89,7741.37,7742.37,171
2026-08-10T23:25:00+00:00,7742.37,7742.64,7741.37,7741.88,110
2026-08-10T23:30:00+00:00,7741.88,7742.26,7740.74,7741.87,135
2026-08-10T23:35:00+00:00,7741.87,7742.64,7741.87,7742.63,55
2026-08-10T23:40:00+00:00,7742.63,7743.88,7742.37,7743.62,68
2026-08-10T23:45:00+00:00,7743.62,7744.89,7742.64,7743.99,527
2026-08-10T23:50:00+00:00,7743.99,7744.14,7741.12,7741.38,411
2026-08-10T23:55:00+00:00,7741.38,7743.12,7738.64,7742.75,400
2026-08-11T00:00:00+00:00,7742.75,7742.89,7739.87,7741.39,1487
2026-08-11T00:05:00+00:00,7741.39,7745.14,7740.87,7743.38,1074
2026-08-11T00:10:00+00:00,7743.38,7748.89,7743.13,7748.39,1029
2026-08-11T00:15:00+00:00,7748.39,7748.39,7745.87,7746.89,928
2026-08-11T00:20:00+00:00,7746.89,7748.51,7745.37,7747.99,650
2026-08-11T00:25:00+00:00,7747.99,7750.14,7747.87,7749.87,475
2026-08-11T00:30:00+00:00,7749.87,7750.14,7748.88,7749.63,469
2026-08-11T00:35:00+00:00,7749.63,7750.89,7748.87,7749.38,410
2026-08-11T00:40:00+00:00,7749.38,7752.12,7749.12,7751.63,380
2026-08-11T00:45:00+00:00,7751.63,7753.14,7751.12,7751.24,384
2026-08-11T00:50:00+00:00,7751.24,7752.64,7751.12,7751.88,257
2026-08-11T00:55:00+00:00,7751.88,7752.39,7751.37,7751.75,152
2026-08-11T01:00:00+00:00,7751.75,7752.64,7749.87,7751.14,765
2026-08-11T01:05:00+00:00,7751.14,7752.89,7750.62,7752.87,385
2026-08-11T01:10:00+00:00,7752.87,7757.38,7752.87,7756.87,536
2026-08-11T01:15:00+00:00,7756.87,7757.14,7754.62,7755.13,381
2026-08-11T01:20:00+00:00,7755.13,7758.38,7754.87,7757.89,439
2026-08-11T01:25:00+00:00,7757.89,7757.89,7755.62,7756.74,579
2026-08-11T01:30:00+00:00,7756.74,7757.63,7755.62,7756.62,723
2026-08-11T01:35:00+00:00,7756.62,7756.88,7755.39,7755.88,447
2026-08-11T01:40:00+00:00,7755.88,7756.88,7755.37,7756.13,391
2026-08-11T01:45:00+00:00,7756.13,7758.39,7755.37,7758.13,496
2026-08-11T01:50:00+00:00,7758.13,7758.14,7757.12,7757.63,275
2026-08-11T01:55:00+00:00,7757.63,7757.89,7755.13,7755.13,340
2026-08-11T02:00:00+00:00,7755.13,7756.14,7754.62,7756.14,373
2026-08-11T02:05:00+00:00,7756.14,7756.14,7754.62,7754.89,299
2026-08-11T02:10:00+00:00,7754.89,7755.89,7754.89,7755.88,197
2026-08-11T02:15:00+00:00,7755.88,7756.63,7755.12,7755.63,323
2026-08-11T02:20:00+00:00,7755.63,7755.89,7754.87,7755.62,223
2026-08-11T02:25:00+00:00,7755.62,7756.87,7755.13,7756.64,256
2026-08-11T02:30:00+00:00,7756.64,7758.14,7756.64,7757.89,206
2026-08-11T02:35:00+00:00,7757.89,7757.89,7756.88,7757.14,191
2026-08-11T02:40:00+00:00,7757.14,7758.39,7757.14,7758.37,166
2026-08-11T02:45:00+00:00,7758.37,7758.64,7757.62,7757.89,222
2026-08-11T02:50:00+00:00,7757.89,7757.89,7756.37,7757.13,153
2026-08-11T02:55:00+00:00,7757.13,7757.14,7755.87,7756.38,157
2026-08-11T03:00:00+00:00,7756.38,7758.37,7756.37,7758.37,161
2026-08-11T03:05:00+00:00,7758.37,7758.39,7757.37,7758.38,203
2026-08-11T03:10:00+00:00,7758.38,7758.39,7757.63,7757.87,136
2026-08-11T03:15:00+00:00,7757.87,7758.39,7757.38,7758.12,111
2026-08-11T03:20:00+00:00,7758.12,7760.39,7757.63,7760.39,181
2026-08-11T03:25:00+00:00,7760.39,7761.14,7759.87,7760.62,222
2026-08-11T03:30:00+00:00,7760.62,7760.89,7758.63,7759.13,113
2026-08-11T03:35:00+00:00,7759.13,7760.37,7759.12,7760.14,97
2026-08-11T03:40:00+00:00,7760.14,7760.89,7759.39,7759.39,107
2026-08-11T03:45:00+00:00,7759.39,7759.63,7758.49,7759.12,132
2026-08-11T03:50:00+00:00,7759.12,7760.12,7758.87,7759.89,173
2026-08-11T03:55:00+00:00,7759.89,7759.89,7758.37,7758.75,106
2026-08-11T04:00:00+00:00,7758.75,7759.39,7758.62,7758.87,194
2026-08-11T04:05:00+00:00,7758.87,7759.39,7758.62,7758.88,201
2026-08-11T04:10:00+00:00,7758.88,7760.14,7758.87,7759.89,184
2026-08-11T04:15:00+00:00,7759.89,7759.89,7759.13,7759.38,65
2026-08-11T04:20:00+00:00,7759.38,7759.39,7758.62,7758.88,98
2026-08-11T04:25:00+00:00,7758.88,7760.14,7758.87,7760.13,108
2026-08-11T04:30:00+00:00,7760.13,7761.51,7759.62,7759.62,241
2026-08-11T04:35:00+00:00,7759.62,7760.14,7759.12,7760.12,257
2026-08-11T04:40:00+00:00,7760.12,7760.14,7758.87,7759.39,183
2026-08-11T04:45:00+00:00,7759.39,7760.14,7759.12,7759.64,162
2026-08-11T04:50:00+00:00,7759.64,7759.64,7758.87,7759,113
2026-08-11T04:55:00+00:00,7759,7759.39,7758.87,7759.13,62.01570351758794
2026-08-11T05:00:00+00:00,7759.13,7759.39,7758.62,7758.87,140
2026-08-11T05:05:00+00:00,7758.87,7759.88,7758.12,7759.63,154
2026-08-11T05:10:00+00:00,7759.63,7760.75,7759.37,7760.63,125
2026-08-11T05:15:00+00:00,7760.63,7760.88,7758.37,7758.38,147
2026-08-11T05:20:00+00:00,7758.38,7758.39,7756.89,7757.14,177
2026-08-11T05:25:00+00:00,7757.14,7757.64,7756.87,7756.99,227
2026-08-11T05:30:00+00:00,7756.99,7757.26,7755.12,7757.13,251
2026-08-11T05:35:00+00:00,7757.13,7758.38,7756.87,7757.38,290
2026-08-11T05:40:00+00:00,7757.38,7758.14,7756.89,7757.39,258
2026-08-11T05:45:00+00:00,7757.39,7757.64,7753.63,7753.88,321
2026-08-11T05:50:00+00:00,7753.88,7754.64,7752.62,7753.14,368
2026-08-11T05:55:00+00:00,7753.14,7753.64,7752.62,7752.62,329
2026-08-11T06:00:00+00:00,7752.62,7755.64,7752.12,7755.12,506
2026-08-11T06:05:00+00:00,7755.12,7755.63,7754.62,7754.88,273
2026-08-11T06:10:00+00:00,7754.88,7756.37,7754.88,7755.38,172
2026-08-11T06:15:00+00:00,7755.38,7755.89,7750.63,7750.87,328
2026-08-11T06:20:00+00:00,7750.87,7751.14,7749.37,7749.62,374
2026-08-11T06:25:00+00:00,7749.62,7749.89,7746.87,7747.39,289
2026-08-11T06:30:00+00:00,7747.39,7748.89,7742.62,7744.63,729
2026-08-11T06:35:00+00:00,7744.63,7749.64,7743.87,7749.38,485
2026-08-11T06:40:00+00:00,7749.38,7750.64,7748.88,7749.12,536
2026-08-11T06:45:00+00:00,7749.12,7749.64,7747.12,7747.51,332
2026-08-11T06:50:00+00:00,7747.51,7747.89,7744.87,7745.13,455
2026-08-11T06:55:00+00:00,7745.13,7746.89,7744.87,7746.87,378
2026-08-11T07:00:00+00:00,7746.87,7749.14,7745.62,7747.12,1123
2026-08-11T07:05:00+00:00,7747.12,7747.39,7743.62,7745.37,765
2026-08-11T07:10:00+00:00,7745.37,7747.14,7744.87,7746.12,504
2026-08-11T07:15:00+00:00,7746.12,7746.89,7744.12,7744.75,529
2026-08-11T07:20:00+00:00,7744.75,7745.14,7742.62,7743.75,430
2026-08-11T07:25:00+00:00,7743.75,7746.39,7743.62,7744.87,588
2026-08-11T07:30:00+00:00,7744.87,7748.14,7744.87,7748.12,585
2026-08-11T07:35:00+00:00,7748.12,7749.62,7747.62,7747.63,372
2026-08-11T07:40:00+00:00,7747.63,7748.64,7746.37,7747.88,350
2026-08-11T07:45:00+00:00,7747.88,7748.38,7746.38,7746.87,520
2026-08-11T07:50:00+00:00,7746.87,7748.39,7745.62,7745.63,434
2026-08-11T07:55:00+00:00,7745.63,7748.87,7745.39,7748.12,312
2026-08-11T08:00:00+00:00,7748.12,7752.64,7747.62,7749.39,971
2026-08-11T08:05:00+00:00,7749.39,7749.63,7745.37,7745.62,606
2026-08-11T08:10:00+00:00,7745.62,7746.89,7742.87,7743.12,698
2026-08-11T08:15:00+00:00,7743.12,7744.63,7742.87,7743.37,510
2026-08-11T08:20:00+00:00,7743.37,7745.25,7741.88,7744.62,660
2026-08-11T08:25:00+00:00,7744.62,7746.64,7744.62,7744.88,586
2026-08-11T08:30:00+00:00,7744.88,7746.39,7743.12,7744.26,707
2026-08-11T08:35:00+00:00,7744.26,7745.14,7743.13,7744.88,674
2026-08-11T08:40:00+00:00,7744.88,7748.14,7744.62,7748.12,405
2026-08-11T08:45:00+00:00,7748.12,7749.14,7747.14,7748.38,373
2026-08-11T08:50:00+00:00,7748.38,7748.89,7747.37,7748.39,270
2026-08-11T08:55:00+00:00,7748.39,7748.39,7746.12,7747.12,273
2026-08-11T09:00:00+00:00,7747.12,7747.64,7744.87,7746,514
2026-08-11T09:05:00+00:00,7746,7748.14,7743.37,7743.62,544
2026-08-11T09:10:00+00:00,7743.62,7746.14,7743.62,7746.13,593
2026-08-11T09:15:00+00:00,7746.13,7749.64,7745.49,7749.12,460
2026-08-11T09:20:00+00:00,7749.12,7750.39,7747.63,7748.39,430
2026-08-11T09:25:00+00:00,7748.39,7748.89,7746.89,7748.63,480
2026-08-11T09:30:00+00:00,7748.63,7751.14,7748.51,7749.88,552
2026-08-11T09:35:00+00:00,7749.88,7750.89,7749.62,7750.62,449
2026-08-11T09:40:00+00:00,7750.62,7752.39,7750.13,7750.13,250
2026-08-11T09:45:00+00:00,7750.13,7751.64,7750.12,7750.89,204
2026-08-11T09:50:00+00:00,7750.89,7750.89,7749.62,7749.89,191
2026-08-11T09:55:00+00:00,7749.89,7750.64,7749.37,7749.89,245
2026-08-11T10:00:00+00:00,7749.89,7750.64,7748.62,7748.64,399
2026-08-11T10:05:00+00:00,7748.64,7749.39,7747.87,7749.24,322
2026-08-11T10:10:00+00:00,7749.24,7749.39,7747.87,7747.88,275
2026-08-11T10:15:00+00:00,7747.88,7750.14,7747.25,7749.87,172
2026-08-11T10:20:00+00:00,7749.87,7754.88,7749.87,7754.14,925
2026-08-11T10:25:00+00:00,7754.14,7759.64,7753.39,7757.88,1394
2026-08-11T10:30:00+00:00,7757.88,7758.14,7754.62,7755.63,598
2026-08-11T10:35:00+00:00,7755.63,7756.13,7754.62,7754.62,239
2026-08-11T10:40:00+00:00,7754.62,7756.89,7754.37,7756.64,372
2026-08-11T10:45:00+00:00,7756.64,7758.14,7756.13,7758.13,325
2026-08-11T10:50:00+00:00,7758.13,7758.14,7757.12,7757.12,206
2026-08-11T10:55:00+00:00,7757.12,7757.26,7756.13,7757.12,295
2026-08-11T11:00:00+00:00,7757.12,7767.89,7756.87,7766.24,4830
2026-08-11T11:05:00+00:00,7766.24,7767.14,7763.37,7764.51,1768
2026-08-11T11:10:00+00:00,7764.51,7766.89,7764.12,7765.64,948
2026-08-11T11:15:00+00:00,7765.64,7766.39,7759.87,7760.12,609
2026-08-11T11:20:00+00:00,7760.12,7761.14,7759.12,7759.25,498
2026-08-11T11:25:00+00:00,7759.25,7760.89,7758.99,7760.24,479
2026-08-11T11:30:00+00:00,7760.24,7761.14,7758.13,7759.13,435
2026-08-11T11:35:00+00:00,7759.13,7759.64,7757.87,7758.63,439
2026-08-11T11:40:00+00:00,7758.63,7760.64,7758.13,7760.14,479
2026-08-11T11:45:00+00:00,7760.14,7760.88,7758.87,7760.14,401
2026-08-11T11:50:00+00:00,7760.14,7762.62,7759.64,7762.12,287
2026-08-11T11:55:00+00:00,7762.12,7762.38,7760.12,7761.13,251
2026-08-11T12:00:00+00:00,7761.13,7762.14,7760.12,7761.14,583
2026-08-11T12:05:00+00:00,7761.14,7763.64,7761.13,7763.39,522
2026-08-11T12:10:00+00:00,7763.39,7764.89,7762.87,7764.89,323
2026-08-11T12:15:00+00:00,7764.89,7767.14,7764.12,7765.14,508
2026-08-11T12:20:00+00:00,7765.14,7766.12,7757.12,7758.14,1581
2026-08-11T12:25:00+00:00,7758.14,7760.64,7758.12,7760.12,557
2026-08-11T12:30:00+00:00,7760.12,7760.76,7758.37,7760.12,626
2026-08-11T12:35:00+00:00,7760.12,7763.39,7759.62,7762.62,394
2026-08-11T12:40:00+00:00,7762.62,7762.64,7761.12,7761.62,220
2026-08-11T12:45:00+00:00,7761.62,7762.12,7760.12,7760.39,263
2026-08-11T12:50:00+00:00,7760.39,7760.64,7758.87,7759.88,391
2026-08-11T12:55:00+00:00,7759.88,7761.13,7759.39,7759.63,237
2026-08-11T13:00:00+00:00,7759.63,7762.14,7759.37,7760.62,756
2026-08-11T13:05:00+00:00,7760.62,7763.89,7760.38,7762.88,351
2026-08-11T13:10:00+00:00,7762.88,7763.14,7758.87,7759.89,348
2026-08-11T13:15:00+00:00,7759.89,7764.14,7758.37,7763.14,744
2026-08-11T13:20:00+00:00,7763.14,7763.89,7762.38,7763.39,329
2026-08-11T13:25:00+00:00,7763.39,7765.64,7761.88,7763.63,770
2026-08-11T13:30:00+00:00,7763.63,7764.44,7750.67,7752.93,4590
2026-08-11T13:35:00+00:00,7752.93,7753.68,7746.92,7749.44,3729
2026-08-11T13:40:00+00:00,7749.44,7755.68,7749.17,7750.94,2884
2026-08-11T13:45:00+00:00,7750.94,7752.94,7743.92,7746.42,3659
2026-08-11T13:50:00+00:00,7746.42,7749.44,7743.92,7746.92,3144
2026-08-11T13:55:00+00:00,7746.92,7754.44,7745.92,7754.18,2853
2026-08-11T14:00:00+00:00,7754.18,7758.94,7752.92,7756.92,2788
2026-08-11T14:05:00+00:00,7756.92,7757.94,7753.42,7755.93,1786
2026-08-11T14:10:00+00:00,7755.93,7757.69,7753.94,7755.93,1595
2026-08-11T14:15:00+00:00,7755.93,7757.69,7751.93,7754.44,2233
2026-08-11T14:20:00+00:00,7754.44,7756.94,7751.68,7752.17,2045
2026-08-11T14:25:00+00:00,7752.17,7757.44,7751.42,7756.68,1805
2026-08-11T14:30:00+00:00,7756.68,7757.43,7752.44,7754.68,1915
2026-08-11T14:35:00+00:00,7754.68,7755.92,7750.17,7751.42,1762
2026-08-11T14:40:00+00:00,7751.42,7754.43,7750.68,7751.68,1669
2026-08-11T14:45:00+00:00,7751.68,7757.44,7751.42,7756.92,1276
2026-08-11T14:50:00+00:00,7756.92,7758.19,7752.42,7756.94,1616
2026-08-11T14:55:00+00:00,7756.94,7758.44,7753.19,7754.17,1103
2026-08-11T15:00:00+00:00,7754.17,7756.19,7751.43,7752.92,1236
2026-08-11T15:05:00+00:00,7752.92,7752.94,7744.93,7745.67,1845
2026-08-11T15:10:00+00:00,7745.67,7747.19,7743.17,7744.19,1830
2026-08-11T15:15:00+00:00,7744.19,7744.44,7739.67,7741.94,1692
2026-08-11T15:20:00+00:00,7741.94,7745.94,7741.43,7742.93,1197
2026-08-11T15:25:00+00:00,7742.93,7744.44,7741.67,7741.67,1178
2026-08-11T15:30:00+00:00,7741.67,7743.19,7735.43,7736.93,1849
2026-08-11T15:35:00+00:00,7736.93,7738.69,7734.92,7736.19,1911
2026-08-11T15:40:00+00:00,7736.19,7739.69,7735.19,7739.19,1410
2026-08-11T15:45:00+00:00,7739.19,7739.19,7736.42,7737.42,1332
2026-08-11T15:50:00+00:00,7737.42,7739.94,7735.17,7735.69,1036
2026-08-11T15:55:00+00:00,7735.69,7738.94,7735.42,7737.43,906
2026-08-11T16:00:00+00:00,7737.43,7740.69,7737.42,7737.68,1024
2026-08-11T16:05:00+00:00,7737.68,7741.44,7737.18,7740.67,757
2026-08-11T16:10:00+00:00,7740.67,7740.93,7736.92,7737.19,790
2026-08-11T16:15:00+00:00,7737.19,7741.94,7737.17,7738.18,681
2026-08-11T16:20:00+00:00,7738.18,7739.44,7733.68,7734.42,1079
2026-08-11T16:25:00+00:00,7734.42,7736.43,7731.18,7735.43,1261
2026-08-11T16:30:00+00:00,7735.43,7736.42,7732.18,7732.93,725
2026-08-11T16:35:00+00:00,7732.93,7737.44,7732.67,7736.18,655
2026-08-11T16:40:00+00:00,7736.18,7736.18,7732.92,7733.44,741
2026-08-11T16:45:00+00:00,7733.44,7733.44,7730.17,7731.68,801
2026-08-11T16:50:00+00:00,7731.68,7732.94,7730.42,7731.18,720
2026-08-11T16:55:00+00:00,7731.18,7731.19,7727.67,7728.67,871
2026-08-11T17:00:00+00:00,7728.67,7729.94,7725.17,7725.19,851
2026-08-11T17:05:00+00:00,7725.19,7728.19,7724.92,7726.19,512
2026-08-11T17:10:00+00:00,7726.19,7726.19,7720.42,7720.68,928
2026-08-11T17:15:00+00:00,7720.68,7725.69,7719.68,7724.92,877
2026-08-11T17:20:00+00:00,7724.92,7727.44,7723.42,7726.18,832
2026-08-11T17:25:00+00:00,7726.18,7727.44,7723.92,7725.67,778
2026-08-11T17:30:00+00:00,7725.67,7726.69,7724.42,7726.69,650
2026-08-11T17:35:00+00:00,7726.69,7728.69,7725.17,7726.19,694
2026-08-11T17:40:00+00:00,7726.19,7730.44,7725.67,7729.93,711
2026-08-11T17:45:00+00:00,7729.93,7730.94,7728.67,7729.18,506
2026-08-11T17:50:00+00:00,7729.18,7730.44,7728.92,7730.19,396
2026-08-11T17:55:00+00:00,7730.19,7730.19,7728.42,7729.67,472
2026-08-11T18:00:00+00:00,7729.67,7729.68,7726.42,7728.17,667
2026-08-11T18:05:00+00:00,7728.17,7729.19,7724.17,7724.69,750
2026-08-11T18:10:00+00:00,7724.69,7726.69,7724.17,7725.94,635
2026-08-11T18:15:00+00:00,7725.94,7726.94,7724.17,7724.94,541
2026-08-11T18:20:00+00:00,7724.94,7724.94,7720.17,7722.42,893
2026-08-11T18:25:00+00:00,7722.42,7722.94,7710.15,7712.42,1409
2026-08-11T18:30:00+00:00,7712.42,7718.19,7712.42,7717.43,1051
2026-08-11T18:35:00+00:00,7717.43,7719.69,7716.68,7717.54,667
2026-08-11T18:40:00+00:00,7717.54,7717.54,7714.18,7715.44,612
2026-08-11T18:45:00+00:00,7715.44,7721.18,7715.19,7720.67,676
2026-08-11T18:50:00+00:00,7720.67,7722.19,7719.17,7721.19,505
2026-08-11T18:55:00+00:00,7721.19,7721.44,7717.92,7718.19,529
2026-08-11T19:00:00+00:00,7718.19,7719.44,7716.18,7718.42,677
2026-08-11T19:05:00+00:00,7718.42,7718.94,7715.67,7718.19,528
2026-08-11T19:10:00+00:00,7718.19,7721.19,7717.42,7719.94,541
2026-08-11T19:15:00+00:00,7719.94,7722.44,7719.17,7721.94,494
2026-08-11T19:20:00+00:00,7721.94,7724.19,7721.17,7723.67,442
2026-08-11T19:25:00+00:00,7723.67,7724.44,7721.92,7723.69,539
2026-08-11T19:30:00+00:00,7723.69,7725.94,7723.19,7725.67,754
2026-08-11T19:35:00+00:00,7725.67,7728.68,7724.69,7728.43,564
2026-08-11T19:40:00+00:00,7728.43,7728.43,7724.67,7724.69,543
2026-08-11T19:45:00+00:00,7724.69,7724.94,7720.44,7721.17,892
2026-08-11T19:50:00+00:00,7721.17,7722.18,7715.67,7721.54,1735
2026-08-11T19:55:00+00:00,7721.54,7722.81,7715.42,7721.92,2009
2026-08-11T20:00:00+00:00,7721.92,7724.37,7718.87,7720.12,963
2026-08-11T20:05:00+00:00,7720.12,7723.89,7719.89,7723.87,428
2026-08-11T20:10:00+00:00,7723.87,7724.89,7722.37,7724.14,295
2026-08-11T20:15:00+00:00,7724.14,7725.39,7723.63,7724.87,282
2026-08-11T20:20:00+00:00,7724.87,7727.64,7724.62,7727.62,111
2026-08-11T20:25:00+00:00,7727.62,7728.89,7726.87,7728.64,140
2026-08-11T20:30:00+00:00,7728.64,7729.62,7728.37,7729.13,59
2026-08-11T20:35:00+00:00,7729.13,7729.39,7728.37,7728.64,43
2026-08-11T20:40:00+00:00,7728.64,7728.89,7727.88,7728.62,70
2026-08-11T20:45:00+00:00,7728.62,7728.62,7726.37,7726.37,117
2026-08-11T20:50:00+00:00,7726.37,7726.63,7724.87,7725.64,154
2026-08-11T20:55:00+00:00,7725.64,7726.12,7724.62,7725.37,145
2026-08-11T22:00:00+00:00,7725.37,7730.02,7725.14,7726.39,475
2026-08-11T22:05:00+00:00,7726.39,7727.89,7725.39,7726.88,202
2026-08-11T22:10:00+00:00,7726.88,7729.39,7725.64,7729.27,180
2026-08-11T22:15:00+00:00,7729.27,7729.64,7728.4,7728.63,96
2026-08-11T22:20:00+00:00,7728.63,7729.4,7728.63,7728.9,58
2026-08-11T22:25:00+00:00,7728.9,7728.9,7727.9,7728.14,64
2026-08-11T22:30:00+00:00,7728.14,7729.15,7726.5,7727.75,219
2026-08-11T22:35:00+00:00,7727.75,7728.75,7727.14,7727.14,103
2026-08-11T22:40:00+00:00,7727.14,7727.9,7725.38,7725.63,202
2026-08-11T22:45:00+00:00,7725.63,7726.65,7724.13,7725.75,220
2026-08-11T22:50:00+00:00,7725.75,7726.9,7725.63,7726.63,92
2026-08-11T22:55:00+00:00,7726.63,7727.4,7726.14,7726.65,88
2026-08-11T23:00:00+00:00,7726.65,7727.76,7726.14,7726.51,121
2026-08-11T23:05:00+00:00,7726.51,7727.13,7725.63,7726.65,121
2026-08-11T23:10:00+00:00,7726.65,7726.89,7725.88,7726.13,119
2026-08-11T23:15:00+00:00,7726.13,7726.9,7726,7726.65,76
2026-08-11T23:20:00+00:00,7726.65,7726.9,7726.4,7726.65,72
2026-08-11T23:25:00+00:00,7726.65,7727.9,7726.63,7727.64,85
2026-08-11T23:30:00+00:00,7727.64,7727.76,7725.63,7726.38,160
2026-08-11T23:35:00+00:00,7726.38,7726.75,7725.65,7726.01,65
2026-08-11T23:40:00+00:00,7726.01,7726.9,7726,7726.65,58
2026-08-11T23:45:00+00:00,7726.65,7726.9,7725.88,7726.13,367
2026-08-11T23:50:00+00:00,7726.13,7729.39,7726.13,7729.01,576
2026-08-11T23:55:00+00:00,7729.01,7729.65,7728.63,7729.13,623
2026-08-12T00:00:00+00:00,7729.13,7729.15,7723.64,7725.15,1942
2026-08-12T00:05:00+00:00,7725.15,7725.88,7722.65,7723.9,1175
2026-08-12T00:10:00+00:00,7723.9,7726.02,7722.88,7725.9,882
2026-08-12T00:15:00+00:00,7725.9,7727.9,7724.15,7727.77,857
2026-08-12T00:20:00+00:00,7727.77,7728.4,7726.38,7727.88,652
2026-08-12T00:25:00+00:00,7727.88,7727.9,7725.63,7726.39,642
2026-08-12T00:30:00+00:00,7726.39,7726.9,7725.13,7726.39,498
2026-08-12T00:35:00+00:00,7726.39,7727.65,7725.63,7725.63,650
2026-08-12T00:40:00+00:00,7725.63,7726.64,7725.38,7726.14,322
2026-08-12T00:45:00+00:00,7726.14,7726.9,7725.38,7725.64,475
2026-08-12T00:50:00+00:00,7725.64,7726.13,7724.64,7724.9,232
2026-08-12T00:55:00+00:00,7724.9,7726.65,7724.9,7726.14,441
2026-08-12T01:00:00+00:00,7726.14,7727.38,7725.14,7727.15,723
2026-08-12T01:05:00+00:00,7727.15,7727.65,7725.13,7726.88,573
2026-08-12T01:10:00+00:00,7726.88,7727.15,7725.65,7726,431
2026-08-12T01:15:00+00:00,7726,7726.15,7723.38,7724.38,416
2026-08-12T01:20:00+00:00,7724.38,7725.01,7722.39,7723.4,527
2026-08-12T01:25:00+00:00,7723.4,7725.39,7722.88,7724.63,523
2026-08-12T01:30:00+00:00,7724.63,7724.63,7723.13,7723.38,540
2026-08-12T01:35:00+00:00,7723.38,7724.4,7723.13,7723.88,449
2026-08-12T01:40:00+00:00,7723.88,7726.15,7723.75,7726.15,509
2026-08-12T01:45:00+00:00,7726.15,7726.52,7724.64,7725.65,339
2026-08-12T01:50:00+00:00,7725.65,7726.4,7723.63,7724.4,391
2026-08-12T01:55:00+00:00,7724.4,7724.4,7722.38,7723.38,245
2026-08-12T02:00:00+00:00,7723.38,7725.4,7723.38,7724.38,471
2026-08-12T02:05:00+00:00,7724.38,7725.15,7723.63,7724.75,356
2026-08-12T02:10:00+00:00,7724.75,7725.26,7724.13,7725.13,319
2026-08-12T02:15:00+00:00,7725.13,7725.9,7724.63,7725.88,317
2026-08-12T02:20:00+00:00,7725.88,7726.27,7724.88,7725.02,328
2026-08-12T02:25:00+00:00,7725.02,7726.65,7724.88,7726.65,219
2026-08-12T02:30:00+00:00,7726.65,7727.9,7726.38,7727.15,286
2026-08-12T02:35:00+00:00,7727.15,7727.65,7726.88,7727.13,198
2026-08-12T02:40:00+00:00,7727.13,7728.14,7727.13,7727.64,245
2026-08-12T02:45:00+00:00,7727.64,7728.4,7727.39,7728.27,150
2026-08-12T02:50:00+00:00,7728.27,7728.88,7728.13,7728.88,160
2026-08-12T02:55:00+00:00,7728.88,7729.38,7728.63,7729.15,150
2026-08-12T03:00:00+00:00,7729.15,7730.39,7729.15,7729.39,131
2026-08-12T03:05:00+00:00,7729.39,7729.9,7729.13,7729.14,77
2026-08-12T03:10:00+00:00,7729.14,7730.15,7729.13,7729.9,86
2026-08-12T03:15:00+00:00,7729.9,7730.14,7728.38,7728.88,103
2026-08-12T03:20:00+00:00,7728.88,7729.65,7728.88,7728.89,71
2026-08-12T03:25:00+00:00,7728.89,7730.15,7728.88,7729.63,138
2026-08-12T03:30:00+00:00,7729.63,7729.9,7728.14,7728.51,340
2026-08-12T03:35:00+00:00,7728.51,7729.27,7727.63,7727.89,284
2026-08-12T03:40:00+00:00,7727.89,7728.52,7727.63,7727.88,214
2026-08-12T03:45:00+00:00,7727.88,7729.15,7727.88,7729.15,371
2026-08-12T03:50:00+00:00,7729.15,7729.15,7727.88,7728.13,369
2026-08-12T03:55:00+00:00,7728.13,7729.38,7728.13,7729.15,342
2026-08-12T04:00:00+00:00,7729.15,7729.9,7728.9,7729.88,194
2026-08-12T04:05:00+00:00,7729.88,7729.9,7728.13,7728.89,191
2026-08-12T04:10:00+00:00,7728.89,7729.38,7728.5,7729.14,241
2026-08-12T04:15:00+00:00,7729.14,7729.4,7728.38,7728.63,118
2026-08-12T04:20:00+00:00,7728.63,7729.9,7728.63,7729.89,101
2026-08-12T04:25:00+00:00,7729.89,7730.15,7729.63,7729.89,141
2026-08-12T04:30:00+00:00,7729.89,7730.15,7728.13,7728.64,103
2026-08-12T04:35:00+00:00,7728.64,7729.65,7728.64,7729.38,143
2026-08-12T04:40:00+00:00,7729.38,7729.63,7728.63,7729.14,203
2026-08-12T04:45:00+00:00,7729.14,7731.4,7728.27,7731.4,156
2026-08-12T04:50:00+00:00,7731.4,7731.64,7731.13,7731.14,187
2026-08-12T04:55:00+00:00,7731.14,7731.65,7730.88,7731.15,38
2026-08-12T05:00:00+00:00,7731.15,7731.4,7730.14,7730.38,211
2026-08-12T05:05:00+00:00,7730.38,7730.65,7728.88,7729.9,281
2026-08-12T05:10:00+00:00,7729.9,7729.9,7728.63,7728.63,244
2026-08-12T05:15:00+00:00,7728.63,7729.13,7728.38,7728.64,157
2026-08-12T05:20:00+00:00,7728.64,7728.64,7726.65,7727.89,196
2026-08-12T05:25:00+00:00,7727.89,7729.4,7727.89,7729.25,231
2026-08-12T05:30:00+00:00,7729.25,7731.15,7729.13,7730.25,341
2026-08-12T05:35:00+00:00,7730.25,7730.64,7729.65,7730.13,292
2026-08-12T05:40:00+00:00,7730.13,7730.4,7729.14,7729.38,169
2026-08-12T05:45:00+00:00,7729.38,7730.15,7729.13,7729.65,161
2026-08-12T05:50:00+00:00,7729.65,7730.9,7729.38,7730.88,382
2026-08-12T05:55:00+00:00,7730.88,7731.39,7730.38,7730.64,297
2026-08-12T06:00:00+00:00,7730.64,7731.63,7730.38,7731.4,290
2026-08-12T06:05:00+00:00,7731.4,7731.4,7730.63,7730.65,129
2026-08-12T06:10:00+00:00,7730.65,7730.9,7728.13,7728.9,239
2026-08-12T06:15:00+00:00,7728.9,7729.89,7727.88,7729.65,311
2026-08-12T06:20:00+00:00,7729.65,7729.65,7727.89,7728.4,155
2026-08-12T06:25:00+00:00,7728.4,7730.13,7728.15,7729.89,287
2026-08-12T06:30:00+00:00,7729.89,7731.15,7729.38,7730.77,292
2026-08-12T06:35:00+00:00,7730.77,7732.39,7730.39,7731.9,183
2026-08-12T06:40:00+00:00,7731.9,7732.15,7729.52,7730.4,162
2026-08-12T06:45:00+00:00,7730.4,7732.15,7730.38,7731.65,200
2026-08-12T06:50:00+00:00,7731.65,7732.89,7731.65,7732.39,84
2026-08-12T06:55:00+00:00,7732.39,7733.4,7732.13,7733.38,212
2026-08-12T07:00:00+00:00,7733.38,7734.4,7732.88,7733.9,502
2026-08-12T07:05:00+00:00,7733.9,7734.9,7733.64,7734.39,338
2026-08-12T07:10:00+00:00,7734.39,7735.15,7733.63,7733.9,258
2026-08-12T07:15:00+00:00,7733.9,7734.76,7733.64,7733.88,190
2026-08-12T07:20:00+00:00,7733.88,7733.89,7731.63,7731.89,157
2026-08-12T07:25:00+00:00,7731.89,7732.9,7731.13,7732.39,243
2026-08-12T07:30:00+00:00,7732.39,7732.65,7731.88,7732.38,236
2026-08-12T07:35:00+00:00,7732.38,7734.4,7732.38,7733.38,309
2026-08-12T07:40:00+00:00,7733.38,7734.14,7732.38,7734.02,170
2026-08-12T07:45:00+00:00,7734.02,7734.15,7732.13,7732.39,177
2026-08-12T07:50:00+00:00,7732.39,7733.14,7732.13,7732.63,132
2026-08-12T07:55:00+00:00,7732.63,7733.15,7730.9,7733.15,170
2026-08-12T08:00:00+00:00,7733.15,7736.4,7732.76,7735.13,593
2026-08-12T08:05:00+00:00,7735.13,7735.89,7734.63,7734.88,363
2026-08-12T08:10:00+00:00,7734.88,7735.65,7734.38,7735.38,328
2026-08-12T08:15:00+00:00,7735.38,7736.39,7734.63,7735.75,233
2026-08-12T08:20:00+00:00,7735.75,7736.65,7735.38,7736.14,264
2026-08-12T08:25:00+00:00,7736.14,7736.4,7735.14,7735.65,204
2026-08-12T08:30:00+00:00,7735.65,7735.65,7731.88,7732.15,249
2026-08-12T08:35:00+00:00,7732.15,7733.65,7732,7733.5,244
2026-08-12T08:40:00+00:00,7733.5,7734.4,7733.15,7734.14,177
2026-08-12T08:45:00+00:00,7734.14,7735.9,7733.64,7735.88,156
2026-08-12T08:50:00+00:00,7735.88,7737.15,7735.88,7737.13,135
2026-08-12T08:55:00+00:00,7737.13,7737.39,7736.13,7736.13,144
2026-08-12T09:00:00+00:00,7736.13,7738.15,7735.89,7737.63,236
2026-08-12T09:05:00+00:00,7737.63,7738.4,7736.63,7738.14,179
2026-08-12T09:10:00+00:00,7738.14,7738.9,7738.13,7738.63,142
2026-08-12T09:15:00+00:00,7738.63,7739.15,7738.38,7738.64,141
2026-08-12T09:20:00+00:00,7738.64,7745.63,7738.13,7745.63,1064
2026-08-12T09:25:00+00:00,7745.63,7747.38,7741.39,7742,814
2026-08-12T09:30:00+00:00,7742,7744.39,7741.89,7742.9,524
2026-08-12T09:35:00+00:00,7742.9,7744.15,7742.38,7743.65,305
2026-08-12T09:40:00+00:00,7743.65,7743.9,7742.63,7742.9,221
2026-08-12T09:45:00+00:00,7742.9,7743.13,7741.38,7742.39,305
2026-08-12T09:50:00+00:00,7742.39,7744.9,7738.88,7738.89,857
2026-08-12T09:55:00+00:00,7738.89,7740.65,7738.63,7740.13,404
2026-08-12T10:00:00+00:00,7740.13,7741.9,7740,7741.4,249
2026-08-12T10:05:00+00:00,7741.4,7742.13,7740.88,7741.88,126
2026-08-12T10:10:00+00:00,7741.88,7743.4,7741.63,7743.15,197
2026-08-12T10:15:00+00:00,7743.15,7743.4,7742.63,7743.13,183
2026-08-12T10:20:00+00:00,7743.13,7743.9,7742.88,7743.4,220
2026-08-12T10:25:00+00:00,7743.4,7743.63,7741.88,7741.88,219
2026-08-12T10:30:00+00:00,7741.88,7743.39,7741.38,7743.38,245
2026-08-12T10:35:00+00:00,7743.38,7743.65,7742.38,7742.88,166
2026-08-12T10:40:00+00:00,7742.88,7743.9,7742.88,7743.15,160
2026-08-12T10:45:00+00:00,7743.15,7743.65,7733.01,7738.77,1345
2026-08-12T10:50:00+00:00,7738.77,7740.15,7736.75,7739.64,1169
2026-08-12T10:55:00+00:00,7739.64,7740.39,7739,7740.15,338
2026-08-12T11:00:00+00:00,7740.15,7741.89,7739.63,7740.75,508
2026-08-12T11:05:00+00:00,7740.75,7742.88,7740.13,7742.88,293
2026-08-12T11:10:00+00:00,7742.88,7743.15,7740.38,7740.39,336
2026-08-12T11:15:00+00:00,7740.39,7740.4,7738.38,7738.88,258
2026-08-12T11:20:00+00:00,7738.88,7740.13,7738.88,7738.9,283
2026-08-12T11:25:00+00:00,7738.9,7740.65,7738.9,7739.63,218
2026-08-12T11:30:00+00:00,7739.63,7741.9,7739.4,7741.15,208
2026-08-12T11:35:00+00:00,7741.15,7742.15,7739.13,7741.89,320
2026-08-12T11:40:00+00:00,7741.89,7742.9,7741.51,7742.39,309
2026-08-12T11:45:00+00:00,7742.39,7742.9,7741.4,7741.89,250
2026-08-12T11:50:00+00:00,7741.89,7742.9,7741.63,7742.76,343
2026-08-12T11:55:00+00:00,7742.76,7745.26,7742.76,7744.4,269
2026-08-12T12:00:00+00:00,7744.4,7745.89,7742.9,7744.63,480
2026-08-12T12:05:00+00:00,7744.63,7744.63,7741.89,7742.63,374
2026-08-12T12:10:00+00:00,7742.63,7744.15,7742.13,7743.38,288
2026-08-12T12:15:00+00:00,7743.38,7745.4,7742.64,7744.14,433
2026-08-12T12:20:00+00:00,7744.14,7746.14,7743.25,7745.13,390
2026-08-12T12:25:00+00:00,7745.13,7755.26,7744.88,7753.9,1742
2026-08-12T12:30:00+00:00,7753.9,7761.17,7734.38,7752.75,6495
2026-08-12T12:35:00+00:00,7752.75,7756.65,7748.15,7756.52,3034
2026-08-12T12:40:00+00:00,7756.52,7760.88,7755.63,7756.75,2020
2026-08-12T12:45:00+00:00,7756.75,7757.4,7753.15,7755.13,1518
2026-08-12T12:50:00+00:00,7755.13,7757.88,7753.38,7756.64,1084
2026-08-12T12:55:00+00:00,7756.64,7758.9,7755.65,7758.39,1048
2026-08-12T13:00:00+00:00,7758.39,7760.15,7756.88,7759.64,1161
2026-08-12T13:05:00+00:00,7759.64,7761.15,7758.13,7758.63,875
2026-08-12T13:10:00+00:00,7758.63,7760.15,7758.13,7759.63,677
2026-08-12T13:15:00+00:00,7759.63,7764.15,7758.88,7763.63,506
2026-08-12T13:20:00+00:00,7763.63,7765.89,7762.14,7762.64,598
2026-08-12T13:25:00+00:00,7762.64,7766.4,7761.13,7765.38,1115
2026-08-12T13:30:00+00:00,7765.38,7767.68,7745.68,7748.93,5588
2026-08-12T13:35:00+00:00,7748.93,7753.7,7746.43,7747.18,3982
2026-08-12T13:40:00+00:00,7747.18,7749.7,7742.93,7746.44,4290
2026-08-12T13:45:00+00:00,7746.44,7754.95,7741.94,7753.68,4114
2026-08-12T13:50:00+00:00,7753.68,7753.95,7744.19,7744.68,3480
2026-08-12T13:55:00+00:00,7744.68,7746.2,7739.43,7744.44,3257
2026-08-12T14:00:00+00:00,7744.44,7746.45,7737.68,7737.69,3385
2026-08-12T14:05:00+00:00,7737.69,7743.7,7737.19,7742.44,2227
2026-08-12T14:10:00+00:00,7742.44,7745.7,7739.95,7742.2,2353
2026-08-12T14:15:00+00:00,7742.2,7748.7,7740.68,7743.43,2088
2026-08-12T14:20:00+00:00,7743.43,7748.7,7740.19,7747.68,2220
2026-08-12T14:25:00+00:00,7747.68,7751.45,7744.19,7746.19,2178
2026-08-12T14:30:00+00:00,7746.19,7748.44,7732.15,7738.95,5944
2026-08-12T14:35:00+00:00,7738.95,7746.2,7737.44,7746.2,3263
2026-08-12T14:40:00+00:00,7746.2,7749.2,7745.18,7748.95,2295
2026-08-12T14:45:00+00:00,7748.95,7750.45,7742.44,7745.18,1963
2026-08-12T14:50:00+00:00,7745.18,7745.7,7738.18,7738.69,2519
2026-08-12T14:55:00+00:00,7738.69,7741.69,7736.45,7740.45,2189
2026-08-12T15:00:00+00:00,7740.45,7741.45,7735.94,7736.95,2322
2026-08-12T15:05:00+00:00,7736.95,7740.45,7735.68,7739.45,1832
2026-08-12T15:10:00+00:00,7739.45,7742.55,7736.19,7739.93,1784
2026-08-12T15:15:00+00:00,7739.93,7741.7,7737.68,7739.69,1410
2026-08-12T15:20:00+00:00,7739.69,7740.45,7735.55,7737.44,1438
2026-08-12T15:25:00+00:00,7737.44,7742.18,7736.93,7742.18,1440
2026-08-12T15:30:00+00:00,7742.18,7743.19,7734.94,7737.18,1539
2026-08-12T15:35:00+00:00,7737.18,7740.45,7734.94,7735.19,1452
2026-08-12T15:40:00+00:00,7735.19,7737.93,7733.93,7736.45,1040
2026-08-12T15:45:00+00:00,7736.45,7740.2,7735.93,7740.18,1180
2026-08-12T15:50:00+00:00,7740.18,7740.19,7736.7,7738.06,817
2026-08-12T15:55:00+00:00,7738.06,7739.45,7737.18,7738.69,1147
2026-08-12T16:00:00+00:00,7738.69,7742.7,7738.18,7740.7,895
2026-08-12T16:05:00+00:00,7740.7,7741.95,7738.2,7741.93,705
2026-08-12T16:10:00+00:00,7741.93,7744.45,7740.43,7743.43,763
2026-08-12T16:15:00+00:00,7743.43,7744.45,7741.93,7742.45,653
2026-08-12T16:20:00+00:00,7742.45,7744.7,7741.45,7744.18,554
2026-08-12T16:25:00+00:00,7744.18,7744.94,7742.43,7742.68,568
2026-08-12T16:30:00+00:00,7742.68,7743.7,7740.18,7740.2,857
2026-08-12T16:35:00+00:00,7740.2,7745.94,7739.93,7745.69,610
2026-08-12T16:40:00+00:00,7745.69,7747.2,7744.7,7745.68,582
2026-08-12T16:45:00+00:00,7745.68,7746.95,7743.69,7746.68,611
2026-08-12T16:50:00+00:00,7746.68,7750.2,7746.43,7748.7,694
2026-08-12T16:55:00+00:00,7748.7,7748.95,7746.2,7747.19,514
2026-08-12T17:00:00+00:00,7747.19,7748.95,7746.43,7748.7,576
2026-08-12T17:05:00+00:00,7748.7,7751.2,7748.18,7748.2,436
2026-08-12T17:10:00+00:00,7748.2,7748.95,7745.95,7748.43,472
2026-08-12T17:15:00+00:00,7748.43,7748.43,7744.18,7745.94,640
2026-08-12T17:20:00+00:00,7745.94,7747.19,7744.69,7745.95,611
2026-08-12T17:25:00+00:00,7745.95,7748.45,7745.68,7746.43,420
2026-08-12T17:30:00+00:00,7746.43,7748.2,7745.18,7747.18,758
2026-08-12T17:35:00+00:00,7747.18,7747.7,7745.68,7746.95,456
2026-08-12T17:40:00+00:00,7746.95,7747.95,7745.05,7746.94,553
2026-08-12T17:45:00+00:00,7746.94,7747.95,7745.95,7746.19,468
2026-08-12T17:50:00+00:00,7746.19,7747.95,7745.44,7745.69,573
2026-08-12T17:55:00+00:00,7745.69,7747.2,7744.68,7746.44,446
2026-08-12T18:00:00+00:00,7746.44,7747.88,7745.870000000001,7747.120000000001,526.3982400491149
2026-08-12T18:05:00+00:00,7747.120000000001,7748.120000000001,7746.370000000001,7747.120000000001,374
2026-08-12T18:10:00+00:00,7747.120000000001,7750.38,7747.120000000001,7749.38,421
2026-08-12T18:15:00+00:00,7749.38,7749.64,7748.120000000001,7749.620000000001,423
2026-08-12T18:20:00+00:00,7749.620000000001,7750.63,7747.870000000001,7750.38,406
2026-08-12T18:25:00+00:00,7750.38,7751.39,7748.870000000001,7749.13,491
2026-08-12T18:30:00+00:00,7749.13,7752.89,7749.110000000001,7751.88,533
2026-08-12T18:35:00+00:00,7751.88,7753.39,7751.620000000001,7752.38,359
2026-08-12T18:40:00+00:00,7752.38,7754.64,7752.38,7753.39,435
2026-08-12T18:45:00+00:00,7753.39,7753.89,7752.120000000001,7753.870000000001,350
2026-08-12T18:50:00+00:00,7753.870000000001,7754.64,7752.620000000001,7752.88,312
2026-08-12T18:55:00+00:00,7752.88,7752.89,7748.38,7748.64,573
2026-08-12T19:00:00+00:00,7748.64,7751.64,7748.620000000001,7751.13,449
2026-08-12T19:05:00+00:00,7751.13,7752.39,7750.870000000001,7750.88,439
2026-08-12T19:10:00+00:00,7750.88,7751.39,7748.620000000001,7749.38,482
2026-08-12T19:15:00+00:00,7749.38,7750.64,7749.120000000001,7749.870000000001,329
2026-08-12T19:20:00+00:00,7749.870000000001,7749.89,7746.370000000001,7747.13,537
2026-08-12T19:25:00+00:00,7747.13,7748.39,7746.620000000001,7748.38,489
2026-08-12T19:30:00+00:00,7748.38,7748.63,7746.370000000001,7747.14,521
2026-08-12T19:35:00+00:00,7747.14,7748.64,7747.120000000001,7747.39,413
2026-08-12T19:40:00+00:00,7747.39,7747.64,7744.120000000001,7747.14,710
2026-08-12T19:45:00+00:00,7747.14,7748.39,7745.38,7747.38,789
2026-08-12T19:50:00+00:00,7747.38,7747.740000000001,7740.120000000001,7740.63,1983
2026-08-12T19:55:00+00:00,7740.63,7745.39,7738.370000000001,7743.39,2030
2026-08-12T20:00:00+00:00,7743.39,7749.09,7742.330000000001,7748.09,793
2026-08-12T20:05:00+00:00,7748.09,7751.59,7745.84,7747.580000000001,1250
2026-08-12T20:10:00+00:00,7747.580000000001,7748.09,7744.580000000001,7746.09,509
2026-08-12T20:15:00+00:00,7746.09,7747.09,7743.570000000001,7743.580000000001,436
2026-08-12T20:20:00+00:00,7743.580000000001,7744.34,7742.570000000001,7743.34,214
2026-08-12T20:25:00+00:00,7743.34,7743.34,7740.820000000001,7741.830000000001,229
2026-08-12T20:30:00+00:00,7741.830000000001,7742.34,7741.080000000001,7742.09,177
2026-08-12T20:35:00+00:00,7742.09,7742.59,7741.070000000001,7741.84,197
2026-08-12T20:40:00+00:00,7741.84,7742.330000000001,7741.570000000001,7741.830000000001,110
2026-08-12T20:45:00+00:00,7741.830000000001,7742.09,7740.830000000001,7741.09,162
2026-08-12T20:50:00+00:00,7741.09,7742.580000000001,7741.070000000001,7741.320000000001,139
2026-08-12T20:55:00+00:00,7741.320000000001,7741.59,7740.09,7740.330000000001,193
2026-08-12T22:00:00+00:00,7740.330000000001,7744.84,7740.330000000001,7742.84,609
2026-08-12T22:05:00+00:00,7742.84,7744.830000000001,7742.330000000001,7743.830000000001,221
2026-08-12T22:10:00+00:00,7743.830000000001,7744.320000000001,7741.820000000001,7742.84,205
2026-08-12T22:15:00+00:00,7742.84,7744.6900000000005,7741.830000000001,7743.9400000000005,137
2026-08-12T22:20:00+00:00,7743.9400000000005,7745.1900000000005,7743.42,7744.9400000000005,165
2026-08-12T22:25:00+00:00,7744.9400000000005,7745.1900000000005,7743.17,7744.3,150
2026-08-12T22:30:00+00:00,7744.3,7744.3,7742.67,7742.6900000000005,218
2026-08-12T22:35:00+00:00,7742.6900000000005,7743.68,7742.17,7743.17,105
2026-08-12T22:40:00+00:00,7743.17,7744.1900000000005,7743.17,7743.67,148
2026-08-12T22:45:00+00:00,7743.67,7744.67,7743.43,7743.790000000001,153
2026-08-12T22:50:00+00:00,7743.790000000001,7744.4400000000005,7743.67,7744.42,57
2026-08-12T22:55:00+00:00,7744.42,7744.4400000000005,7743.92,7744.1900000000005,33
2026-08-12T23:00:00+00:00,7744.1900000000005,7745.6900000000005,7743.9400000000005,7745.43,136
2026-08-12T23:05:00+00:00,7745.43,7746.18,7745.3,7745.92,90
2026-08-12T23:10:00+00:00,7745.92,7746.9400000000005,7745.92,7746.68,115
2026-08-12T23:15:00+00:00,7746.68,7746.93,7746.17,7746.6900000000005,44
2026-08-12T23:20:00+00:00,7746.6900000000005,7747.17,7746.43,7746.6900000000005,37
2026-08-12T23:25:00+00:00,7746.6900000000005,7746.6900000000005,7746.040000000001,7746.4400000000005,94
2026-08-12T23:30:00+00:00,7746.4400000000005,7746.4400000000005,7744.93,7745.43,177
2026-08-12T23:35:00+00:00,7745.43,7746.9400000000005,7745.43,7746.6900000000005,116
2026-08-12T23:40:00+00:00,7746.6900000000005,7746.9400000000005,7745.790000000001,7746.42,163
2026-08-12T23:45:00+00:00,7746.42,7746.4400000000005,7743.040000000001,7743.42,552
2026-08-12T23:50:00+00:00,7743.42,7744.92,7743.18,7744.6900000000005,417
2026-08-12T23:55:00+00:00,7744.6900000000005,7744.6900000000005,7743.42,7743.92,324
2026-08-13T00:00:00+00:00,7743.92,7748.1900000000005,7742.92,7746.67,1078
2026-08-13T00:05:00+00:00,7746.67,7748.93,7746.18,7747.4400000000005,843
2026-08-13T00:10:00+00:00,7747.4400000000005,7748.1900000000005,7745.9400000000005,7745.9400000000005,659
2026-08-13T00:15:00+00:00,7745.9400000000005,7747.18,7744.92,7746.93,472
2026-08-13T00:20:00+00:00,7746.93,7748.18,7745.92,7747.9400000000005,456
2026-08-13T00:25:00+00:00,7747.9400000000005,7747.9400000000005,7744.17,7744.4400000000005,519
2026-08-13T00:30:00+00:00,7744.4400000000005,7746.17,7743.17,7744.6900000000005,736
2026-08-13T00:35:00+00:00,7744.6900000000005,7745.1900000000005,7743.17,7744.1900000000005,446
2026-08-13T00:40:00+00:00,7744.1900000000005,7745.1900000000005,7743.43,7745.1900000000005,560
2026-08-13T00:45:00+00:00,7745.1900000000005,7745.68,7744.17,7745.68,412
2026-08-13T00:50:00+00:00,7745.68,7745.9400000000005,7744.17,7744.42,335
2026-08-13T00:55:00+00:00,7744.42,7746.1900000000005,7743.81,7745.93,684
2026-08-13T01:00:00+00:00,7745.93,7746.1900000000005,7742.93,7744.1900000000005,891
2026-08-13T01:05:00+00:00,7744.1900000000005,7744.6900000000005,7743.42,7744.17,409
2026-08-13T01:10:00+00:00,7744.17,7744.6900000000005,7741.43,7741.67,324
2026-08-13T01:15:00+00:00,7741.67,7742.43,7740.68,7741.92,437
2026-08-13T01:20:00+00:00,7741.92,7741.9400000000005,7740.790000000001,7741.68,378
2026-08-13T01:25:00+00:00,7741.68,7741.68,7740.18,7740.9400000000005,340
2026-08-13T01:30:00+00:00,7740.9400000000005,7743.1900000000005,7740.67,7742.9400000000005,463
2026-08-13T01:35:00+00:00,7742.9400000000005,7743.68,7742.67,7743.17,299
2026-08-13T01:40:00+00:00,7743.17,7743.1900000000005,7741.92,7742.540000000001,383
2026-08-13T01:45:00+00:00,7742.540000000001,7743.1900000000005,7741.93,7742.4400000000005,535
2026-08-13T01:50:00+00:00,7742.4400000000005,7745.6900000000005,7742.4400000000005,7745.6900000000005,221
2026-08-13T01:55:00+00:00,7745.6900000000005,7746.67,7745.42,7745.67,265
2026-08-13T02:00:00+00:00,7745.67,7747.290000000001,7745.4400000000005,7746.42,338
2026-08-13T02:05:00+00:00,7746.42,7747.4400000000005,7746.42,7746.9400000000005,184
2026-08-13T02:10:00+00:00,7746.9400000000005,7747.4400000000005,7746.67,7747.4400000000005,164
2026-08-13T02:15:00+00:00,7747.4400000000005,7748.05,7747.18,7747.67,216
2026-08-13T02:20:00+00:00,7747.67,7748.56,7746.92,7747.56,184
2026-08-13T02:25:00+00:00,7747.56,7747.9400000000005,7745.93,7746.42,158
2026-08-13T02:30:00+00:00,7746.42,7746.4400000000005,7743.67,7743.6900000000005,348
2026-08-13T02:35:00+00:00,7743.6900000000005,7745.93,7743.6900000000005,7745.6900000000005,473
2026-08-13T02:40:00+00:00,7745.6900000000005,7749.1900000000005,7745.6900000000005,7748.8,317
2026-08-13T02:45:00+00:00,7748.8,7748.9400000000005,7748.42,7748.6900000000005,193
2026-08-13T02:50:00+00:00,7748.6900000000005,7748.9400000000005,7748.18,7748.67,146
2026-08-13T02:55:00+00:00,7748.67,7748.6900000000005,7748.290000000001,7748.4400000000005,119
2026-08-13T03:00:00+00:00,7748.4400000000005,7748.4400000000005,7747.67,7747.92,196
2026-08-13T03:05:00+00:00,7747.92,7748.43,7747.67,7747.93,190
2026-08-13T03:10:00+00:00,7747.93,7748.93,7747.67,7748.6900000000005,84
2026-08-13T03:15:00+00:00,7748.6900000000005,7749.31,7748.67,7748.93,82
2026-08-13T03:20:00+00:00,7748.93,7749.1900000000005,7748.43,7748.9400000000005,95
2026-08-13T03:25:00+00:00,7748.9400000000005,7749.4400000000005,7748.67,7748.92,78
2026-08-13T03:30:00+00:00,7748.92,7749.4400000000005,7748.18,7748.4400000000005,180
2026-08-13T03:35:00+00:00,7748.4400000000005,7749.68,7748.42,7749.42,180
2026-08-13T03:40:00+00:00,7749.42,7750.1900000000005,7749.17,7749.92,265
2026-08-13T03:45:00+00:00,7749.92,7750.6900000000005,7749.92,7750.42,99
2026-08-13T03:50:00+00:00,7750.42,7750.9400000000005,7750.42,7750.68,100
2026-08-13T03:55:00+00:00,7750.68,7750.6900000000005,7750.290000000001,7750.42,87
2026-08-13T04:00:00+00:00,7750.42,7751.1900000000005,7749.93,7750.6900000000005,129
2026-08-13T04:05:00+00:00,7750.6900000000005,7751.81,7750.6900000000005,7751.81,182
2026-08-13T04:10:00+00:00,7751.81,7751.81,7749.18,7749.18,130
2026-08-13T04:15:00+00:00,7749.18,7749.4400000000005,7748.92,7749.1900000000005,260
2026-08-13T04:20:00+00:00,7749.1900000000005,7749.1900000000005,7747.43,7749.17,392
2026-08-13T04:25:00+00:00,7749.17,7750.92,7749.17,7750.17,264
2026-08-13T04:30:00+00:00,7750.17,7751.1900000000005,7750.17,7750.93,180
2026-08-13T04:35:00+00:00,7750.93,7751.93,7750.42,7750.67,235
2026-08-13T04:40:00+00:00,7750.67,7751.17,7750.17,7750.55,194
2026-08-13T04:45:00+00:00,7750.55,7752.56,7749.93,7752.43,490
2026-08-13T04:50:00+00:00,7752.43,7752.9400000000005,7752.43,7752.43,109
2026-08-13T04:55:00+00:00,7752.43,7752.540000000001,7751.1900000000005,7751.1900000000005,198
2026-08-13T05:00:00+00:00,7751.1900000000005,7753.4400000000005,7750.92,7752.92,261
2026-08-13T05:05:00+00:00,7752.92,7753.4400000000005,7752.67,7753.4400000000005,187
2026-08-13T05:10:00+00:00,7753.4400000000005,7755.18,7753.4400000000005,7755.18,94
2026-08-13T05:15:00+00:00,7755.18,7755.42,7754.17,7754.43,61
2026-08-13T05:20:00+00:00,7754.43,7755.4400000000005,7754.17,7754.1900000000005,76
2026-08-13T05:25:00+00:00,7754.1900000000005,7755.43,7754.18,7755.18,139
2026-08-13T05:30:00+00:00,7755.18,7755.9400000000005,7753.790000000001,7755.05,238
2026-08-13T05:35:00+00:00,7755.05,7755.4400000000005,7753.92,7754.67,223
2026-08-13T05:40:00+00:00,7754.67,7754.9400000000005,7753.67,7753.93,187
2026-08-13T05:45:00+00:00,7753.93,7754.1900000000005,7753.67,7754.17,136
2026-08-13T05:50:00+00:00,7754.17,7754.1900000000005,7753.17,7753.4400000000005,196
2026-08-13T05:55:00+00:00,7753.4400000000005,7753.93,7751.92,7751.92,100
2026-08-13T06:00:00+00:00,7751.92,7752.4400000000005,7751.42,7752.4400000000005,257
2026-08-13T06:05:00+00:00,7752.4400000000005,7753.55,7752.18,7753.540000000001,235
2026-08-13T06:10:00+00:00,7753.540000000001,7754.1900000000005,7753.17,7753.68,181
2026-08-13T06:15:00+00:00,7753.68,7754.6900000000005,7753.42,7754.42,195
2026-08-13T06:20:00+00:00,7754.42,7755.1900000000005,7753.93,7755.1900000000005,203
2026-08-13T06:25:00+00:00,7755.1900000000005,7755.1900000000005,7753.43,7753.93,192
2026-08-13T06:30:00+00:00,7753.93,7754.4400000000005,7752.67,7753.18,382
2026-08-13T06:35:00+00:00,7753.18,7753.68,7751.790000000001,7751.93,289
2026-08-13T06:40:00+00:00,7751.93,7751.9400000000005,7749.9400000000005,7750.4400000000005,192
2026-08-13T06:45:00+00:00,7750.4400000000005,7750.4400000000005,7749.43,7749.92,120
2026-08-13T06:50:00+00:00,7749.92,7751.9400000000005,7749.92,7751.43,171
2026-08-13T06:55:00+00:00,7751.43,7753.6900000000005,7751.17,7753.42,273
2026-08-13T07:00:00+00:00,7753.42,7754.42,7749.43,7750.18,825
2026-08-13T07:05:00+00:00,7750.18,7750.68,7749.67,7750.4400000000005,414
2026-08-13T07:10:00+00:00,7750.4400000000005,7750.6900000000005,7749.9400000000005,7750.42,336
2026-08-13T07:15:00+00:00,7750.42,7751.18,7749.67,7750.68,217
2026-08-13T07:20:00+00:00,7750.68,7752.9400000000005,7750.42,7752.42,353
2026-08-13T07:25:00+00:00,7752.42,7753.1900000000005,7751.67,7753.18,285
2026-08-13T07:30:00+00:00,7753.18,7753.67,7752.42,7752.92,253
2026-08-13T07:35:00+00:00,7752.92,7753.93,7752.42,7753.67,269
2026-08-13T07:40:00+00:00,7753.67,7754.9400000000005,7753.1900000000005,7754.92,356
2026-08-13T07:45:00+00:00,7754.92,7755.18,7753.93,7755.18,363
2026-08-13T07:50:00+00:00,7755.18,7755.43,7754.17,7754.3,192
2026-08-13T07:55:00+00:00,7754.3,7754.9400000000005,7753.18,7753.42,199
2026-08-13T08:00:00+00:00,7753.42,7753.93,7750.67,7751.43,699
2026-08-13T08:05:00+00:00,7751.43,7755.67,7751.42,7754.43,456
2026-08-13T08:10:00+00:00,7754.43,7755.3,7753.17,7755.1900000000005,383
2026-08-13T08:15:00+00:00,7755.1900000000005,7755.4400000000005,7752.67,7754.43,582
2026-08-13T08:20:00+00:00,7754.43,7756.9400000000005,7753.43,7756.4400000000005,420
2026-08-13T08:25:00+00:00,7756.4400000000005,7757.68,7756.4400000000005,7757.1900000000005,310
2026-08-13T08:30:00+00:00,7757.1900000000005,7757.4400000000005,7755.93,7756.93,507
2026-08-13T08:35:00+00:00,7756.93,7757.18,7755.790000000001,7756.68,485
2026-08-13T08:40:00+00:00,7756.68,7757.6900000000005,7756.17,7757.1900000000005,232
2026-08-13T08:45:00+00:00,7757.1900000000005,7757.1900000000005,7756.42,7756.67,269
2026-08-13T08:50:00+00:00,7756.67,7758.4400000000005,7756.42,7756.56,197
2026-08-13T08:55:00+00:00,7756.56,7757.68,7756.56,7757.05,149
2026-08-13T09:00:00+00:00,7757.05,7757.9400000000005,7755.92,7756.1900000000005,309
2026-08-13T09:05:00+00:00,7756.1900000000005,7756.56,7755.18,7755.6900000000005,300
2026-08-13T09:10:00+00:00,7755.6900000000005,7756.93,7754.93,7755.18,261
2026-08-13T09:15:00+00:00,7755.18,7756.1900000000005,7753.42,7756.18,391
2026-08-13T09:20:00+00:00,7756.18,7757.18,7755.93,7757.18,183
2026-08-13T09:25:00+00:00,7757.18,7757.42,7755.56,7755.93,230
2026-08-13T09:30:00+00:00,7755.93,7758.43,7755.93,7757.92,261
2026-08-13T09:35:00+00:00,7757.92,7758.1900000000005,7757.17,7757.67,111
2026-08-13T09:40:00+00:00,7757.67,7758.93,7757.67,7758.93,113
2026-08-13T09:45:00+00:00,7758.93,7759.43,7758.17,7758.9400000000005,140
2026-08-13T09:50:00+00:00,7758.9400000000005,7759.9400000000005,7758.92,7759.6900000000005,174
2026-08-13T09:55:00+00:00,7759.6900000000005,7760.1900000000005,7759.67,7759.92,176
2026-08-13T10:00:00+00:00,7759.92,7760.18,7758.43,7758.67,229
2026-08-13T10:05:00+00:00,7758.67,7759.6900000000005,7758.67,7758.92,156
2026-08-13T10:10:00+00:00,7758.92,7759.4400000000005,7758.92,7758.9400000000005,174
2026-08-13T10:15:00+00:00,7758.9400000000005,7760.1900000000005,7758.92,7759.68,104
2026-08-13T10:20:00+00:00,7759.68,7760.1900000000005,7759.17,7759.4400000000005,163
2026-08-13T10:25:00+00:00,7759.4400000000005,7760.1900000000005,7758.43,7759.17,222
2026-08-13T10:30:00+00:00,7759.17,7760.040000000001,7758.9400000000005,7759.43,219
2026-08-13T10:35:00+00:00,7759.43,7759.9400000000005,7758.93,7759.67,137
2026-08-13T10:40:00+00:00,7759.67,7760.1900000000005,7759.67,7760.17,109
2026-08-13T10:45:00+00:00,7760.17,7760.9400000000005,7759.67,7760.92,124
2026-08-13T10:50:00+00:00,7760.92,7760.9400000000005,7760.17,7760.93,116
2026-08-13T10:55:00+00:00,7760.93,7760.93,7759.92,7760.42,146
2026-08-13T11:00:00+00:00,7760.42,7761.43,7759.92,7759.93,286
2026-08-13T11:05:00+00:00,7759.93,7760.68,7759.68,7760.05,227
2026-08-13T11:10:00+00:00,7760.05,7760.6900000000005,7759.67,7760.43,190
2026-08-13T11:15:00+00:00,7760.43,7760.4400000000005,7758.4400000000005,7758.6900000000005,118
2026-08-13T11:20:00+00:00,7758.6900000000005,7759.4400000000005,7758.67,7759.1900000000005,174
2026-08-13T11:25:00+00:00,7759.1900000000005,7759.4400000000005,7758.3,7759.42,191
2026-08-13T11:30:00+00:00,7759.42,7761.42,7758.9400000000005,7761.42,192
2026-08-13T11:35:00+00:00,7761.42,7762.9400000000005,7760.92,7762.92,206
2026-08-13T11:40:00+00:00,7762.92,7763.92,7761.92,7763.92,207
2026-08-13T11:45:00+00:00,7763.92,7764.4400000000005,7762.17,7762.17,150
2026-08-13T11:50:00+00:00,7762.17,7762.290000000001,7760.43,7762.1900000000005,243
2026-08-13T11:55:00+00:00,7762.1900000000005,7762.31,7759.42,7759.4400000000005,255
2026-08-13T12:00:00+00:00,7759.4400000000005,7759.9400000000005,7757.17,7757.42,484
2026-08-13T12:05:00+00:00,7757.42,7759.42,7757.31,7758.6900000000005,412
2026-08-13T12:10:00+00:00,7758.6900000000005,7759.4400000000005,7756.67,7757.93,533
2026-08-13T12:15:00+00:00,7757.93,7757.9400000000005,7754.1900000000005,7754.67,317
2026-08-13T12:20:00+00:00,7754.67,7755.68,7754.43,7755.290000000001,363
2026-08-13T12:25:00+00:00,7755.290000000001,7758.710000000001,7754.67,7758.710000000001,470
2026-08-13T12:30:00+00:00,7758.710000000001,7765.3,7753.92,7757.68,2004
2026-08-13T12:35:00+00:00,7757.68,7760.6900000000005,7757.18,7760.17,847
2026-08-13T12:40:00+00:00,7760.17,7761.9400000000005,7757.92,7759.67,817
2026-08-13T12:45:00+00:00,7759.67,7761.93,7759.17,7760.540000000001,526
2026-08-13T12:50:00+00:00,7760.540000000001,7762.93,7760.18,7762.540000000001,477
2026-08-13T12:55:00+00:00,7762.540000000001,7763.9400000000005,7762.42,7763.92,458
2026-08-13T13:00:00+00:00,7763.92,7765.6900000000005,7763.68,7765.17,674
2026-08-13T13:05:00+00:00,7765.17,7767.18,7765.17,7766.43,586
2026-08-13T13:10:00+00:00,7766.43,7767.18,7765.4400000000005,7766.43,360
2026-08-13T13:15:00+00:00,7766.43,7768.1900000000005,7765.67,7767.42,600
2026-08-13T13:20:00+00:00,7767.42,7768.6900000000005,7766.68,7766.68,309
2026-08-13T13:25:00+00:00,7766.68,7768.9400000000005,7766.17,7768.67,559
2026-08-13T13:30:00+00:00,7768.67,7774.97,7760.990000000001,7773.9800000000005,3815
2026-08-13T13:35:00+00:00,7773.9800000000005,7784.7300000000005,7773.72,7784.4800000000005,2256
2026-08-13T13:40:00+00:00,7784.4800000000005,7784.4800000000005,7775.4800000000005,7776.990000000001,1474
2026-08-13T13:45:00+00:00,7776.990000000001,7789.740000000001,7776.22,7788.490000000001,2256
2026-08-13T13:50:00+00:00,7788.490000000001,7791.740000000001,7786.7300000000005,7791.47,1610
2026-08-13T13:55:00+00:00,7791.47,7796.990000000001,7789.47,7796.47,1611
2026-08-13T14:00:00+00:00,7796.47,7802.990000000001,7795.47,7802.4800000000005,1887
2026-08-13T14:05:00+00:00,7802.4800000000005,7804.240000000001,7799.47,7801.740000000001,1481
2026-08-13T14:10:00+00:00,7801.740000000001,7805.72,7801.2300000000005,7805.22,1106
2026-08-13T14:15:00+00:00,7805.22,7806.740000000001,7800.2300000000005,7805.490000000001,1359
2026-08-13T14:20:00+00:00,7805.490000000001,7812.240000000001,7803.9800000000005,7810.490000000001,1295
2026-08-13T14:25:00+00:00,7810.490000000001,7812.740000000001,7809.2300000000005,7811.9800000000005,1207
2026-08-13T14:30:00+00:00,7811.9800000000005,7813.740000000001,7809.97,7812.22,1319
2026-08-13T14:35:00+00:00,7812.22,7813.990000000001,7808.2300000000005,7810.7300000000005,1019
2026-08-13T14:40:00+00:00,7810.7300000000005,7811.22,7805.97,7805.9800000000005,839
2026-08-13T14:45:00+00:00,7805.9800000000005,7805.9800000000005,7795.47,7796.72,1520
2026-08-13T14:50:00+00:00,7796.72,7799.2300000000005,7795.72,7798.4800000000005,1867
2026-08-13T14:55:00+00:00,7798.4800000000005,7799.740000000001,7793.72,7797.7300000000005,2023
2026-08-13T15:00:00+00:00,7797.7300000000005,7802.240000000001,7793.22,7793.740000000001,1869
2026-08-13T15:05:00+00:00,7793.740000000001,7795.9800000000005,7789.47,7792.2300000000005,1820
2026-08-13T15:10:00+00:00,7792.2300000000005,7793.490000000001,7790.22,7791.240000000001,1544
2026-08-13T15:15:00+00:00,7791.240000000001,7792.240000000001,7786.990000000001,7791.7300000000005,1514
2026-08-13T15:20:00+00:00,7791.7300000000005,7792.47,7787.97,7788.97,1557
2026-08-13T15:25:00+00:00,7788.97,7789.22,7778.97,7781.490000000001,2030
2026-08-13T15:30:00+00:00,7781.490000000001,7782.9800000000005,7776.97,7777.2300000000005,2503
2026-08-13T15:35:00+00:00,7777.2300000000005,7780.990000000001,7775.740000000001,7779.240000000001,2043
2026-08-13T15:40:00+00:00,7779.240000000001,7783.4800000000005,7776.7300000000005,7779.2300000000005,1702
2026-08-13T15:45:00+00:00,7779.2300000000005,7780.990000000001,7776.4800000000005,7778.740000000001,1457
2026-08-13T15:50:00+00:00,7778.740000000001,7778.990000000001,7774.9800000000005,7776.35,1385
2026-08-13T15:55:00+00:00,7776.35,7778.990000000001,7773.47,7774.4800000000005,1336
2026-08-13T16:00:00+00:00,7774.4800000000005,7779.990000000001,7774.2300000000005,7778.72,1059
2026-08-13T16:05:00+00:00,7778.72,7782.490000000001,7778.4800000000005,7779.2300000000005,963
2026-08-13T16:10:00+00:00,7779.2300000000005,7780.9800000000005,7776.4800000000005,7776.7300000000005,882
2026-08-13T16:15:00+00:00,7776.7300000000005,7778.4800000000005,7775.47,7777.990000000001,968
2026-08-13T16:20:00+00:00,7777.990000000001,7780.490000000001,7777.22,7780.240000000001,799
2026-08-13T16:25:00+00:00,7780.240000000001,7784.9800000000005,7779.97,7784.9800000000005,728
2026-08-13T16:30:00+00:00,7784.9800000000005,7786.740000000001,7783.7300000000005,7786.4800000000005,703
2026-08-13T16:35:00+00:00,7786.4800000000005,7786.740000000001,7781.72,7782.740000000001,783
2026-08-13T16:40:00+00:00,7782.740000000001,7784.7300000000005,7781.72,7783.97,613
2026-08-13T16:45:00+00:00,7783.97,7786.490000000001,7783.97,7785.7300000000005,556
2026-08-13T16:50:00+00:00,7785.7300000000005,7787.7300000000005,7785.72,7786.47,578
2026-08-13T16:55:00+00:00,7786.47,7787.240000000001,7785.4800000000005,7786.9800000000005,561
2026-08-13T17:00:00+00:00,7786.9800000000005,7790.2300000000005,7786.9800000000005,7789.72,782
2026-08-13T17:05:00+00:00,7789.72,7793.740000000001,7789.22,7792.2300000000005,641
2026-08-13T17:10:00+00:00,7792.2300000000005,7792.97,7790.740000000001,7791.7300000000005,417
2026-08-13T17:15:00+00:00,7791.7300000000005,7793.97,7791.72,7793.97,500
2026-08-13T17:20:00+00:00,7793.97,7794.72,7791.72,7792.72,446
2026-08-13T17:25:00+00:00,7792.72,7792.9800000000005,7790.72,7790.9800000000005,418
2026-08-13T17:30:00+00:00,7790.9800000000005,7792.240000000001,7788.22,7789.2300000000005,491
2026-08-13T17:35:00+00:00,7789.2300000000005,7789.4800000000005,7786.4800000000005,7787.9800000000005,668
2026-08-13T17:40:00+00:00,7787.9800000000005,7788.9800000000005,7785.990000000001,7785.990000000001,577
2026-08-13T17:45:00+00:00,7785.990000000001,7788.990000000001,7785.990000000001,7788.22,562
2026-08-13T17:50:00+00:00,7788.22,7789.240000000001,7787.22,7787.4800000000005,570
2026-08-13T17:55:00+00:00,7787.4800000000005,7789.240000000001,7786.47,7787.47,501
2026-08-13T18:00:00+00:00,7787.47,7789.47,7787.47,7789.2300000000005,478
2026-08-13T18:05:00+00:00,7789.2300000000005,7790.490000000001,7787.9800000000005,7788.240000000001,505
2026-08-13T18:10:00+00:00,7788.240000000001,7791.490000000001,7786.72,7790.990000000001,574
2026-08-13T18:15:00+00:00,7790.990000000001,7791.740000000001,7788.9800000000005,7789.47,567
2026-08-13T18:20:00+00:00,7789.47,7789.740000000001,7786.72,7787.240000000001,605
2026-08-13T18:25:00+00:00,7787.240000000001,7790.490000000001,7787.22,7789.9800000000005,547
2026-08-13T18:30:00+00:00,7789.9800000000005,7792.490000000001,7789.9800000000005,7792.490000000001,516
2026-08-13T18:35:00+00:00,7792.490000000001,7793.990000000001,7791.990000000001,7793.97,472
2026-08-13T18:40:00+00:00,7793.97,7797.240000000001,7793.7300000000005,7795.97,529
2026-08-13T18:45:00+00:00,7795.97,7797.490000000001,7795.97,7797.490000000001,495
2026-08-13T18:50:00+00:00,7797.490000000001,7799.240000000001,7796.22,7798.7300000000005,521
2026-08-13T18:55:00+00:00,7798.7300000000005,7799.240000000001,7796.7300000000005,7797.47,298
2026-08-13T19:00:00+00:00,7797.47,7799.490000000001,7797.22,7798.97,533
2026-08-13T19:05:00+00:00,7798.97,7804.240000000001,7798.2300000000005,7803.7300000000005,794
2026-08-13T19:10:00+00:00,7803.7300000000005,7803.7300000000005,7798.47,7799.72,633
2026-08-13T19:15:00+00:00,7799.72,7801.740000000001,7798.22,7801.72,640
2026-08-13T19:20:00+00:00,7801.72,7803.72,7801.72,7803.490000000001,541
2026-08-13T19:25:00+00:00,7803.490000000001,7803.97,7800.2300000000005,7800.740000000001,539
2026-08-13T19:30:00+00:00,7800.740000000001,7802.740000000001,7799.97,7800.72,738
2026-08-13T19:35:00+00:00,7800.72,7800.990000000001,7797.7300000000005,7799.990000000001,424
2026-08-13T19:40:00+00:00,7799.990000000001,7800.740000000001,7797.47,7797.4800000000005,521
2026-08-13T19:45:00+00:00,7797.4800000000005,7798.490000000001,7796.490000000001,7797.7300000000005,704
2026-08-13T19:50:00+00:00,7797.7300000000005,7797.7300000000005,7793.740000000001,7795.72,1175
2026-08-13T19:55:00+00:00,7795.72,7800.240000000001,7794.2300000000005,7799.47,1305
2026-08-13T20:00:00+00:00,7799.47,7800.6900000000005,7794.17,7799.6900000000005,1383
2026-08-13T20:05:00+00:00,7799.6900000000005,7800.4400000000005,7797.68,7798.18,536
2026-08-13T20:10:00+00:00,7798.18,7798.6900000000005,7797.17,7797.9400000000005,362
2026-08-13T20:15:00+00:00,7797.9400000000005,7798.67,7795.68,7796.6900000000005,356
2026-08-13T20:20:00+00:00,7796.6900000000005,7796.6900000000005,7795.67,7796.17,150
2026-08-13T20:25:00+00:00,7796.17,7797.17,7795.6900000000005,7795.9400000000005,99
2026-08-13T20:30:00+00:00,7795.9400000000005,7798.4400000000005,7795.92,7797.6900000000005,212
2026-08-13T20:35:00+00:00,7797.6900000000005,7798.9400000000005,7797.17,7798.93,89
2026-08-13T20:40:00+00:00,7798.93,7799.1900000000005,7798.67,7799.1900000000005,70
2026-08-13T20:45:00+00:00,7799.1900000000005,7799.9400000000005,7799.17,7799.4400000000005,69
2026-08-13T20:50:00+00:00,7799.4400000000005,7800.6900000000005,7799.4400000000005,7800.6900000000005,33
2026-08-13T20:55:00+00:00,7800.6900000000005,7800.9400000000005,7800.42,7800.93,89
2026-08-13T22:00:00+00:00,7800.93,7803.4800000000005,7800.22,7802.7300000000005,499
2026-08-13T22:05:00+00:00,7802.7300000000005,7803.460000000001,7801.460000000001,7802.210000000001,174
2026-08-13T22:10:00+00:00,7802.210000000001,7802.2300000000005,7800.710000000001,7800.7300000000005,188
2026-08-13T22:15:00+00:00,7800.7300000000005,7802.47,7800.210000000001,7802.47,124
2026-08-13T22:20:00+00:00,7802.47,7802.72,7799.47,7800.9800000000005,136
2026-08-13T22:25:00+00:00,7800.9800000000005,7801.35,7800.84,7800.84,84
2026-08-13T22:30:00+00:00,7800.84,7801.4800000000005,7800.84,7800.9800000000005,74
2026-08-13T22:35:00+00:00,7800.9800000000005,7801.47,7800.710000000001,7800.7300000000005,41.99197063546685
2026-08-13T22:40:00+00:00,7800.7300000000005,7801.4800000000005,7800.580000000001,7801.2300000000005,50
2026-08-13T22:45:00+00:00,7801.2300000000005,7801.2300000000005,7800.210000000001,7800.580000000001,109
2026-08-13T22:50:00+00:00,7800.580000000001,7800.9800000000005,7800.34,7800.4800000000005,68
2026-08-13T22:55:00+00:00,7800.4800000000005,7800.7300000000005,7800.460000000001,7800.6,47
2026-08-13T23:00:00+00:00,7800.6,7800.9800000000005,7800.210000000001,7800.72,62
2026-08-13T23:05:00+00:00,7800.72,7802.72,7800.72,7802.72,109
2026-08-13T23:10:00+00:00,7802.72,7803.9800000000005,7802.710000000001,7803.9800000000005,84
2026-08-13T23:15:00+00:00,7803.9800000000005,7804.09,7802.710000000001,7803.580000000001,183
2026-08-13T23:20:00+00:00,7803.580000000001,7803.7300000000005,7801.4800000000005,7802.09,140
2026-08-13T23:25:00+00:00,7802.09,7802.9800000000005,7802.080000000001,7802.330000000001,113
2026-08-13T23:30:00+00:00,7802.330000000001,7803.22,7801.830000000001,7803.1,131
2026-08-13T23:35:00+00:00,7803.1,7803.2300000000005,7801.960000000001,7802.22,58
2026-08-13T23:40:00+00:00,7802.22,7803.1,7801.7300000000005,7802.4800000000005,221
2026-08-13T23:45:00+00:00,7802.4800000000005,7803.4800000000005,7801.9800000000005,7802.72,832
2026-08-13T23:50:00+00:00,7802.72,7802.9800000000005,7802.210000000001,7802.210000000001,195
2026-08-13T23:55:00+00:00,7802.210000000001,7802.7300000000005,7801.7300000000005,7802.2300000000005,555
2026-08-14T00:00:00+00:00,7802.2300000000005,7805.2300000000005,7802.210000000001,7804.47,949
2026-08-14T00:05:00+00:00,7804.47,7804.7300000000005,7802.210000000001,7803.47,1182
2026-08-14T00:10:00+00:00,7803.47,7803.6,7801.7300000000005,7802.1,803
2026-08-14T00:15:00+00:00,7802.1,7802.7300000000005,7800.97,7801.4800000000005,806
2026-08-14T00:20:00+00:00,7801.4800000000005,7801.7300000000005,7800.960000000001,7801.2300000000005,326
2026-08-14T00:25:00+00:00,7801.2300000000005,7801.4800000000005,7800.710000000001,7800.710000000001,389
2026-08-14T00:30:00+00:00,7800.710000000001,7801.2300000000005,7800.460000000001,7800.9800000000005,288
2026-08-14T00:35:00+00:00,7800.9800000000005,7801.4800000000005,7800.710000000001,7801.2300000000005,223
2026-08-14T00:40:00+00:00,7801.2300000000005,7801.47,7800.22,7800.2300000000005,140
2026-08-14T00:45:00+00:00,7800.2300000000005,7800.7300000000005,7799.710000000001,7799.97,119
2026-08-14T00:50:00+00:00,7799.97,7800.7300000000005,7799.710000000001,7800.7300000000005,365
2026-08-14T00:55:00+00:00,7800.7300000000005,7801.210000000001,7800.460000000001,7800.7300000000005,185
2026-08-14T01:00:00+00:00,7800.7300000000005,7800.7300000000005,7797.22,7797.72,463
2026-08-14T01:05:00+00:00,7797.72,7799.4800000000005,7797.72,7798.960000000001,404
2026-08-14T01:10:00+00:00,7798.960000000001,7798.9800000000005,7796.830000000001,7797.2300000000005,289
2026-08-14T01:15:00+00:00,7797.2300000000005,7798.22,7796.97,7797.72,458
2026-08-14T01:20:00+00:00,7797.72,7799.22,7796.960000000001,7798.4800000000005,393
2026-08-14T01:25:00+00:00,7798.4800000000005,7799.2300000000005,7797.460000000001,7798.9800000000005,409
2026-08-14T01:30:00+00:00,7798.9800000000005,7799.47,7798.460000000001,7799.47,303
2026-08-14T01:35:00+00:00,7799.47,7800.7300000000005,7798.97,7800.47,306
2026-08-14T01:40:00+00:00,7800.47,7800.7300000000005,7799.7300000000005,7800.330000000001,265
2026-08-14T01:45:00+00:00,7800.330000000001,7801.2300000000005,7800.22,7801.22,162
2026-08-14T01:50:00+00:00,7801.22,7801.2300000000005,7799.710000000001,7799.7300000000005,196
2026-08-14T01:55:00+00:00,7799.7300000000005,7800.2300000000005,7799.710000000001,7799.9800000000005,280
2026-08-14T02:00:00+00:00,7799.9800000000005,7801.710000000001,7799.97,7801.710000000001,290
2026-08-14T02:05:00+00:00,7801.710000000001,7801.9800000000005,7800.7300000000005,7801.4800000000005,89
2026-08-14T02:10:00+00:00,7801.4800000000005,7802.7300000000005,7801.4800000000005,7802.710000000001,160
2026-08-14T02:15:00+00:00,7802.710000000001,7802.9800000000005,7801.710000000001,7801.710000000001,210
2026-08-14T02:20:00+00:00,7801.710000000001,7802.9800000000005,7801.59,7802.460000000001,112
2026-08-14T02:25:00+00:00,7802.460000000001,7802.7300000000005,7802.210000000001,7802.7300000000005,248
2026-08-14T02:30:00+00:00,7802.7300000000005,7803.4800000000005,7802.710000000001,7803.210000000001,180
2026-08-14T02:35:00+00:00,7803.210000000001,7803.34,7802.72,7802.72,92
2026-08-14T02:40:00+00:00,7802.72,7803.2300000000005,7802.460000000001,7802.97,114
2026-08-14T02:45:00+00:00,7802.97,7803.4800000000005,7802.210000000001,7802.210000000001,109
2026-08-14T02:50:00+00:00,7802.210000000001,7802.4800000000005,7801.710000000001,7801.9800000000005,160
2026-08-14T02:55:00+00:00,7801.9800000000005,7801.9800000000005,7800.960000000001,7801.47,145
2026-08-14T03:00:00+00:00,7801.47,7801.960000000001,7801.210000000001,7801.460000000001,118
2026-08-14T03:05:00+00:00,7801.460000000001,7802.330000000001,7801.460000000001,7802.2300000000005,76
2026-08-14T03:10:00+00:00,7802.2300000000005,7802.7300000000005,7802.1,7802.47,100
2026-08-14T03:15:00+00:00,7802.47,7803.2300000000005,7802.460000000001,7803.210000000001,48
2026-08-14T03:20:00+00:00,7803.210000000001,7804.2300000000005,7803.210000000001,7804.2300000000005,118
2026-08-14T03:25:00+00:00,7804.2300000000005,7804.2300000000005,7803.85,7803.960000000001,89
2026-08-14T03:30:00+00:00,7803.960000000001,7804.2300000000005,7803.210000000001,7803.47,256
2026-08-14T03:35:00+00:00,7803.47,7803.4800000000005,7801.960000000001,7802.22,132
2026-08-14T03:40:00+00:00,7802.22,7802.4800000000005,7801.7300000000005,7801.960000000001,147
2026-08-14T03:45:00+00:00,7801.960000000001,7802.2300000000005,7801.22,7801.4800000000005,108
2026-08-14T03:50:00+00:00,7801.4800000000005,7801.9800000000005,7801.460000000001,7801.4800000000005,177
2026-08-14T03:55:00+00:00,7801.4800000000005,7801.4800000000005,7800.72,7800.9800000000005,64
2026-08-14T04:00:00+00:00,7800.9800000000005,7801.35,7800.59,7800.97,191
2026-08-14T04:05:00+00:00,7800.97,7801.9800000000005,7800.7300000000005,7801.460000000001,83
2026-08-14T04:10:00+00:00,7801.460000000001,7801.9800000000005,7801.22,7801.710000000001,129
2026-08-14T04:15:00+00:00,7801.710000000001,7801.9800000000005,7801.2300000000005,7801.460000000001,284
2026-08-14T04:20:00+00:00,7801.460000000001,7801.7300000000005,7800.960000000001,7801.210000000001,161
2026-08-14T04:25:00+00:00,7801.210000000001,7801.9800000000005,7800.960000000001,7801.210000000001,114
2026-08-14T04:30:00+00:00,7801.210000000001,7801.4800000000005,7799.72,7799.97,167
2026-08-14T04:35:00+00:00,7799.97,7800.7300000000005,7799.210000000001,7800.7300000000005,183
2026-08-14T04:40:00+00:00,7800.7300000000005,7801.460000000001,7800.22,7800.460000000001,107
2026-08-14T04:45:00+00:00,7800.460000000001,7800.4800000000005,7799.710000000001,7799.960000000001,197
2026-08-14T04:50:00+00:00,7799.960000000001,7799.9800000000005,7799.47,7799.7300000000005,153
2026-08-14T04:55:00+00:00,7799.7300000000005,7799.9800000000005,7799.710000000001,7799.710000000001,67.24591573516767
2026-08-14T05:00:00+00:00,7799.710000000001,7800.2300000000005,7798.97,7798.97,186
2026-08-14T05:05:00+00:00,7798.97,7799.2300000000005,7798.22,7798.7300000000005,269
2026-08-14T05:10:00+00:00,7798.7300000000005,7799.9800000000005,7798.080000000001,7799.710000000001,342
2026-08-14T05:15:00+00:00,7799.710000000001,7799.7300000000005,7798.7300000000005,7799.210000000001,97
2026-08-14T05:20:00+00:00,7799.210000000001,7799.72,7798.9800000000005,7799.710000000001,128
2026-08-14T05:25:00+00:00,7799.710000000001,7800.4800000000005,7799.460000000001,7800.22,89
2026-08-14T05:30:00+00:00,7800.22,7800.460000000001,7799.22,7800.210000000001,288
2026-08-14T05:35:00+00:00,7800.210000000001,7801.1,7800.210000000001,7800.4800000000005,95.08595387840671
2026-08-14T05:40:00+00:00,7800.4800000000005,7800.9800000000005,7799.710000000001,7800.960000000001,205
2026-08-14T05:45:00+00:00,7800.960000000001,7801.9800000000005,7800.72,7801.710000000001,64
2026-08-14T05:50:00+00:00,7801.710000000001,7802.4800000000005,7801.460000000001,7802.2300000000005,70
2026-08-14T05:55:00+00:00,7802.2300000000005,7802.460000000001,7801.080000000001,7801.2300000000005,125
2026-08-14T06:00:00+00:00,7801.2300000000005,7801.4800000000005,7798.710000000001,7798.9800000000005,220
2026-08-14T06:05:00+00:00,7798.9800000000005,7799.7300000000005,7798.210000000001,7798.4800000000005,158
2026-08-14T06:10:00+00:00,7798.4800000000005,7798.7300000000005,7797.960000000001,7797.9800000000005,144
2026-08-14T06:15:00+00:00,7797.9800000000005,7798.47,7797.960000000001,7798.47,155
2026-08-14T06:20:00+00:00,7798.47,7798.7300000000005,7797.960000000001,7798.47,153
2026-08-14T06:25:00+00:00,7798.47,7798.72,7797.960000000001,7798.47,106
2026-08-14T06:30:00+00:00,7798.47,7798.97,7798.210000000001,7798.2300000000005,162
2026-08-14T06:35:00+00:00,7798.2300000000005,7798.2300000000005,7797.47,7797.4800000000005,67
2026-08-14T06:40:00+00:00,7797.4800000000005,7797.97,7797.210000000001,7797.97,81
2026-08-14T06:45:00+00:00,7797.97,7798.4800000000005,7797.960000000001,7798.22,118
2026-08-14T06:50:00+00:00,7798.22,7798.7300000000005,7798.22,7798.2300000000005,42.07453936348409
2026-08-14T06:55:00+00:00,7798.2300000000005,7798.960000000001,7797.960000000001,7798.2300000000005,60
2026-08-14T07:00:00+00:00,7798.2300000000005,7799.4800000000005,7798.210000000001,7799.210000000001,423
2026-08-14T07:05:00+00:00,7799.210000000001,7799.4800000000005,7798.460000000001,7799.2300000000005,194
2026-08-14T07:10:00+00:00,7799.2300000000005,7799.34,7796.710000000001,7796.97,315
2026-08-14T07:15:00+00:00,7796.97,7798.2300000000005,7796.97,7797.97,213
2026-08-14T07:20:00+00:00,7797.97,7798.4800000000005,7797.210000000001,7798.210000000001,268
2026-08-14T07:25:00+00:00,7798.210000000001,7798.7300000000005,7797.4800000000005,7797.960000000001,233
2026-08-14T07:30:00+00:00,7797.960000000001,7799.22,7797.710000000001,7798.960000000001,185
2026-08-14T07:35:00+00:00,7798.960000000001,7798.9800000000005,7798.210000000001,7798.960000000001,229
2026-08-14T07:40:00+00:00,7798.960000000001,7800.47,7798.460000000001,7800.47,126
2026-08-14T07:45:00+00:00,7800.47,7800.9800000000005,7799.460000000001,7800.9800000000005,141
2026-08-14T07:50:00+00:00,7800.9800000000005,7801.2300000000005,7800.460000000001,7800.710000000001,137
2026-08-14T07:55:00+00:00,7800.710000000001,7801.2300000000005,7799.960000000001,7799.97,167
2026-08-14T08:00:00+00:00,7799.97,7801.47,7798.710000000001,7800.4800000000005,632
2026-08-14T08:05:00+00:00,7800.4800000000005,7802.710000000001,7800.210000000001,7801.4800000000005,537
2026-08-14T08:10:00+00:00,7801.4800000000005,7801.7300000000005,7799.710000000001,7800.2300000000005,457
2026-08-14T08:15:00+00:00,7800.2300000000005,7801.9800000000005,7799.960000000001,7800.2300000000005,428
2026-08-14T08:20:00+00:00,7800.2300000000005,7800.7300000000005,7799.22,7800.72,241
2026-08-14T08:25:00+00:00,7800.72,7802.4800000000005,7800.710000000001,7802.4800000000005,345
2026-08-14T08:30:00+00:00,7802.4800000000005,7803.4800000000005,7802.210000000001,7802.9800000000005,351
2026-08-14T08:35:00+00:00,7802.9800000000005,7804.72,7802.960000000001,7804.47,238
2026-08-14T08:40:00+00:00,7804.47,7804.97,7803.330000000001,7803.330000000001,182
2026-08-14T08:45:00+00:00,7803.330000000001,7805.2300000000005,7803.2300000000005,7804.7300000000005,257
2026-08-14T08:50:00+00:00,7804.7300000000005,7804.9800000000005,7803.710000000001,7803.710000000001,167
2026-08-14T08:55:00+00:00,7803.710000000001,7803.9800000000005,7802.960000000001,7802.97,133
2026-08-14T09:00:00+00:00,7802.97,7802.9800000000005,7801.22,7801.4800000000005,222
2026-08-14T09:05:00+00:00,7801.4800000000005,7802.4800000000005,7801.2300000000005,7802.22,164
2026-08-14T09:10:00+00:00,7802.22,7802.7300000000005,7801.960000000001,7802.47,147
2026-08-14T09:15:00+00:00,7802.47,7802.97,7801.72,7802.72,178
2026-08-14T09:20:00+00:00,7802.72,7804.2300000000005,7802.4800000000005,7804.2300000000005,142
2026-08-14T09:25:00+00:00,7804.2300000000005,7804.2300000000005,7802.4800000000005,7802.710000000001,154
2026-08-14T09:30:00+00:00,7802.710000000001,7802.7300000000005,7801.22,7801.460000000001,172
2026-08-14T09:35:00+00:00,7801.460000000001,7801.7300000000005,7800.47,7801.22,174
2026-08-14T09:40:00+00:00,7801.22,7801.4800000000005,7800.960000000001,7801.460000000001,106
2026-08-14T09:45:00+00:00,7801.460000000001,7803.2300000000005,7801.460000000001,7802.7300000000005,151.59679334916865
2026-08-14T09:50:00+00:00,7802.7300000000005,7803.2300000000005,7802.460000000001,7803.210000000001,163
2026-08-14T09:55:00+00:00,7803.210000000001,7804.22,7802.960000000001,7804.210000000001,223
2026-08-14T10:00:00+00:00,7804.210000000001,7805.2300000000005,7803.72,7805.2300000000005,167
2026-08-14T10:05:00+00:00,7805.2300000000005,7805.9800000000005,7804.710000000001,7804.960000000001,217
2026-08-14T10:10:00+00:00,7804.960000000001,7805.97,7804.710000000001,7804.960000000001,197
2026-08-14T10:15:00+00:00,7804.960000000001,7804.9800000000005,7803.9800000000005,7804.2300000000005,146
2026-08-14T10:20:00+00:00,7804.2300000000005,7804.4800000000005,7803.460000000001,7804.34,142
2026-08-14T10:25:00+00:00,7804.34,7804.4800000000005,7802.960000000001,7803.460000000001,97
2026-08-14T10:30:00+00:00,7803.460000000001,7804.7300000000005,7803.460000000001,7804.460000000001,173
2026-08-14T10:35:00+00:00,7804.460000000001,7804.710000000001,7803.710000000001,7803.9800000000005,151
2026-08-14T10:40:00+00:00,7803.9800000000005,7804.460000000001,7802.210000000001,7803.710000000001,139
2026-08-14T10:45:00+00:00,7803.710000000001,7803.9800000000005,7803.080000000001,7803.2300000000005,80
2026-08-14T10:50:00+00:00,7803.2300000000005,7804.97,7803.210000000001,7804.460000000001,138
2026-08-14T10:55:00+00:00,7804.460000000001,7805.2300000000005,7803.210000000001,7805.2300000000005,205
2026-08-14T11:00:00+00:00,7805.2300000000005,7805.9800000000005,7803.97,7804.210000000001,248
2026-08-14T11:05:00+00:00,7804.210000000001,7805.2300000000005,7803.960000000001,7804.4800000000005,228
2026-08-14T11:10:00+00:00,7804.4800000000005,7805.080000000001,7803.4800000000005,7803.7300000000005,166
2026-08-14T11:15:00+00:00,7803.7300000000005,7803.9800000000005,7802.9800000000005,7803.47,135
2026-08-14T11:20:00+00:00,7803.47,7803.9800000000005,7802.97,7803.9800000000005,164
2026-08-14T11:25:00+00:00,7803.9800000000005,7804.2300000000005,7803.080000000001,7803.47,110
2026-08-14T11:30:00+00:00,7803.47,7804.960000000001,7803.460000000001,7804.960000000001,147
2026-08-14T11:35:00+00:00,7804.960000000001,7806.2300000000005,7804.7300000000005,7804.97,231
2026-08-14T11:40:00+00:00,7804.97,7805.47,7804.22,7805.47,220
2026-08-14T11:45:00+00:00,7805.47,7806.460000000001,7804.960000000001,7806.460000000001,178
2026-08-14T11:50:00+00:00,7806.460000000001,7806.9800000000005,7805.210000000001,7805.2300000000005,139
2026-08-14T11:55:00+00:00,7805.2300000000005,7806.2300000000005,7804.710000000001,7805.960000000001,155
2026-08-14T12:00:00+00:00,7805.960000000001,7806.4800000000005,7805.2300000000005,7805.47,476
2026-08-14T12:05:00+00:00,7805.47,7806.2300000000005,7804.960000000001,7805.960000000001,315
2026-08-14T12:10:00+00:00,7805.960000000001,7805.97,7797.9800000000005,7803.22,613
2026-08-14T12:15:00+00:00,7803.22,7803.22,7801.6,7802.210000000001,458
2026-08-14T12:20:00+00:00,7802.210000000001,7803.710000000001,7801.72,7801.72,260
2026-08-14T12:25:00+00:00,7801.72,7804.97,7801.4800000000005,7804.72,440
2026-08-14T12:30:00+00:00,7804.72,7807.9800000000005,7804.47,7806.97,983
2026-08-14T12:35:00+00:00,7806.97,7807.2300000000005,7805.210000000001,7805.22,529
2026-08-14T12:40:00+00:00,7805.22,7805.4800000000005,7804.460000000001,7805.460000000001,318
2026-08-14T12:45:00+00:00,7805.460000000001,7806.9800000000005,7805.210000000001,7806.4800000000005,286
2026-08-14T12:50:00+00:00,7806.4800000000005,7807.4800000000005,7806.210000000001,7807.47,298
2026-08-14T12:55:00+00:00,7807.47,7807.7300000000005,7806.830000000001,7806.830000000001,267
2026-08-14T13:00:00+00:00,7806.830000000001,7806.9800000000005,7804.960000000001,7804.960000000001,385
2026-08-14T13:05:00+00:00,7804.960000000001,7806.210000000001,7804.960000000001,7805.210000000001,321
2026-08-14T13:10:00+00:00,7805.210000000001,7805.47,7802.710000000001,7802.710000000001,278
2026-08-14T13:15:00+00:00,7802.710000000001,7805.9800000000005,7802.710000000001,7803.460000000001,725
2026-08-14T13:20:00+00:00,7803.460000000001,7805.72,7803.460000000001,7805.22,317
2026-08-14T13:25:00+00:00,7805.22,7805.7300000000005,7802.500000000001,7803.9800000000005,792
2026-08-14T13:30:00+00:00,7803.9800000000005,7804.400000000001,7798.02,7801.01,3427
2026-08-14T13:35:00+00:00,7801.01,7801.780000000001,7796.26,7799.26,2412
2026-08-14T13:40:00+00:00,7799.26,7803.780000000001,7797.51,7803.02,2121
2026-08-14T13:45:00+00:00,7803.02,7805.02,7798.02,7798.530000000001,1994
2026-08-14T13:50:00+00:00,7798.530000000001,7805.030000000001,7797.030000000001,7803.76,2104
2026-08-14T13:55:00+00:00,7803.76,7804.030000000001,7800.01,7802.27,2130
2026-08-14T14:00:00+00:00,7802.27,7805.030000000001,7801.13,7804.77,2329
2026-08-14T14:05:00+00:00,7804.77,7807.27,7804.01,7804.51,1615
2026-08-14T14:10:00+00:00,7804.51,7806.030000000001,7802.01,7802.02,1824
2026-08-14T14:15:00+00:00,7802.02,7802.530000000001,7797.01,7797.26,2021
2026-08-14T14:20:00+00:00,7797.26,7798.280000000001,7793.030000000001,7794.530000000001,2231
2026-08-14T14:25:00+00:00,7794.530000000001,7795.280000000001,7790.52,7793.27,2049
2026-08-14T14:30:00+00:00,7793.27,7794.02,7787.26,7787.780000000001,2203
2026-08-14T14:35:00+00:00,7787.780000000001,7793.530000000001,7787.52,7793.030000000001,1614
2026-08-14T14:40:00+00:00,7793.030000000001,7793.030000000001,7789.26,7790.26,1226
2026-08-14T14:45:00+00:00,7790.26,7793.27,7789.51,7791.51,1259
2026-08-14T14:50:00+00:00,7791.51,7793.280000000001,7788.76,7789.030000000001,943
2026-08-14T14:55:00+00:00,7789.030000000001,7790.280000000001,7786.27,7786.27,1061
2026-08-14T15:00:00+00:00,7786.27,7790.27,7786.01,7788.530000000001,1171
2026-08-14T15:05:00+00:00,7788.530000000001,7789.77,7784.76,7785.76,1180
2026-08-14T15:10:00+00:00,7785.76,7787.030000000001,7783.27,7783.52,1284
2026-08-14T15:15:00+00:00,7783.52,7786.030000000001,7783.27,7784.89,1082
2026-08-14T15:20:00+00:00,7784.89,7785.280000000001,7779.01,7779.26,1395
2026-08-14T15:25:00+00:00,7779.26,7781.780000000001,7777.76,7781.780000000001,1457
2026-08-14T15:30:00+00:00,7781.780000000001,7783.02,7779.01,7780.780000000001,1323
2026-08-14T15:35:00+00:00,7780.780000000001,7783.51,7779.530000000001,7779.88,1321
2026-08-14T15:40:00+00:00,7779.88,7780.13,7777.27,7779.280000000001,1093
2026-08-14T15:45:00+00:00,7779.280000000001,7782.280000000001,7777.26,7777.52,1031
2026-08-14T15:50:00+00:00,7777.52,7780.77,7776.780000000001,7780.02,987
2026-08-14T15:55:00+00:00,7780.02,7782.27,7779.01,7781.01,644
2026-08-14T16:00:00+00:00,7781.01,7784.530000000001,7781.01,7783.01,828
2026-08-14T16:05:00+00:00,7783.01,7783.780000000001,7779.63,7781.030000000001,797
2026-08-14T16:10:00+00:00,7781.030000000001,7784.030000000001,7780.51,7784.030000000001,775
2026-08-14T16:15:00+00:00,7784.030000000001,7786.030000000001,7784.01,7784.52,749
2026-08-14T16:20:00+00:00,7784.52,7785.780000000001,7783.27,7785.26,394
2026-08-14T16:25:00+00:00,7785.26,7786.77,7784.77,7785.530000000001,421
2026-08-14T16:30:00+00:00,7785.530000000001,7786.030000000001,7781.530000000001,7782.530000000001,795
2026-08-14T16:35:00+00:00,7782.530000000001,7785.030000000001,7782.01,7783.51,643
2026-08-14T16:40:00+00:00,7783.51,7783.52,7780.01,7780.01,765
2026-08-14T16:45:00+00:00,7780.01,7780.780000000001,7778.76,7780.02,636
2026-08-14T16:50:00+00:00,7780.02,7780.02,7777.01,7778.030000000001,635
2026-08-14T16:55:00+00:00,7778.030000000001,7778.780000000001,7775.26,7775.780000000001,621
2026-08-14T17:00:00+00:00,7775.780000000001,7777.52,7775.01,7776.76,749
2026-08-14T17:05:00+00:00,7776.76,7778.530000000001,7776.76,7777.76,656
2026-08-14T17:10:00+00:00,7777.76,7780.02,7777.02,7779.27,711
2026-08-14T17:15:00+00:00,7779.27,7779.780000000001,7776.76,7778.530000000001,544
2026-08-14T17:20:00+00:00,7778.530000000001,7780.280000000001,7776.64,7777.26,583
2026-08-14T17:25:00+00:00,7777.26,7777.280000000001,7775.51,7776.530000000001,677
2026-08-14T17:30:00+00:00,7776.530000000001,7778.530000000001,7776.27,7777.030000000001,545
2026-08-14T17:35:00+00:00,7777.030000000001,7777.030000000001,7773.26,7774.26,613
2026-08-14T17:40:00+00:00,7774.26,7775.51,7773.51,7774.77,458
2026-08-14T17:45:00+00:00,7774.77,7776.030000000001,7774.26,7775.01,545
2026-08-14T17:50:00+00:00,7775.01,7776.780000000001,7773.52,7776.52,377
2026-08-14T17:55:00+00:00,7776.52,7778.030000000001,7775.51,7777.26,421
2026-08-14T18:00:00+00:00,7777.26,7780.01,7776.27,7779.280000000001,586
2026-08-14T18:05:00+00:00,7779.280000000001,7780.780000000001,7778.51,7780.52,509
2026-08-14T18:10:00+00:00,7780.52,7782.030000000001,7779.88,7780.76,470
2026-08-14T18:15:00+00:00,7780.76,7782.530000000001,7780.51,7781.280000000001,376
2026-08-14T18:20:00+00:00,7781.280000000001,7782.280000000001,7780.01,7781.01,308
2026-08-14T18:25:00+00:00,7781.01,7782.02,7778.26,7778.530000000001,440
2026-08-14T18:30:00+00:00,7778.530000000001,7780.280000000001,7777.51,7778.02,480
2026-08-14T18:35:00+00:00,7778.02,7779.280000000001,7777.51,7779.01,421
2026-08-14T18:40:00+00:00,7779.01,7781.76,7778.76,7781.280000000001,422
2026-08-14T18:45:00+00:00,7781.280000000001,7781.77,7779.52,7781.77,344
2026-08-14T18:50:00+00:00,7781.77,7784.030000000001,7781.77,7782.77,581
2026-08-14T18:55:00+00:00,7782.77,7782.77,7780.51,7781.02,372
2026-08-14T19:00:00+00:00,7781.02,7781.27,7778.26,7779.030000000001,618
2026-08-14T19:05:00+00:00,7779.030000000001,7781.01,7778.51,7780.76,347
2026-08-14T19:10:00+00:00,7780.76,7781.030000000001,7779.52,7779.76,388
2026-08-14T19:15:00+00:00,7779.76,7780.530000000001,7778.01,7779.26,370
2026-08-14T19:20:00+00:00,7779.26,7780.530000000001,7778.01,7780.52,373
2026-08-14T19:25:00+00:00,7780.52,7782.52,7780.51,7780.780000000001,480
2026-08-14T19:30:00+00:00,7780.780000000001,7782.280000000001,7780.27,7781.76,490
2026-08-14T19:35:00+00:00,7781.76,7782.280000000001,7779.26,7780.77,393
2026-08-14T19:40:00+00:00,7780.77,7782.280000000001,7780.280000000001,7780.76,398
2026-08-14T19:45:00+00:00,7780.76,7781.280000000001,7779.01,7781.01,590
2026-08-14T19:50:00+00:00,7781.01,7783.030000000001,7780.26,7781.02,1330
2026-08-14T19:55:00+00:00,7781.02,7783.030000000001,7778.26,7782.02,1542
2026-08-14T20:00:00+00:00,7782.02,7782.2300000000005,7778.72,7779.2300000000005,711
2026-08-14T20:05:00+00:00,7779.2300000000005,7779.2300000000005,7776.710000000001,7777.460000000001,339
2026-08-14T20:10:00+00:00,7777.460000000001,7778.97,7776.97,7777.47,166
2026-08-14T20:15:00+00:00,7777.47,7778.2300000000005,7776.52,7777.02,143
2026-08-14T20:20:00+00:00,7777.02,7777.28,7776.77,7777.02,28
2026-08-14T20:25:00+00:00,7777.02,7777.39,7776.77,7777.27,55
2026-08-14T20:30:00+00:00,7777.27,7779.54,7776.78,7779.54,85
2026-08-14T20:35:00+00:00,7779.54,7779.79,7779.02,7779.28,83
2026-08-14T20:40:00+00:00,7779.28,7779.54,7779.03,7779.28,44
2026-08-16T22:00:00+00:00,7779.28,7787.09,7779.28,7786.85,975
2026-08-16T22:05:00+00:00,7786.85,7788.35,7786.59,7788.35,318
2026-08-16T22:10:00+00:00,7788.35,7789.6,7788.09,7789.35,142
2026-08-16T22:15:00+00:00,7789.35,7789.6,7788.7,7789.09,107
2026-08-16T22:20:00+00:00,7789.09,7789.6,7788.34,7788.85,113
2026-08-16T22:25:00+00:00,7788.85,7789.1,7788.34,7788.6,49
2026-08-16T22:30:00+00:00,7788.6,7788.85,7787.34,7788.08,130
2026-08-16T22:35:00+00:00,7788.08,7788.1,7787.35,7788.08,53
2026-08-16T22:40:00+00:00,7788.08,7788.35,7788.08,7788.08,28
2026-08-16T22:45:00+00:00,7788.08,7789.35,7787.71,7789.1,92.34364640883979
2026-08-16T22:50:00+00:00,7789.1,7789.6,7789.09,7789.33,70
2026-08-16T22:55:00+00:00,7789.33,7789.34,7788.35,7789.09,59
2026-08-16T23:00:00+00:00,7789.09,7789.09,7788.08,7788.58,95
2026-08-16T23:05:00+00:00,7788.58,7788.83,7788.57,7788.57,25.659634317862167
2026-08-16T23:10:00+00:00,7788.57,7788.83,7787.84,7788.1,55
2026-08-16T23:15:00+00:00,7788.1,7788.1,7787.6,7787.85,29.167674998275288
2026-08-16T23:20:00+00:00,7787.85,7788.85,7787.7,7788.83,85
2026-08-16T23:25:00+00:00,7788.83,7788.83,7788.21,7788.33,23
2026-08-16T23:30:00+00:00,7788.33,7788.47,7787.6,7787.6,65
2026-08-16T23:35:00+00:00,7787.6,7789.09,7787.6,7789.08,58
2026-08-16T23:40:00+00:00,7789.08,7789.84,7788.83,7789.84,47
2026-08-16T23:45:00+00:00,7789.84,7791.33,7789.58,7791.09,190
2026-08-16T23:50:00+00:00,7791.09,7791.85,7791.08,7791.08,202
2026-08-16T23:55:00+00:00,7791.08,7791.35,7790.83,7791.1,99
2026-08-17T00:00:00+00:00,7791.1,7792.59,7790.58,7791.33,854
2026-08-17T00:05:00+00:00,7791.33,7792.08,7790.34,7790.35,402
2026-08-17T00:10:00+00:00,7790.35,7791.59,7790.33,7791.33,222
2026-08-17T00:15:00+00:00,7791.33,7791.35,7787.35,7787.58,258
2026-08-17T00:20:00+00:00,7787.58,7788.09,7787.1,7787.85,220
2026-08-17T00:25:00+00:00,7787.85,7788.84,7787.59,7788.09,163
2026-08-17T00:30:00+00:00,7788.09,7788.1,7786.84,7787.1,173
2026-08-17T00:35:00+00:00,7787.1,7787.58,7786.83,7787.1,140
2026-08-17T00:40:00+00:00,7787.1,7788.71,7787.08,7787.83,142
2026-08-17T00:45:00+00:00,7787.83,7788.6,7787.59,7788.35,131
2026-08-17T00:50:00+00:00,7788.35,7788.6,7788.08,7788.59,114
2026-08-17T00:55:00+00:00,7788.59,7789.59,7788.33,7789.59,156
2026-08-17T01:00:00+00:00,7789.59,7791.1,7789.33,7791.1,435
2026-08-17T01:05:00+00:00,7791.1,7791.34,7790.33,7790.34,235
2026-08-17T01:10:00+00:00,7790.34,7790.35,7789.33,7789.33,211
2026-08-17T01:15:00+00:00,7789.33,7791.1,7789.08,7790.83,217
2026-08-17T01:20:00+00:00,7790.83,7792.1,7790.83,7791.33,192
2026-08-17T01:25:00+00:00,7791.33,7792.1,7791.33,7791.85,137
2026-08-17T01:30:00+00:00,7791.85,7791.96,7788.33,7788.84,193
2026-08-17T01:35:00+00:00,7788.84,7790.09,7788.47,7790.08,290
2026-08-17T01:40:00+00:00,7790.08,7790.1,7787.33,7788.21,367
2026-08-17T01:45:00+00:00,7788.21,7788.22,7787.2,7787.59,170
2026-08-17T01:50:00+00:00,7787.59,7787.59,7785.83,7786.2,283
2026-08-17T01:55:00+00:00,7786.2,7786.6,7786.08,7786.33,125
2026-08-17T02:00:00+00:00,7786.33,7786.6,7785.33,7785.59,87
2026-08-17T02:05:00+00:00,7785.59,7786.1,7785.08,7786.1,138
2026-08-17T02:10:00+00:00,7786.1,7786.35,7785.33,7786.35,149
2026-08-17T02:15:00+00:00,7786.35,7787.09,7786.08,7786.85,70
2026-08-17T02:20:00+00:00,7786.85,7788.83,7786.58,7788.33,201
2026-08-17T02:25:00+00:00,7788.33,7788.35,7787.84,7788.09,118
2026-08-17T02:30:00+00:00,7788.09,7788.35,7787.33,7787.58,239
2026-08-17T02:35:00+00:00,7787.58,7787.85,7787.08,7787.6,93
2026-08-17T02:40:00+00:00,7787.6,7788.34,7787.35,7787.83,76
2026-08-17T02:45:00+00:00,7787.83,7788.35,7787.83,7788.35,123
2026-08-17T02:50:00+00:00,7788.35,7788.6,7787.59,7787.83,125
2026-08-17T02:55:00+00:00,7787.83,7788.09,7787.33,7787.33,68
2026-08-17T03:00:00+00:00,7787.33,7787.85,7787.33,7787.59,136
2026-08-17T03:05:00+00:00,7787.59,7788.33,7787.33,7788.09,69
2026-08-17T03:10:00+00:00,7788.09,7788.34,7786.84,7787.33,81.3069036226931
2026-08-17T03:15:00+00:00,7787.33,7788.6,7787.2,7788.33,111
2026-08-17T03:20:00+00:00,7788.33,7788.6,7788.33,7788.58,26
2026-08-17T03:25:00+00:00,7788.58,7788.85,7788.58,7788.85,65
2026-08-17T03:30:00+00:00,7788.85,7788.85,7787.85,7788.84,169
2026-08-17T03:35:00+00:00,7788.84,7789.35,7788.84,7789.33,118
2026-08-17T03:40:00+00:00,7789.33,7789.85,7789.33,7789.85,97
2026-08-17T03:45:00+00:00,7789.85,7790.58,7789.85,7790.58,112
2026-08-17T03:50:00+00:00,7790.58,7790.84,7790.09,7790.83,74
2026-08-17T03:55:00+00:00,7790.83,7791.35,7790.59,7791.35,148
2026-08-17T04:00:00+00:00,7791.35,7791.85,7791.33,7791.59,233
2026-08-17T04:05:00+00:00,7791.59,7792.1,7791.33,7791.6,94
2026-08-17T04:10:00+00:00,7791.6,7792.1,7791.59,7791.85,40
2026-08-17T04:15:00+00:00,7791.85,7791.85,7791.08,7791.58,51
2026-08-17T04:20:00+00:00,7791.58,7792.09,7791.34,7791.58,105
2026-08-17T04:25:00+00:00,7791.58,7791.84,7791.09,7791.09,69
2026-08-17T04:30:00+00:00,7791.09,7791.09,7790.33,7790.84,70
2026-08-17T04:35:00+00:00,7790.84,7791.1,7790.58,7791.09,60
2026-08-17T04:40:00+00:00,7791.09,7792.1,7791.09,7791.84,53
2026-08-17T04:45:00+00:00,7791.84,7792.1,7791.33,7791.35,72
2026-08-17T04:50:00+00:00,7791.35,7791.6,7790.83,7790.85,160
2026-08-17T04:55:00+00:00,7790.85,7791.35,7790.83,7791.1,73
2026-08-17T05:00:00+00:00,7791.1,7792.35,7790.83,7791.83,98
2026-08-17T05:05:00+00:00,7791.83,7792.6,7791.59,7792.46,202
2026-08-17T05:10:00+00:00,7792.46,7792.6,7792.08,7792.34,149
2026-08-17T05:15:00+00:00,7792.34,7792.59,7792.09,7792.1,98
2026-08-17T05:20:00+00:00,7792.1,7792.1,7791.35,7791.35,25
2026-08-17T05:25:00+00:00,7791.35,7792.35,7790.85,7792.35,98
2026-08-17T05:30:00+00:00,7792.35,7794.2,7792.35,7794.08,234
2026-08-17T05:35:00+00:00,7794.08,7794.35,7793.22,7794.35,129
2026-08-17T05:40:00+00:00,7794.35,7794.85,7794.08,7794.85,173
2026-08-17T05:45:00+00:00,7794.85,7796.1,7794.58,7796.1,127
2026-08-17T05:50:00+00:00,7796.1,7796.1,7795.35,7795.35,77
2026-08-17T05:55:00+00:00,7795.35,7796.1,7795.34,7796.09,59
2026-08-17T06:00:00+00:00,7796.09,7797.6,7795.6,7797.58,261
2026-08-17T06:05:00+00:00,7797.58,7797.85,7797.08,7797.35,198
2026-08-17T06:10:00+00:00,7797.35,7797.59,7796.83,7797.09,91
2026-08-17T06:15:00+00:00,7797.09,7797.09,7795.33,7795.6,133
2026-08-17T06:20:00+00:00,7795.6,7796.58,7795.33,7796.34,76
2026-08-17T06:25:00+00:00,7796.34,7797.59,7796.33,7797.34,80
2026-08-17T06:30:00+00:00,7797.34,7797.84,7796.58,7797.6,142
2026-08-17T06:35:00+00:00,7797.6,7798.6,7797.6,7798.33,148
2026-08-17T06:40:00+00:00,7798.33,7798.59,7797.35,7797.35,48
2026-08-17T06:45:00+00:00,7797.35,7798.6,7796.84,7798.58,93
2026-08-17T06:50:00+00:00,7798.58,7798.6,7797.83,7798.1,87
2026-08-17T06:55:00+00:00,7798.1,7798.85,7797.83,7798.6,125
2026-08-17T07:00:00+00:00,7798.6,7799.85,7797.58,7798.46,573
2026-08-17T07:05:00+00:00,7798.46,7798.83,7797.85,7798.2,283
2026-08-17T07:10:00+00:00,7798.2,7798.35,7794.33,7794.33,242
2026-08-17T07:15:00+00:00,7794.33,7794.6,7792.84,7793.59,426
2026-08-17T07:20:00+00:00,7793.59,7794.1,7792.83,7793.09,269
2026-08-17T07:25:00+00:00,7793.09,7795.84,7792.09,7795.84,233
2026-08-17T07:30:00+00:00,7795.84,7795.84,7794.58,7795.59,423
2026-08-17T07:35:00+00:00,7795.59,7797.85,7795.59,7797.33,335
2026-08-17T07:40:00+00:00,7797.33,7798.09,7797.33,7797.85,143
2026-08-17T07:45:00+00:00,7797.85,7798.6,7797.58,7798.33,192
2026-08-17T07:50:00+00:00,7798.33,7798.84,7796.85,7797.1,256
2026-08-17T07:55:00+00:00,7797.1,7797.85,7796.95,7797.83,190
2026-08-17T08:00:00+00:00,7797.83,7798.1,7795.58,7795.59,456
2026-08-17T08:05:00+00:00,7795.59,7796.1,7794.58,7795.59,328
2026-08-17T08:10:00+00:00,7795.59,7795.85,7794.08,7794.47,385
2026-08-17T08:15:00+00:00,7794.47,7795.1,7793.6,7793.85,312
2026-08-17T08:20:00+00:00,7793.85,7795.1,7793.58,7794.84,297
2026-08-17T08:25:00+00:00,7794.84,7795.35,7794.33,7795.1,250
2026-08-17T08:30:00+00:00,7795.1,7795.6,7794.7,7794.84,222
2026-08-17T08:35:00+00:00,7794.84,7795.47,7794.7,7795.35,194
2026-08-17T08:40:00+00:00,7795.35,7795.35,7792.84,7793.08,127
2026-08-17T08:45:00+00:00,7793.08,7794.08,7792.83,7793.22,173
2026-08-17T08:50:00+00:00,7793.22,7793.85,7792.34,7793.59,255
2026-08-17T08:55:00+00:00,7793.59,7795.1,7793.34,7794.84,204
2026-08-17T09:00:00+00:00,7794.84,7795.6,7794.33,7795.34,216
2026-08-17T09:05:00+00:00,7795.34,7796.35,7794.83,7796.35,223
2026-08-17T09:10:00+00:00,7796.35,7796.6,7795.46,7796.35,185
2026-08-17T09:15:00+00:00,7796.35,7796.35,7795.09,7795.6,195
2026-08-17T09:20:00+00:00,7795.6,7795.83,7795.08,7795.34,142
2026-08-17T09:25:00+00:00,7795.34,7795.6,7793.83,7794.09,223
2026-08-17T09:30:00+00:00,7794.09,7794.59,7792.83,7793.08,212
2026-08-17T09:35:00+00:00,7793.08,7794.35,7793.08,7793.34,190
2026-08-17T09:40:00+00:00,7793.34,7794.33,7793.33,7794.33,115
2026-08-17T09:45:00+00:00,7794.33,7795.7,7793.95,7794.58,170
2026-08-17T09:50:00+00:00,7794.58,7795.1,7793.46,7794.1,303
2026-08-17T09:55:00+00:00,7794.1,7794.35,7793.08,7793.58,142
2026-08-17T10:00:00+00:00,7793.58,7794.35,7793.58,7793.83,119
2026-08-17T10:05:00+00:00,7793.83,7794.59,7793.58,7793.59,135
2026-08-17T10:10:00+00:00,7793.59,7795.34,7793.47,7795.34,231
2026-08-17T10:15:00+00:00,7795.34,7796.45,7794.58,7795.08,364
2026-08-17T10:20:00+00:00,7795.08,7795.35,7793.08,7793.08,252
2026-08-17T10:25:00+00:00,7793.08,7803.35,7791.58,7802.7,1034
2026-08-17T10:30:00+00:00,7802.7,7803.08,7794.34,7794.58,2473
2026-08-17T10:35:00+00:00,7794.58,7795.6,7793.95,7795.34,566
2026-08-17T10:40:00+00:00,7795.34,7796.22,7795.09,7795.84,340
2026-08-17T10:45:00+00:00,7795.84,7796.1,7794.95,7795.09,144
2026-08-17T10:50:00+00:00,7795.09,7795.83,7794.83,7795.33,212
2026-08-17T10:55:00+00:00,7795.33,7795.59,7794.59,7795.09,261
2026-08-17T11:00:00+00:00,7795.09,7795.59,7793.83,7795.33,378
2026-08-17T11:05:00+00:00,7795.33,7797.1,7795.08,7796.35,325
2026-08-17T11:10:00+00:00,7796.35,7796.35,7794.33,7794.71,306
2026-08-17T11:15:00+00:00,7794.71,7794.71,7792.08,7792.08,206
2026-08-17T11:20:00+00:00,7792.08,7794.59,7792.08,7794.59,288
2026-08-17T11:25:00+00:00,7794.59,7794.84,7793.33,7794.09,183
2026-08-17T11:30:00+00:00,7794.09,7795.85,7793.58,7794.83,266
2026-08-17T11:35:00+00:00,7794.83,7795.09,7794.08,7794.6,228
2026-08-17T11:40:00+00:00,7794.6,7794.85,7793.58,7794.33,307
2026-08-17T11:45:00+00:00,7794.33,7794.6,7793.59,7793.84,167
2026-08-17T11:50:00+00:00,7793.84,7793.84,7791.85,7792.6,263
2026-08-17T11:55:00+00:00,7792.6,7792.85,7792.08,7792.09,195
2026-08-17T12:00:00+00:00,7792.09,7792.35,7788.58,7788.58,481
2026-08-17T12:05:00+00:00,7788.58,7791.84,7788.34,7791.84,446
2026-08-17T12:10:00+00:00,7791.84,7792.85,7791.59,7792.35,381
2026-08-17T12:15:00+00:00,7792.35,7792.84,7791.58,7792.35,277
2026-08-17T12:20:00+00:00,7792.35,7793.47,7791.83,7792.08,251
2026-08-17T12:25:00+00:00,7792.08,7793.1,7784.58,7786.71,1982
2026-08-17T12:30:00+00:00,7786.71,7788.6,7784.83,7786.34,1179
2026-08-17T12:35:00+00:00,7786.34,7786.6,7782.34,7782.35,646
2026-08-17T12:40:00+00:00,7782.35,7784.58,7781.46,7782.84,582
2026-08-17T12:45:00+00:00,7782.84,7783.08,7780.09,7781.08,467
2026-08-17T12:50:00+00:00,7781.08,7782.6,7780.83,7781.59,369
2026-08-17T12:55:00+00:00,7781.59,7783.59,7780.59,7782.33,339
2026-08-17T13:00:00+00:00,7782.33,7783.6,7782.08,7782.59,555
2026-08-17T13:05:00+00:00,7782.59,7785.1,7782.59,7784.83,339
2026-08-17T13:10:00+00:00,7784.83,7785.1,7783.83,7784.6,283
2026-08-17T13:15:00+00:00,7784.6,7786.1,7784.1,7784.83,286
2026-08-17T13:20:00+00:00,7784.83,7785.1,7783.83,7784.09,299
2026-08-17T13:25:00+00:00,7784.09,7786.6,7781.6,7781.6,725
2026-08-17T13:30:00+00:00,7781.6,7788.15,7775.13,7775.38,4396
2026-08-17T13:35:00+00:00,7775.38,7778.9,7773.63,7774.65,3110
2026-08-17T13:40:00+00:00,7774.65,7778.65,7773.65,7775.88,2949
2026-08-17T13:45:00+00:00,7775.88,7780.65,7772.13,7779.89,2434
2026-08-17T13:50:00+00:00,7779.89,7780.38,7775.9,7778.65,1846
2026-08-17T13:55:00+00:00,7778.65,7778.65,7771.89,7773.15,1853
2026-08-17T14:00:00+00:00,7773.15,7775.39,7770.38,7774.38,2594
2026-08-17T14:05:00+00:00,7774.38,7775.15,7771.14,7774.38,1755
2026-08-17T14:10:00+00:00,7774.38,7777.64,7773.88,7776.63,1433
2026-08-17T14:15:00+00:00,7776.63,7776.63,7772.63,7773.64,1572
2026-08-17T14:20:00+00:00,7773.64,7773.9,7770.4,7772.65,1271
2026-08-17T14:25:00+00:00,7772.65,7774.52,7770.38,7774.38,1410
2026-08-17T14:30:00+00:00,7774.38,7775.9,7773.63,7775.9,1049
2026-08-17T14:35:00+00:00,7775.9,7775.9,7769.39,7770.64,1102
2026-08-17T14:40:00+00:00,7770.64,7773.38,7770.5,7771.38,899
2026-08-17T14:45:00+00:00,7771.38,7773.65,7771.38,7772.89,780
2026-08-17T14:50:00+00:00,7772.89,7774.9,7769.13,7769.65,892
2026-08-17T14:55:00+00:00,7769.65,7772.65,7768.88,7772.65,655
2026-08-17T15:00:00+00:00,7772.65,7775.9,7771.39,7775.15,929
2026-08-17T15:05:00+00:00,7775.15,7775.9,7773.13,7773.64,939
2026-08-17T15:10:00+00:00,7773.64,7775.65,7773.38,7773.38,630
2026-08-17T15:15:00+00:00,7773.38,7777.65,7773.14,7777.14,736
2026-08-17T15:20:00+00:00,7777.14,7778.65,7776.13,7776.88,881
2026-08-17T15:25:00+00:00,7776.88,7777.89,7775.63,7777.4,593
2026-08-17T15:30:00+00:00,7777.4,7778.15,7772.13,7772.39,858
2026-08-17T15:35:00+00:00,7772.39,7773.15,7769.64,7770.14,830
2026-08-17T15:40:00+00:00,7770.14,7770.89,7767.27,7770.89,1218
2026-08-17T15:45:00+00:00,7770.89,7772.15,7770.13,7770.89,730
2026-08-17T15:50:00+00:00,7770.89,7773.89,7770.13,7773.14,594
2026-08-17T15:55:00+00:00,7773.14,7774.27,7772.63,7772.9,446
2026-08-17T16:00:00+00:00,7772.9,7773.65,7771.38,7772.14,548
2026-08-17T16:05:00+00:00,7772.14,7773.14,7770.63,7771.14,729
2026-08-17T16:10:00+00:00,7771.14,7774.65,7771.14,7773.88,544
2026-08-17T16:15:00+00:00,7773.88,7775.9,7773.88,7774.88,529
2026-08-17T16:20:00+00:00,7774.88,7776.15,7773.88,7774.13,426
2026-08-17T16:25:00+00:00,7774.13,7774.26,7772.13,7772.88,395
2026-08-17T16:30:00+00:00,7772.88,7774.01,7770.88,7771.14,605
2026-08-17T16:35:00+00:00,7771.14,7772.9,7770.89,7772.9,416
2026-08-17T16:40:00+00:00,7772.9,7772.9,7769.38,7769.63,442
2026-08-17T16:45:00+00:00,7769.63,7770.65,7768.63,7770.13,556
2026-08-17T16:50:00+00:00,7770.13,7770.4,7766.4,7768.63,420
2026-08-17T16:55:00+00:00,7768.63,7768.9,7766.13,7766.65,486
2026-08-17T17:00:00+00:00,7766.65,7767.65,7765.63,7766.65,640
2026-08-17T17:05:00+00:00,7766.65,7766.65,7765.13,7765.65,715
2026-08-17T17:10:00+00:00,7765.65,7766.4,7762.9,7762.9,772
2026-08-17T17:15:00+00:00,7762.9,7764.4,7760.89,7762.38,1140
2026-08-17T17:20:00+00:00,7762.38,7763.39,7756.63,7757.39,1329
2026-08-17T17:25:00+00:00,7757.39,7757.77,7754.63,7755.65,1338
2026-08-17T17:30:00+00:00,7755.65,7758.38,7753.89,7754.13,1227
2026-08-17T17:35:00+00:00,7754.13,7755.01,7751.13,7751.13,1086
2026-08-17T17:40:00+00:00,7751.13,7758.13,7750.88,7757.39,1013
2026-08-17T17:45:00+00:00,7757.39,7758.39,7754.63,7754.89,783
2026-08-17T17:50:00+00:00,7754.89,7756.15,7753.63,7755.15,603
2026-08-17T17:55:00+00:00,7755.15,7755.39,7752.88,7753.88,686
2026-08-17T18:00:00+00:00,7753.88,7755.4,7752.38,7754.15,1111
2026-08-17T18:05:00+00:00,7754.15,7756.15,7752.63,7753.77,949
2026-08-17T18:10:00+00:00,7753.77,7757.15,7753.13,7756.65,919
2026-08-17T18:15:00+00:00,7756.65,7757.65,7754.89,7755.39,983
2026-08-17T18:20:00+00:00,7755.39,7757.15,7753.63,7756.89,707
2026-08-17T18:25:00+00:00,7756.89,7757.65,7753.88,7755.4,729
2026-08-17T18:30:00+00:00,7755.4,7755.9,7752.13,7752.15,884
2026-08-17T18:35:00+00:00,7752.15,7754.4,7752.15,7754.15,567
2026-08-17T18:40:00+00:00,7754.15,7756.4,7753.64,7755.39,524
2026-08-17T18:45:00+00:00,7755.39,7757.15,7755.13,7756.63,468
2026-08-17T18:50:00+00:00,7756.63,7757.65,7754.9,7755.38,399
2026-08-17T18:55:00+00:00,7755.38,7755.64,7754.39,7754.9,390
2026-08-17T19:00:00+00:00,7754.9,7755.4,7752.63,7752.63,509
2026-08-17T19:05:00+00:00,7752.63,7753.65,7751.88,7752.4,544
2026-08-17T19:10:00+00:00,7752.4,7753.65,7750.89,7751.4,608
2026-08-17T19:15:00+00:00,7751.4,7754.4,7751.14,7753.4,625
2026-08-17T19:20:00+00:00,7753.4,7754.14,7752.14,7752.14,371
2026-08-17T19:25:00+00:00,7752.14,7753.65,7750.88,7750.9,435
2026-08-17T19:30:00+00:00,7750.9,7751.15,7746.9,7749.39,1206
2026-08-17T19:35:00+00:00,7749.39,7750.88,7748.38,7749.88,685
2026-08-17T19:40:00+00:00,7749.88,7750.4,7747.88,7749.39,654
2026-08-17T19:45:00+00:00,7749.39,7752.88,7749.25,7752.63,1065
2026-08-17T19:50:00+00:00,7752.63,7752.9,7745.9,7747.4,1746
2026-08-17T19:55:00+00:00,7747.4,7749.75,7745.13,7747.38,2562
2026-08-17T20:00:00+00:00,7747.38,7748.09,7745.08,7745.34,1059
2026-08-17T20:05:00+00:00,7745.34,7746.6,7744.08,7746.1,326
2026-08-17T20:10:00+00:00,7746.1,7746.6,7745.59,7745.83,155
2026-08-17T20:15:00+00:00,7745.83,7746.09,7743.58,7746.09,216
2026-08-17T20:20:00+00:00,7746.09,7746.1,7745.33,7745.33,82
2026-08-17T20:25:00+00:00,7745.33,7745.35,7744.1,7744.35,197
2026-08-17T20:30:00+00:00,7744.35,7744.59,7743.83,7744.34,124
2026-08-17T20:35:00+00:00,7744.34,7744.35,7743.08,7743.34,190
2026-08-17T20:40:00+00:00,7743.34,7744.6,7743.33,7743.33,217
2026-08-17T20:45:00+00:00,7743.33,7743.33,7742.22,7742.83,176
2026-08-17T20:50:00+00:00,7742.83,7744.84,7742.34,7744.71,107
2026-08-17T20:55:00+00:00,7744.71,7745.08,7743.33,7744.2,346
2026-08-17T22:00:00+00:00,7744.2,7748.07,7744.2,7746.95,511
2026-08-17T22:05:00+00:00,7746.95,7747.45,7745.68,7747.43,308
2026-08-17T22:10:00+00:00,7747.43,7747.44,7745.31,7745.45,213
2026-08-17T22:15:00+00:00,7745.45,7745.81,7742.18,7744.45,351
2026-08-17T22:20:00+00:00,7744.45,7744.95,7743.2,7744.68,218
2026-08-17T22:25:00+00:00,7744.68,7745.19,7744.19,7744.68,164
2026-08-17T22:30:00+00:00,7744.68,7744.95,7743.8,7744.2,161
2026-08-17T22:35:00+00:00,7744.2,7744.45,7743.69,7744.07,117
2026-08-17T22:40:00+00:00,7744.07,7744.7,7743.93,7744.3,101
2026-08-17T22:45:00+00:00,7744.3,7744.95,7744.19,7744.69,93
2026-08-17T22:50:00+00:00,7744.69,7745.44,7744.18,7745.44,105
2026-08-17T22:55:00+00:00,7745.44,7745.69,7744.93,7744.95,120
2026-08-17T23:00:00+00:00,7744.95,7744.95,7742.94,7743.69,132
2026-08-17T23:05:00+00:00,7743.69,7745.2,7743.69,7744.95,88
2026-08-17T23:10:00+00:00,7744.95,7745.45,7744.69,7744.69,47
2026-08-17T23:15:00+00:00,7744.69,7744.94,7743.18,7744.43,97.81342281879195
2026-08-17T23:20:00+00:00,7744.43,7744.45,7743.68,7743.93,65
2026-08-17T23:25:00+00:00,7743.93,7744.95,7743.69,7744.95,105
2026-08-17T23:30:00+00:00,7744.95,7747.2,7744.7,7746.93,208
2026-08-17T23:35:00+00:00,7746.93,7747.57,7746.45,7747.44,114
2026-08-17T23:40:00+00:00,7747.44,7747.45,7746.57,7746.95,99
2026-08-17T23:45:00+00:00,7746.95,7747.32,7744.19,7745.19,507
2026-08-17T23:50:00+00:00,7745.19,7747.45,7744.93,7747.3,270
2026-08-17T23:55:00+00:00,7747.3,7747.95,7746.93,7747.7,217
2026-08-18T00:00:00+00:00,7747.7,7749.2,7746.45,7748.94,687
2026-08-18T00:05:00+00:00,7748.94,7748.95,7747.93,7748.44,537
2026-08-18T00:10:00+00:00,7748.44,7749.2,7747.68,7749.05,587
2026-08-18T00:15:00+00:00,7749.05,7749.95,7747.68,7749.69,349
2026-08-18T00:20:00+00:00,7749.69,7749.95,7748.43,7748.7,191
2026-08-18T00:25:00+00:00,7748.7,7748.95,7746.94,7747.2,160
2026-08-18T00:30:00+00:00,7747.2,7747.68,7746.43,7747.68,174
2026-08-18T00:35:00+00:00,7747.68,7747.95,7747.18,7747.19,131
2026-08-18T00:40:00+00:00,7747.19,7747.2,7745.94,7747.19,173
2026-08-18T00:45:00+00:00,7747.19,7747.2,7746.68,7747.18,210
2026-08-18T00:50:00+00:00,7747.18,7748.7,7746.2,7746.2,220
2026-08-18T00:55:00+00:00,7746.2,7746.95,7745.93,7746.43,142
2026-08-18T01:00:00+00:00,7746.43,7747.44,7745.68,7745.7,230
2026-08-18T01:05:00+00:00,7745.7,7746.44,7744.93,7745.43,166
2026-08-18T01:10:00+00:00,7745.43,7746.95,7745.43,7746.95,197
2026-08-18T01:15:00+00:00,7746.95,7746.95,7745.68,7745.94,184
2026-08-18T01:20:00+00:00,7745.94,7747.7,7745.44,7747.7,166
2026-08-18T01:25:00+00:00,7747.7,7747.7,7745.19,7745.45,301
2026-08-18T01:30:00+00:00,7745.45,7745.45,7744.68,7744.93,297
2026-08-18T01:35:00+00:00,7744.93,7746.45,7744.68,7744.68,235
2026-08-18T01:40:00+00:00,7744.68,7744.69,7741.43,7741.95,486
2026-08-18T01:45:00+00:00,7741.95,7742.45,7739.18,7740.19,618
2026-08-18T01:50:00+00:00,7740.19,7740.2,7734.93,7737.31,891
2026-08-18T01:55:00+00:00,7737.31,7740.94,7737.18,7740.94,891
2026-08-18T02:00:00+00:00,7740.94,7741.45,7739.43,7739.94,630
2026-08-18T02:05:00+00:00,7739.94,7740.18,7738.06,7738.95,395
2026-08-18T02:10:00+00:00,7738.95,7739.07,7734.18,7734.45,369
2026-08-18T02:15:00+00:00,7734.45,7735.07,7728.2,7731.44,1144
2026-08-18T02:20:00+00:00,7731.44,7732.43,7729.07,7729.68,813
2026-08-18T02:25:00+00:00,7729.68,7729.95,7727.95,7728.95,509
2026-08-18T02:30:00+00:00,7728.95,7729.94,7728.43,7728.93,704
2026-08-18T02:35:00+00:00,7728.93,7732.7,7728.69,7731.7,427
2026-08-18T02:40:00+00:00,7731.7,7732.45,7726.68,7726.93,656
2026-08-18T02:45:00+00:00,7726.93,7728.7,7724.19,7728.57,688
2026-08-18T02:50:00+00:00,7728.57,7729.2,7727.43,7727.43,669
2026-08-18T02:55:00+00:00,7727.43,7729.2,7725.94,7728.7,541
2026-08-18T03:00:00+00:00,7728.7,7729.2,7728.18,7728.43,317
2026-08-18T03:05:00+00:00,7728.43,7728.95,7727.93,7728.2,343
2026-08-18T03:10:00+00:00,7728.2,7728.2,7726.43,7726.94,243
2026-08-18T03:15:00+00:00,7726.94,7727.05,7725.18,7725.68,359
2026-08-18T03:20:00+00:00,7725.68,7725.95,7721.93,7722.7,448
2026-08-18T03:25:00+00:00,7722.7,7724.93,7722.44,7723.95,330
2026-08-18T03:30:00+00:00,7723.95,7723.95,7720.7,7720.95,664
2026-08-18T03:35:00+00:00,7720.95,7724.95,7720.68,7724.69,687
2026-08-18T03:40:00+00:00,7724.69,7725.7,7723.93,7724.69,429
2026-08-18T03:45:00+00:00,7724.69,7725.95,7723.68,7723.68,328
2026-08-18T03:50:00+00:00,7723.68,7725.94,7723.3,7724.94,241
2026-08-18T03:55:00+00:00,7724.94,7725.05,7722.7,7723.18,417
2026-08-18T04:00:00+00:00,7723.18,7723.2,7720.94,7720.94,557
2026-08-18T04:05:00+00:00,7720.94,7723.95,7720.69,7723.2,557
2026-08-18T04:10:00+00:00,7723.2,7723.2,7721.68,7722.44,348
2026-08-18T04:15:00+00:00,7722.44,7722.95,7721.68,7722.45,320
2026-08-18T04:20:00+00:00,7722.45,7722.69,7719.93,7720.44,320
2026-08-18T04:25:00+00:00,7720.44,7723.7,7719.44,7723.45,344
2026-08-18T04:30:00+00:00,7723.45,7724.43,7722.43,7722.93,287
2026-08-18T04:35:00+00:00,7722.93,7724.07,7720.68,7720.95,391
2026-08-18T04:40:00+00:00,7720.95,7721.95,7720.93,7721.2,238
2026-08-18T04:45:00+00:00,7721.2,7722.19,7720.93,7722.19,274
2026-08-18T04:50:00+00:00,7722.19,7723.7,7722.05,7723.31,289
2026-08-18T04:55:00+00:00,7723.31,7723.94,7722.94,7722.94,207
2026-08-18T05:00:00+00:00,7722.94,7723.19,7717.2,7718.19,506
2026-08-18T05:05:00+00:00,7718.19,7720.94,7717.94,7719.56,296
2026-08-18T05:10:00+00:00,7719.56,7719.68,7716.69,7717.95,267
2026-08-18T05:15:00+00:00,7717.95,7719.7,7717.93,7719.7,293
2026-08-18T05:20:00+00:00,7719.7,7719.95,7718.3,7718.95,217
2026-08-18T05:25:00+00:00,7718.95,7719.44,7717.68,7717.69,258
2026-08-18T05:30:00+00:00,7717.69,7718.19,7716.43,7717.18,388
2026-08-18T05:35:00+00:00,7717.18,7717.82,7715.95,7716.2,301
2026-08-18T05:40:00+00:00,7716.2,7716.82,7715.69,7716.19,256
2026-08-18T05:45:00+00:00,7716.19,7717.2,7715.68,7717.18,188
2026-08-18T05:50:00+00:00,7717.18,7717.95,7716.18,7716.19,365
2026-08-18T05:55:00+00:00,7716.19,7717.95,7713.93,7714.68,433
2026-08-18T06:00:00+00:00,7714.68,7714.68,7707.05,7708.95,1172
2026-08-18T06:05:00+00:00,7708.95,7710.18,7706.7,7710.18,686
2026-08-18T06:10:00+00:00,7710.18,7715.69,7710.18,7714.93,819
2026-08-18T06:15:00+00:00,7714.93,7715.45,7712.43,7715.18,858
2026-08-18T06:20:00+00:00,7715.18,7717.7,7714.43,7714.68,542
2026-08-18T06:25:00+00:00,7714.68,7716.68,7713.19,7715.69,627
2026-08-18T06:30:00+00:00,7715.69,7716.2,7713.95,7715.44,604
2026-08-18T06:35:00+00:00,7715.44,7716.94,7714.05,7716.44,461
2026-08-18T06:40:00+00:00,7716.44,7717.44,7716.18,7716.55,341
2026-08-18T06:45:00+00:00,7716.55,7717.94,7716.43,7717.69,327
2026-08-18T06:50:00+00:00,7717.69,7718.45,7716.68,7717.44,275
2026-08-18T06:55:00+00:00,7717.44,7721.69,7717.43,7721.45,344
2026-08-18T07:00:00+00:00,7721.45,7721.69,7717.68,7717.94,1081
2026-08-18T07:05:00+00:00,7717.94,7721.2,7717.93,7718.95,835
2026-08-18T07:10:00+00:00,7718.95,7719.32,7716.44,7716.44,532
2026-08-18T07:15:00+00:00,7716.44,7718.2,7715.68,7716.94,513
2026-08-18T07:20:00+00:00,7716.94,7718.45,7716.45,7717.45,377
2026-08-18T07:25:00+00:00,7717.45,7718.18,7714.95,7715.19,391
2026-08-18T07:30:00+00:00,7715.19,7715.95,7711.2,7711.57,627
2026-08-18T07:35:00+00:00,7711.57,7715.2,7710.68,7714.69,654
2026-08-18T07:40:00+00:00,7714.69,7715.45,7710.19,7710.2,365
2026-08-18T07:45:00+00:00,7710.2,7711.2,7709.18,7710.68,530
2026-08-18T07:50:00+00:00,7710.68,7711.7,7708.18,7709.2,753
2026-08-18T07:55:00+00:00,7709.2,7709.93,7705.68,7705.93,607
2026-08-18T08:00:00+00:00,7705.93,7706.95,7698.95,7701.55,2073
2026-08-18T08:05:00+00:00,7701.55,7702.95,7699.19,7701.93,1777
2026-08-18T08:10:00+00:00,7701.93,7706.44,7700.3,7705.31,1769
2026-08-18T08:15:00+00:00,7705.31,7707.93,7704.93,7705.93,1308
2026-08-18T08:20:00+00:00,7705.93,7706.43,7702.44,7703.44,1043
2026-08-18T08:25:00+00:00,7703.44,7706.7,7703.18,7705.68,1088
2026-08-18T08:30:00+00:00,7705.68,7708.44,7704.93,7708.18,816
2026-08-18T08:35:00+00:00,7708.18,7711.19,7708.18,7710.69,745
2026-08-18T08:40:00+00:00,7710.69,7711.45,7708.94,7710.45,762
2026-08-18T08:45:00+00:00,7710.45,7710.45,7705.94,7705.95,494
2026-08-18T08:50:00+00:00,7705.95,7709.2,7705.43,7708.43,620
2026-08-18T08:55:00+00:00,7708.43,7709.7,7707.69,7709.45,546
2026-08-18T09:00:00+00:00,7709.45,7710.95,7707.18,7709.95,1212
2026-08-18T09:05:00+00:00,7709.95,7709.95,7706.44,7706.68,675
2026-08-18T09:10:00+00:00,7706.68,7708.82,7706.68,7706.93,672
2026-08-18T09:15:00+00:00,7706.93,7707.7,7704.19,7704.68,660
2026-08-18T09:20:00+00:00,7704.68,7705.94,7703.43,7703.43,722
2026-08-18T09:25:00+00:00,7703.43,7707.19,7703.2,7705.94,890
2026-08-18T09:30:00+00:00,7705.94,7707.95,7704.93,7707.2,927
2026-08-18T09:35:00+00:00,7707.2,7708.45,7705.95,7706.44,663
2026-08-18T09:40:00+00:00,7706.44,7706.44,7702.18,7704.94,727
2026-08-18T09:45:00+00:00,7704.94,7706.2,7702.68,7703.95,781
2026-08-18T09:50:00+00:00,7703.95,7708.2,7702.93,7708.2,742
2026-08-18T09:55:00+00:00,7708.2,7710.19,7707.44,7709.19,679
2026-08-18T10:00:00+00:00,7709.19,7710.95,7708.3,7710.19,945
2026-08-18T10:05:00+00:00,7710.19,7711.68,7709.44,7711.19,529
2026-08-18T10:10:00+00:00,7711.19,7711.69,7708.93,7709.69,504
2026-08-18T10:15:00+00:00,7709.69,7711.45,7708.44,7708.69,458
2026-08-18T10:20:00+00:00,7708.69,7709.2,7707.93,7708.44,383
2026-08-18T10:25:00+00:00,7708.44,7710.45,7707.93,7710.44,517
2026-08-18T10:30:00+00:00,7710.44,7712.2,7710.18,7711.45,387
2026-08-18T10:35:00+00:00,7711.45,7713.44,7711.19,7711.7,427
2026-08-18T10:40:00+00:00,7711.7,7711.7,7709.18,7709.43,347
2026-08-18T10:45:00+00:00,7709.43,7713.45,7708.94,7713.32,346
2026-08-18T10:50:00+00:00,7713.32,7713.95,7712.69,7713.45,267
2026-08-18T10:55:00+00:00,7713.45,7713.56,7711.18,7711.18,389
2026-08-18T11:00:00+00:00,7711.18,7714.95,7710.43,7714.2,826
2026-08-18T11:05:00+00:00,7714.2,7714.95,7713.44,7713.93,539
2026-08-18T11:10:00+00:00,7713.93,7715.7,7713.93,7715.2,388
2026-08-18T11:15:00+00:00,7715.2,7715.94,7714.68,7715.69,425
2026-08-18T11:20:00+00:00,7715.69,7716.2,7714.2,7714.57,544
2026-08-18T11:25:00+00:00,7714.57,7715.93,7714.19,7714.93,438
2026-08-18T11:30:00+00:00,7714.93,7714.95,7712.43,7713.44,553
2026-08-18T11:35:00+00:00,7713.44,7714.44,7711.93,7711.93,418
2026-08-18T11:40:00+00:00,7711.93,7716.19,7711.68,7715.69,528
2026-08-18T11:45:00+00:00,7715.69,7717.95,7715.69,7717.43,595
2026-08-18T11:50:00+00:00,7717.43,7717.44,7713.44,7713.7,638
2026-08-18T11:55:00+00:00,7713.7,7716.2,7713.55,7714.43,595
2026-08-18T12:00:00+00:00,7714.43,7718.18,7713.43,7718.06,747
2026-08-18T12:05:00+00:00,7718.06,7718.2,7713.94,7714.43,805
2026-08-18T12:10:00+00:00,7714.43,7714.57,7712.43,7713.45,520
2026-08-18T12:15:00+00:00,7713.45,7714.93,7712.68,7714.93,628
2026-08-18T12:20:00+00:00,7714.93,7718.57,7713.93,7714.2,745
2026-08-18T12:25:00+00:00,7714.2,7714.2,7711.93,7712.43,522
2026-08-18T12:30:00+00:00,7712.43,7713.82,7709.93,7710.68,964
2026-08-18T12:35:00+00:00,7710.68,7711.2,7708.43,7709.19,719
2026-08-18T12:40:00+00:00,7709.19,7710.18,7708.68,7709.2,403
2026-08-18T12:45:00+00:00,7709.2,7711.95,7708.68,7711.95,513
2026-08-18T12:50:00+00:00,7711.95,7714.19,7711.68,7713.45,616
2026-08-18T12:55:00+00:00,7713.45,7715.32,7712.68,7715.19,321
2026-08-18T13:00:00+00:00,7715.19,7715.8,7712.19,7712.19,489
2026-08-18T13:05:00+00:00,7712.19,7713.19,7710.93,7711.2,461
2026-08-18T13:10:00+00:00,7711.2,7711.45,7709.69,7710.19,447
2026-08-18T13:15:00+00:00,7710.19,7711.7,7708.94,7709.18,587
2026-08-18T13:20:00+00:00,7709.18,7709.82,7706.2,7706.2,537
2026-08-18T13:25:00+00:00,7706.2,7709.2,7703.94,7705.69,1249
2026-08-18T13:30:00+00:00,7705.69,7714.23,7698.87,7705.23,9005
2026-08-18T13:35:00+00:00,7705.23,7711.5,7702.74,7710.98,6682
2026-08-18T13:40:00+00:00,7710.98,7714.75,7706.98,7707.24,4688
2026-08-18T13:45:00+00:00,7707.24,7710.74,7703.23,7704.25,4710
2026-08-18T13:50:00+00:00,7704.25,7707.73,7701.73,7705.35,3983
2026-08-18T13:55:00+00:00,7705.35,7708,7700.99,7704.49,4105
2026-08-18T14:00:00+00:00,7704.49,7712.24,7701.73,7709.25,5310
2026-08-18T14:05:00+00:00,7709.25,7711.85,7704.23,7704.99,3770
2026-08-18T14:10:00+00:00,7704.99,7705.5,7696.24,7700.74,3221
2026-08-18T14:15:00+00:00,7700.74,7708,7699.98,7705.25,3699
2026-08-18T14:20:00+00:00,7705.25,7709.5,7699.72,7707.75,2873
2026-08-18T14:25:00+00:00,7707.75,7710.49,7704.99,7706.12,3341
2026-08-18T14:30:00+00:00,7706.12,7712,7705.25,7707.24,3503
2026-08-18T14:35:00+00:00,7707.24,7711.25,7706.98,7710.75,2053
2026-08-18T14:40:00+00:00,7710.75,7711.75,7703.48,7703.75,2119
2026-08-18T14:45:00+00:00,7703.75,7705.5,7701.48,7704.35,1719
2026-08-18T14:50:00+00:00,7704.35,7707.61,7699.1,7699.24,2602
2026-08-18T14:55:00+00:00,7699.24,7701,7697,7698.98,2579
2026-08-18T15:00:00+00:00,7698.98,7702.74,7694,7701.98,2914
2026-08-18T15:05:00+00:00,7701.98,7703.75,7697.23,7697.73,1886
2026-08-18T15:10:00+00:00,7697.73,7699,7696.23,7697,1847
2026-08-18T15:15:00+00:00,7697,7698.75,7694.23,7694.23,1562
2026-08-18T15:20:00+00:00,7694.23,7696.75,7692.99,7695,1642
2026-08-18T15:25:00+00:00,7695,7699.75,7693.75,7697.99,1897
2026-08-18T15:30:00+00:00,7697.99,7701.24,7696.75,7698.49,2250
2026-08-18T15:35:00+00:00,7698.49,7698.5,7695.73,7697.73,1266
2026-08-18T15:40:00+00:00,7697.73,7702,7696.35,7700.24,1108
2026-08-18T15:45:00+00:00,7700.24,7705,7700.24,7703.5,1335
2026-08-18T15:50:00+00:00,7703.5,7705.98,7700.48,7704.5,1279
2026-08-18T15:55:00+00:00,7704.5,7704.5,7700.23,7702.73,1077
2026-08-18T16:00:00+00:00,7702.73,7705.75,7702.23,7705,1061
2026-08-18T16:05:00+00:00,7705,7706.49,7701.73,7703.25,1214
2026-08-18T16:10:00+00:00,7703.25,7706.74,7703.25,7705,1047
2026-08-18T16:15:00+00:00,7705,7705.99,7701.73,7702.49,847
2026-08-18T16:20:00+00:00,7702.49,7708.24,7702.49,7706,1007
2026-08-18T16:25:00+00:00,7706,7706.73,7701,7701.49,975
2026-08-18T16:30:00+00:00,7701.49,7703.5,7700.24,7702.48,1012
2026-08-18T16:35:00+00:00,7702.48,7705.23,7701.23,7703.99,931
2026-08-18T16:40:00+00:00,7703.99,7705.25,7701.23,7702.98,841
2026-08-18T16:45:00+00:00,7702.98,7707.74,7701.25,7707.24,894
2026-08-18T16:50:00+00:00,7707.24,7708,7705.73,7707.5,796
2026-08-18T16:55:00+00:00,7707.5,7707.5,7705.48,7705.49,827
2026-08-18T17:00:00+00:00,7705.49,7706.25,7702.98,7704.98,1084
2026-08-18T17:05:00+00:00,7704.98,7707,7703.99,7707,679
2026-08-18T17:10:00+00:00,7707,7707.49,7704.48,7705.61,489
2026-08-18T17:15:00+00:00,7705.61,7705.75,7702.23,7702.49,654
2026-08-18T17:20:00+00:00,7702.49,7704.99,7701.99,7702.24,571
2026-08-18T17:25:00+00:00,7702.24,7702.74,7700.48,7702.24,638
2026-08-18T17:30:00+00:00,7702.24,7703.24,7700.48,7701.48,667
2026-08-18T17:35:00+00:00,7701.48,7703.5,7699.73,7701.75,674
2026-08-18T17:40:00+00:00,7701.75,7702.49,7700.12,7700.24,486
2026-08-18T17:45:00+00:00,7700.24,7701.5,7699.49,7699.73,552
2026-08-18T17:50:00+00:00,7699.73,7701.25,7698.98,7700.23,385
2026-08-18T17:55:00+00:00,7700.23,7700.24,7695.49,7695.49,578
2026-08-18T18:00:00+00:00,7695.49,7696.74,7694.73,7695.99,693
2026-08-18T18:05:00+00:00,7695.99,7697,7693.98,7694.5,576
2026-08-18T18:10:00+00:00,7694.5,7700.73,7694.23,7700.23,635
2026-08-18T18:15:00+00:00,7700.23,7703.75,7699.98,7703.49,826
2026-08-18T18:20:00+00:00,7703.49,7705.25,7701.73,7702.25,825
2026-08-18T18:25:00+00:00,7702.25,7703.62,7700.73,7703.25,546
2026-08-18T18:30:00+00:00,7703.25,7703.73,7701.23,7703,430
2026-08-18T18:35:00+00:00,7703,7704,7702.73,7702.98,374
2026-08-18T18:40:00+00:00,7702.98,7703.25,7700.73,7700.73,512
2026-08-18T18:45:00+00:00,7700.73,7701.73,7700.23,7700.5,428
2026-08-18T18:50:00+00:00,7700.5,7700.75,7697.74,7697.74,523
2026-08-18T18:55:00+00:00,7697.74,7699,7696.24,7696.75,774
2026-08-18T19:00:00+00:00,7696.75,7698.25,7695.73,7697.24,761
2026-08-18T19:05:00+00:00,7697.24,7698.75,7696.23,7697.98,531
2026-08-18T19:10:00+00:00,7697.98,7698.74,7695.23,7696,546
2026-08-18T19:15:00+00:00,7696,7698.49,7695.73,7698.49,527
2026-08-18T19:20:00+00:00,7698.49,7701.25,7697.48,7701.25,430
2026-08-18T19:25:00+00:00,7701.25,7701.75,7700.24,7700.24,564
2026-08-18T19:30:00+00:00,7700.24,7702.25,7698.74,7699.23,682
2026-08-18T19:35:00+00:00,7699.23,7700.48,7698.73,7699.75,563
2026-08-18T19:40:00+00:00,7699.75,7699.75,7697.48,7698.98,623
2026-08-18T19:45:00+00:00,7698.98,7699.75,7696.98,7699.25,699
2026-08-18T19:50:00+00:00,7699.25,7699.49,7693.1,7694.48,1333
2026-08-18T19:55:00+00:00,7694.48,7697.25,7689.98,7694.75,2806
2026-08-18T20:00:00+00:00,7694.75,7695.45,7692.56,7694.69,903
2026-08-18T20:05:00+00:00,7694.69,7695.45,7692.94,7693.18,313
2026-08-18T20:10:00+00:00,7693.18,7694.68,7692.93,7693.94,193
2026-08-18T20:15:00+00:00,7693.94,7694.7,7693.44,7693.7,118
2026-08-18T20:20:00+00:00,7693.7,7693.95,7691.94,7692.18,78
2026-08-18T20:25:00+00:00,7692.18,7694.2,7691.93,7693.93,140
2026-08-18T20:30:00+00:00,7693.93,7694.93,7693.68,7694.93,148
2026-08-18T20:35:00+00:00,7694.93,7695.44,7694.93,7695.44,64
2026-08-18T20:40:00+00:00,7695.44,7695.44,7694.18,7694.18,111
2026-08-18T20:45:00+00:00,7694.18,7694.69,7690.94,7691.2,311
2026-08-18T20:50:00+00:00,7691.2,7692.44,7691.18,7692.18,141
2026-08-18T20:55:00+00:00,7692.18,7693.19,7691.68,7693.05,146
2026-08-18T22:00:00+00:00,7693.05,7697.05,7693.05,7694.95,749
2026-08-18T22:05:00+00:00,7694.95,7695.95,7693.44,7695.2,267
2026-08-18T22:10:00+00:00,7695.2,7695.2,7694.18,7694.43,142
2026-08-18T22:15:00+00:00,7694.43,7696.68,7694.43,7696.68,127
2026-08-18T22:20:00+00:00,7696.68,7698.45,7696.19,7696.19,217
2026-08-18T22:25:00+00:00,7696.19,7696.2,7692.45,7692.45,298
2026-08-18T22:30:00+00:00,7692.45,7693.45,7692.43,7693.3,298
2026-08-18T22:35:00+00:00,7693.3,7693.32,7691.2,7691.2,192
2026-08-18T22:40:00+00:00,7691.2,7692.06,7690.69,7692.05,227
2026-08-18T22:45:00+00:00,7692.05,7692.19,7690.44,7690.8,191
2026-08-18T22:50:00+00:00,7690.8,7691.45,7689.31,7689.45,265
2026-08-18T22:55:00+00:00,7689.45,7689.45,7688.57,7688.69,151
2026-08-18T23:00:00+00:00,7688.69,7690.45,7687.95,7689.95,235
2026-08-18T23:05:00+00:00,7689.95,7692.45,7689.3,7691.55,302
2026-08-18T23:10:00+00:00,7691.55,7691.94,7690.69,7691.81,79
2026-08-18T23:15:00+00:00,7691.81,7691.81,7690.18,7690.45,113
2026-08-18T23:20:00+00:00,7690.45,7695.44,7690.44,7693.45,224
2026-08-18T23:25:00+00:00,7693.45,7693.8,7692.32,7692.43,184
2026-08-18T23:30:00+00:00,7692.43,7693.2,7691.93,7692.95,138
2026-08-18T23:35:00+00:00,7692.95,7693.2,7691.93,7692.68,151
2026-08-18T23:40:00+00:00,7692.68,7693.19,7692.19,7692.69,236
2026-08-18T23:45:00+00:00,7692.69,7692.95,7691.94,7692.45,722
2026-08-18T23:50:00+00:00,7692.45,7695.19,7691.95,7693.95,574
2026-08-18T23:55:00+00:00,7693.95,7693.95,7691.68,7691.7,496
2026-08-19T00:00:00+00:00,7691.7,7691.7,7684.45,7685.94,1330
2026-08-19T00:05:00+00:00,7685.94,7687.8,7683.68,7686.2,1184
2026-08-19T00:10:00+00:00,7686.2,7686.32,7683.3,7684.68,953
2026-08-19T00:15:00+00:00,7684.68,7688.18,7683.43,7687.94,705
2026-08-19T00:20:00+00:00,7687.94,7691.7,7686.93,7689.69,647
2026-08-19T00:25:00+00:00,7689.69,7691.94,7688.93,7691.93,605
2026-08-19T00:30:00+00:00,7691.93,7694.7,7691.93,7692.93,656
2026-08-19T00:35:00+00:00,7692.93,7696.45,7692.93,7696.19,495
2026-08-19T00:40:00+00:00,7696.19,7696.7,7695.19,7695.7,294
2026-08-19T00:45:00+00:00,7695.7,7696.69,7694.68,7694.68,449
2026-08-19T00:50:00+00:00,7694.68,7694.94,7692.93,7693.05,517
2026-08-19T00:55:00+00:00,7693.05,7693.95,7691.68,7691.93,517
2026-08-19T01:00:00+00:00,7691.93,7694.44,7690.44,7694.44,793
2026-08-19T01:05:00+00:00,7694.44,7696.2,7694.19,7696.07,628
2026-08-19T01:10:00+00:00,7696.07,7696.18,7694.68,7694.94,397
2026-08-19T01:15:00+00:00,7694.94,7696.19,7692.94,7696.05,602
2026-08-19T01:20:00+00:00,7696.05,7697.94,7695.68,7696.18,629
2026-08-19T01:25:00+00:00,7696.18,7697.2,7694.94,7696.94,528
2026-08-19T01:30:00+00:00,7696.94,7696.94,7692.68,7692.68,465
2026-08-19T01:35:00+00:00,7692.68,7695.45,7692.68,7694.93,396
2026-08-19T01:40:00+00:00,7694.93,7695.2,7691.2,7692.2,521
2026-08-19T01:45:00+00:00,7692.2,7692.69,7690.81,7692.44,597
2026-08-19T01:50:00+00:00,7692.44,7693.2,7691.68,7692.95,448
2026-08-19T01:55:00+00:00,7692.95,7693.95,7691.69,7692.45,480
2026-08-19T02:00:00+00:00,7692.45,7693.18,7690.93,7690.93,426
2026-08-19T02:05:00+00:00,7690.93,7691.19,7689.2,7689.68,235
2026-08-19T02:10:00+00:00,7689.68,7689.7,7687.18,7687.81,286
2026-08-19T02:15:00+00:00,7687.81,7690.69,7687.43,7687.93,712
2026-08-19T02:20:00+00:00,7687.93,7691.95,7687.93,7691.43,722
2026-08-19T02:25:00+00:00,7691.43,7692.45,7690.18,7690.45,482
2026-08-19T02:30:00+00:00,7690.45,7690.81,7687.43,7687.94,498
2026-08-19T02:35:00+00:00,7687.94,7689.2,7687.45,7688.95,332
2026-08-19T02:40:00+00:00,7688.95,7689.45,7688.32,7688.93,331
2026-08-19T02:45:00+00:00,7688.93,7691.7,7688.68,7691.2,492
2026-08-19T02:50:00+00:00,7691.2,7691.7,7688.68,7688.93,320
2026-08-19T02:55:00+00:00,7688.93,7690.7,7688.69,7690.43,246
2026-08-19T03:00:00+00:00,7690.43,7691.7,7690.43,7691.2,313
2026-08-19T03:05:00+00:00,7691.2,7691.44,7688.45,7688.69,208
2026-08-19T03:10:00+00:00,7688.69,7689.93,7688.18,7689.44,258
2026-08-19T03:15:00+00:00,7689.44,7691.2,7689.44,7690.18,323
2026-08-19T03:20:00+00:00,7690.18,7690.45,7688.55,7689.69,355
2026-08-19T03:25:00+00:00,7689.69,7689.94,7689.06,7689.7,167
2026-08-19T03:30:00+00:00,7689.7,7691.7,7688.94,7691.18,472
2026-08-19T03:35:00+00:00,7691.18,7692.95,7689.69,7690.18,370
2026-08-19T03:40:00+00:00,7690.18,7690.2,7689.18,7689.18,287
2026-08-19T03:45:00+00:00,7689.18,7689.18,7686.93,7688.2,322
2026-08-19T03:50:00+00:00,7688.2,7689.93,7687.93,7687.95,284
2026-08-19T03:55:00+00:00,7687.95,7688.69,7687.43,7687.69,196
2026-08-19T04:00:00+00:00,7687.69,7687.7,7686.43,7687.45,245
2026-08-19T04:05:00+00:00,7687.45,7687.69,7686.18,7686.44,152
2026-08-19T04:10:00+00:00,7686.44,7686.95,7685.69,7686.7,245
2026-08-19T04:15:00+00:00,7686.7,7686.7,7685.93,7686.43,220
2026-08-19T04:20:00+00:00,7686.43,7689.95,7686.18,7688.7,459
2026-08-19T04:25:00+00:00,7688.7,7689.7,7688.18,7688.68,406
2026-08-19T04:30:00+00:00,7688.68,7689.68,7684.93,7685.69,492
2026-08-19T04:35:00+00:00,7685.69,7687.2,7685.19,7685.19,193
2026-08-19T04:40:00+00:00,7685.19,7686.19,7684.82,7685.19,371
2026-08-19T04:45:00+00:00,7685.19,7685.7,7681.93,7682.45,318
2026-08-19T04:50:00+00:00,7682.45,7682.56,7680.68,7681.43,229
2026-08-19T04:55:00+00:00,7681.43,7685.44,7680.44,7685.19,407
2026-08-19T05:00:00+00:00,7685.19,7689.19,7684.7,7688.82,708
2026-08-19T05:05:00+00:00,7688.82,7689.2,7685.43,7686.68,533
2026-08-19T05:10:00+00:00,7686.68,7687.19,7683.19,7683.95,480
2026-08-19T05:15:00+00:00,7683.95,7684.44,7680.44,7680.95,402
2026-08-19T05:20:00+00:00,7680.95,7683.7,7680.93,7682.93,532
2026-08-19T05:25:00+00:00,7682.93,7685.69,7682.43,7685.31,564
2026-08-19T05:30:00+00:00,7685.31,7685.7,7682.93,7682.93,533
2026-08-19T05:35:00+00:00,7682.93,7683.7,7680.43,7682.19,454
2026-08-19T05:40:00+00:00,7682.19,7682.43,7680.05,7681.44,460
2026-08-19T05:45:00+00:00,7681.44,7682.2,7680.68,7681.44,367
2026-08-19T05:50:00+00:00,7681.44,7681.69,7679.43,7679.95,379
2026-08-19T05:55:00+00:00,7679.95,7680.95,7679.43,7680.7,316
2026-08-19T06:00:00+00:00,7680.7,7682.19,7680.43,7680.68,535
2026-08-19T06:05:00+00:00,7680.68,7681.45,7679.43,7679.68,583
2026-08-19T06:10:00+00:00,7679.68,7680.94,7679.2,7679.93,407
2026-08-19T06:15:00+00:00,7679.93,7686.7,7679.93,7686.43,599
2026-08-19T06:20:00+00:00,7686.43,7688.95,7686.32,7688.68,605
2026-08-19T06:25:00+00:00,7688.68,7689.45,7685.68,7686.8,715
2026-08-19T06:30:00+00:00,7686.8,7688.69,7685.68,7687.07,930
2026-08-19T06:35:00+00:00,7687.07,7688.43,7686.94,7687.69,480
2026-08-19T06:40:00+00:00,7687.69,7688.45,7684.93,7688.45,436
2026-08-19T06:45:00+00:00,7688.45,7692.19,7688.44,7690.94,655
2026-08-19T06:50:00+00:00,7690.94,7693.2,7690.69,7692.95,574
2026-08-19T06:55:00+00:00,7692.95,7695.95,7692.68,7695.68,471
2026-08-19T07:00:00+00:00,7695.68,7695.68,7690.94,7692.2,1148
2026-08-19T07:05:00+00:00,7692.2,7694.7,7690.55,7693.95,824
2026-08-19T07:10:00+00:00,7693.95,7695.94,7693.93,7695.43,589
2026-08-19T07:15:00+00:00,7695.43,7695.69,7692.7,7693.44,458
2026-08-19T07:20:00+00:00,7693.44,7696.44,7693.43,7696.2,534
2026-08-19T07:25:00+00:00,7696.2,7696.7,7695.68,7696.68,514
2026-08-19T07:30:00+00:00,7696.68,7699.2,7696.68,7698.69,409
2026-08-19T07:35:00+00:00,7698.69,7699.95,7697.43,7697.43,358
2026-08-19T07:40:00+00:00,7697.43,7697.45,7694.68,7696.43,562
2026-08-19T07:45:00+00:00,7696.43,7698.2,7696.19,7696.43,595
2026-08-19T07:50:00+00:00,7696.43,7696.95,7695.7,7696.43,327
2026-08-19T07:55:00+00:00,7696.43,7699.7,7696.3,7699.44,476
2026-08-19T08:00:00+00:00,7699.44,7700.95,7697.93,7700.68,1149
2026-08-19T08:05:00+00:00,7700.68,7701.7,7699.93,7700.43,765
2026-08-19T08:10:00+00:00,7700.43,7701.7,7699.68,7699.94,614
2026-08-19T08:15:00+00:00,7699.94,7701.95,7698.93,7701.69,444
2026-08-19T08:20:00+00:00,7701.69,7702.95,7700.68,7701.93,555
2026-08-19T08:25:00+00:00,7701.93,7702.7,7701.31,7702.7,585
2026-08-19T08:30:00+00:00,7702.7,7702.7,7699.94,7699.94,375
2026-08-19T08:35:00+00:00,7699.94,7701.45,7699.94,7700.94,293
2026-08-19T08:40:00+00:00,7700.94,7702.2,7700.68,7701.45,249
2026-08-19T08:45:00+00:00,7701.45,7701.95,7701.18,7701.43,306
2026-08-19T08:50:00+00:00,7701.43,7701.94,7700.18,7700.43,376
2026-08-19T08:55:00+00:00,7700.43,7700.7,7698.68,7699.2,339
2026-08-19T09:00:00+00:00,7699.2,7701.45,7698.68,7701.44,456
2026-08-19T09:05:00+00:00,7701.44,7701.95,7697.68,7697.69,411
2026-08-19T09:10:00+00:00,7697.69,7698.7,7697.43,7697.44,295
2026-08-19T09:15:00+00:00,7697.44,7697.69,7695.68,7696.7,326
2026-08-19T09:20:00+00:00,7696.7,7697.93,7696.19,7696.69,311
2026-08-19T09:25:00+00:00,7696.69,7696.95,7695.18,7695.44,293
2026-08-19T09:30:00+00:00,7695.44,7697.2,7695.18,7696.68,393
2026-08-19T09:35:00+00:00,7696.68,7697.45,7695.7,7695.94,388
2026-08-19T09:40:00+00:00,7695.94,7696.95,7694.68,7694.95,235
2026-08-19T09:45:00+00:00,7694.95,7696.2,7694.45,7695.19,394
2026-08-19T09:50:00+00:00,7695.19,7695.19,7693.43,7694.18,354
2026-08-19T09:55:00+00:00,7694.18,7694.7,7692.69,7694.69,380
2026-08-19T10:00:00+00:00,7694.69,7695.45,7692.43,7692.68,511
2026-08-19T10:05:00+00:00,7692.68,7692.95,7691.43,7692.43,458
2026-08-19T10:10:00+00:00,7692.43,7694.69,7691.68,7694.43,309
2026-08-19T10:15:00+00:00,7694.43,7694.43,7692.43,7692.57,377
2026-08-19T10:20:00+00:00,7692.57,7693.44,7690.7,7692.19,339
2026-08-19T10:25:00+00:00,7692.19,7694.45,7691.68,7694.19,378
2026-08-19T10:30:00+00:00,7694.19,7694.95,7693.18,7694.3,302
2026-08-19T10:35:00+00:00,7694.3,7696.45,7693.93,7696.2,365
2026-08-19T10:40:00+00:00,7696.2,7697.2,7695.69,7696.93,246
2026-08-19T10:45:00+00:00,7696.93,7697.44,7695.43,7695.43,176
2026-08-19T10:50:00+00:00,7695.43,7695.44,7694.19,7695.18,236
2026-08-19T10:55:00+00:00,7695.18,7695.45,7694.18,7694.44,246
2026-08-19T11:00:00+00:00,7694.44,7699.2,7694.18,7698.95,749
2026-08-19T11:05:00+00:00,7698.95,7700.45,7696.94,7696.94,492
2026-08-19T11:10:00+00:00,7696.94,7699.45,7696.93,7698.7,633
2026-08-19T11:15:00+00:00,7698.7,7699.45,7698.07,7699.19,380
2026-08-19T11:20:00+00:00,7699.19,7699.7,7697.43,7699.43,402
2026-08-19T11:25:00+00:00,7699.43,7699.7,7697.44,7698.44,277
2026-08-19T11:30:00+00:00,7698.44,7698.95,7696.68,7697.19,455
2026-08-19T11:35:00+00:00,7697.19,7697.95,7696.68,7697.19,358
2026-08-19T11:40:00+00:00,7697.19,7697.7,7694.43,7696.7,561
2026-08-19T11:45:00+00:00,7696.7,7697.95,7696.19,7697.18,349
2026-08-19T11:50:00+00:00,7697.18,7698.2,7696.43,7696.7,380
2026-08-19T11:55:00+00:00,7696.7,7698.95,7696.7,7698.95,305
2026-08-19T12:00:00+00:00,7698.95,7699.19,7695.94,7696.68,715
2026-08-19T12:05:00+00:00,7696.68,7699.2,7696.44,7697.43,385
2026-08-19T12:10:00+00:00,7697.43,7699.7,7697.43,7698.69,408
2026-08-19T12:15:00+00:00,7698.69,7699.95,7697.68,7699.94,404
2026-08-19T12:20:00+00:00,7699.94,7700.95,7699.68,7700.95,474
2026-08-19T12:25:00+00:00,7700.95,7701.44,7697.18,7698.2,942
2026-08-19T12:30:00+00:00,7698.2,7706.45,7695.93,7705.93,2287
2026-08-19T12:35:00+00:00,7705.93,7716.18,7701.44,7715.2,3026
2026-08-19T12:40:00+00:00,7715.2,7721.68,7714.18,7721.68,2734
2026-08-19T12:45:00+00:00,7721.68,7732.7,7721.68,7732.69,2937
2026-08-19T12:50:00+00:00,7732.69,7739.18,7732.44,7736.19,2332
2026-08-19T12:55:00+00:00,7736.19,7736.44,7727.7,7729.31,2063
2026-08-19T13:00:00+00:00,7729.31,7729.31,7721.43,7721.82,2059
2026-08-19T13:05:00+00:00,7721.82,7727.19,7721.44,7726.18,1628
2026-08-19T13:10:00+00:00,7726.18,7730.45,7726.18,7729.43,672
2026-08-19T13:15:00+00:00,7729.43,7729.95,7727.43,7729.18,880
2026-08-19T13:20:00+00:00,7729.18,7731.7,7728.19,7729.94,776
2026-08-19T13:25:00+00:00,7729.94,7731.45,7724.44,7724.7,1527
2026-08-19T13:30:00+00:00,7724.7,7727,7719.73,7720.99,6866
2026-08-19T13:35:00+00:00,7720.99,7723.25,7715.98,7715.99,5059
2026-08-19T13:40:00+00:00,7715.99,7723.61,7713.48,7721.74,5257
2026-08-19T13:45:00+00:00,7721.74,7726.74,7704.61,7706.24,6285
2026-08-19T13:50:00+00:00,7706.24,7717.75,7702.24,7717.24,7276
2026-08-19T13:55:00+00:00,7717.24,7724.49,7714.74,7720.73,6085
2026-08-19T14:00:00+00:00,7720.73,7723.25,7716.48,7717.25,6130
2026-08-19T14:05:00+00:00,7717.25,7720.99,7715.73,7718.74,5672
2026-08-19T14:10:00+00:00,7718.74,7720.25,7708.24,7708.24,5051
2026-08-19T14:15:00+00:00,7708.24,7722,7708.23,7718.23,5108
2026-08-19T14:20:00+00:00,7718.23,7722.5,7714.74,7716.5,4307
2026-08-19T14:25:00+00:00,7716.5,7721.23,7712.75,7720.49,4035
2026-08-19T14:30:00+00:00,7720.49,7725.25,7718.98,7722.73,3416
2026-08-19T14:35:00+00:00,7722.73,7733.75,7722.25,7732.48,2567
2026-08-19T14:40:00+00:00,7732.48,7734.25,7729.23,7731.48,2254
2026-08-19T14:45:00+00:00,7731.48,7733.73,7727.62,7728.24,2014
2026-08-19T14:50:00+00:00,7728.24,7734.99,7727.99,7734.24,2260
2026-08-19T14:55:00+00:00,7734.24,7743.25,7733.98,7743,2235
2026-08-19T15:00:00+00:00,7743,7745.75,7741.24,7742.73,1788
2026-08-19T15:05:00+00:00,7742.73,7743.5,7735.98,7735.98,1743
2026-08-19T15:10:00+00:00,7735.98,7740.49,7735.73,7738.98,1307
2026-08-19T15:15:00+00:00,7738.98,7739.24,7734.98,7735.74,1432
2026-08-19T15:20:00+00:00,7735.74,7736.75,7732.5,7732.5,1625
2026-08-19T15:25:00+00:00,7732.5,7733.23,7729.49,7731.74,2229
2026-08-19T15:30:00+00:00,7731.74,7732.25,7727.98,7728.5,2020
2026-08-19T15:35:00+00:00,7728.5,7729.73,7724.25,7725.73,1672
2026-08-19T15:40:00+00:00,7725.73,7725.75,7721.24,7725.24,1650
2026-08-19T15:45:00+00:00,7725.24,7729.24,7724.23,7724.24,1994
2026-08-19T15:50:00+00:00,7724.24,7725.75,7721.48,7721.74,1557
2026-08-19T15:55:00+00:00,7721.74,7726.74,7721,7726.74,1415
2026-08-19T16:00:00+00:00,7726.74,7733.6,7724.48,7733.48,1893
2026-08-19T16:05:00+00:00,7733.48,7736.75,7732.73,7735.75,1369
2026-08-19T16:10:00+00:00,7735.75,7737.25,7735.23,7736,1019
2026-08-19T16:15:00+00:00,7736,7740.49,7734.99,7738.99,1158
2026-08-19T16:20:00+00:00,7738.99,7739.24,7734.23,7734.74,1129
2026-08-19T16:25:00+00:00,7734.74,7735,7727.24,7727.24,1360
2026-08-19T16:30:00+00:00,7727.24,7728,7724.73,7727.74,1514
2026-08-19T16:35:00+00:00,7727.74,7727.74,7723.23,7725.75,1038
2026-08-19T16:40:00+00:00,7725.75,7725.75,7722.98,7724.24,857
2026-08-19T16:45:00+00:00,7724.24,7725,7721.74,7722.25,1069
2026-08-19T16:50:00+00:00,7722.25,7722.25,7717.73,7719,1322
2026-08-19T16:55:00+00:00,7719,7719,7715.48,7717.25,1170
2026-08-19T17:00:00+00:00,7717.25,7721.5,7716.24,7719.5,1706
2026-08-19T17:05:00+00:00,7719.5,7722.48,7714.99,7715.5,1392
2026-08-19T17:10:00+00:00,7715.5,7720.99,7715.5,7718.74,1163
2026-08-19T17:15:00+00:00,7718.74,7720.25,7714.99,7714.99,1042
2026-08-19T17:20:00+00:00,7714.99,7715.48,7710.73,7713.24,1399
2026-08-19T17:25:00+00:00,7713.24,7717.24,7712.49,7715.98,1660
2026-08-19T17:30:00+00:00,7715.98,7717,7712.23,7712.49,1378
2026-08-19T17:35:00+00:00,7712.49,7715.24,7711.98,7713,1099
2026-08-19T17:40:00+00:00,7713,7717.99,7712.75,7716,1059
2026-08-19T17:45:00+00:00,7716,7718.24,7715.48,7715.75,859
2026-08-19T17:50:00+00:00,7715.75,7719.24,7715.23,7716.48,917
2026-08-19T17:55:00+00:00,7716.48,7716.75,7714.48,7715.74,909
2026-08-19T18:00:00+00:00,7715.74,7725.73,7714.48,7721.73,2618
2026-08-19T18:05:00+00:00,7721.73,7722.98,7710.24,7710.24,3224
2026-08-19T18:10:00+00:00,7710.24,7717.49,7710.24,7714.98,1846
2026-08-19T18:15:00+00:00,7714.98,7715.5,7711.23,7713.48,1528
2026-08-19T18:20:00+00:00,7713.48,7715.25,7712.48,7713.23,1244
2026-08-19T18:25:00+00:00,7713.23,7716.48,7712.75,7716.25,1369
2026-08-19T18:30:00+00:00,7716.25,7720.73,7715.99,7719.74,1537
2026-08-19T18:35:00+00:00,7719.74,7719.75,7717.24,7718.23,1228
2026-08-19T18:40:00+00:00,7718.23,7721.49,7717.48,7718.5,1015
2026-08-19T18:45:00+00:00,7718.5,7719,7716.48,7718.75,854
2026-08-19T18:50:00+00:00,7718.75,7719,7715.48,7717.25,1172
2026-08-19T18:55:00+00:00,7717.25,7718,7715.48,7715.74,783
2026-08-19T19:00:00+00:00,7715.74,7718.5,7714.75,7717,1316
2026-08-19T19:05:00+00:00,7717,7720.25,7715.74,7719.49,786
2026-08-19T19:10:00+00:00,7719.49,7720,7717.48,7717.74,831
2026-08-19T19:15:00+00:00,7717.74,7720.73,7716.99,7720.73,1026
2026-08-19T19:20:00+00:00,7720.73,7720.75,7717.48,7719.98,776
2026-08-19T19:25:00+00:00,7719.98,7720.75,7716.36,7716.99,963
2026-08-19T19:30:00+00:00,7716.99,7724.49,7716.98,7722.73,1436
2026-08-19T19:35:00+00:00,7722.73,7723,7712.37,7712.5,1813
2026-08-19T19:40:00+00:00,7712.5,7714.75,7710.48,7710.49,1310
2026-08-19T19:45:00+00:00,7710.49,7711.73,7705.98,7708.24,2043
2026-08-19T19:50:00+00:00,7708.24,7709.25,7703.5,7708,2521
2026-08-19T19:55:00+00:00,7708,7712.74,7703,7712.74,3201
2026-08-19T20:00:00+00:00,7712.74,7713.95,7710.19,7710.95,1064
2026-08-19T20:05:00+00:00,7710.95,7711.19,7707.31,7710.43,578
2026-08-19T20:10:00+00:00,7710.43,7711.2,7709.68,7709.68,213
2026-08-19T20:15:00+00:00,7709.68,7709.68,7707.43,7708.45,366
2026-08-19T20:20:00+00:00,7708.45,7708.95,7708.18,7708.44,187
2026-08-19T20:25:00+00:00,7708.44,7710.45,7708.18,7710.43,189
2026-08-19T20:30:00+00:00,7710.43,7710.93,7708.93,7710.7,138
2026-08-19T20:35:00+00:00,7710.7,7710.95,7709.2,7709.2,71
2026-08-19T20:40:00+00:00,7709.2,7710.7,7708.7,7709.95,94
2026-08-19T20:45:00+00:00,7709.95,7711.7,7709.95,7711.2,85
2026-08-19T20:50:00+00:00,7711.2,7712.45,7711.2,7711.94,144
2026-08-19T20:55:00+00:00,7711.94,7712.19,7711.19,7711.79,200
2026-08-19T22:00:00+00:00,7711.79,7721.16,7711.79,7719.9,1131
2026-08-19T22:05:00+00:00,7719.9,7720.3,7717.17,7720.29,535
2026-08-19T22:10:00+00:00,7720.29,7725.29,7717.78,7723.17,614
2026-08-19T22:15:00+00:00,7723.17,7723.17,7721.15,7721.55,202
2026-08-19T22:20:00+00:00,7721.55,7722.67,7720.4,7722.66,218
2026-08-19T22:25:00+00:00,7722.66,7722.79,7720.54,7721.03,135
2026-08-19T22:30:00+00:00,7721.03,7721.05,7720.05,7720.79,204
2026-08-19T22:35:00+00:00,7720.79,7723.42,7720.3,7723.17,225
2026-08-19T22:40:00+00:00,7723.17,7723.92,7722.65,7722.8,149
2026-08-19T22:45:00+00:00,7722.8,7723.53,7722.53,7723.03,128
2026-08-19T22:50:00+00:00,7723.03,7724.05,7723.03,7723.65,78
2026-08-19T22:55:00+00:00,7723.65,7724.55,7723.29,7724.3,299
2026-08-19T23:00:00+00:00,7724.3,7728.03,7722.29,7723.28,820
2026-08-19T23:05:00+00:00,7723.28,7726.3,7722.79,7725.65,292
2026-08-19T23:10:00+00:00,7725.65,7725.9,7724.03,7724.28,228
2026-08-19T23:15:00+00:00,7724.28,7725.3,7724.28,7724.53,95
2026-08-19T23:20:00+00:00,7724.53,7724.54,7722.78,7723.55,167
2026-08-19T23:25:00+00:00,7723.55,7723.79,7723.28,7723.79,95
2026-08-19T23:30:00+00:00,7723.79,7724.05,7722.55,7723.28,166
2026-08-19T23:35:00+00:00,7723.28,7724.4,7722.53,7723.55,154
2026-08-19T23:40:00+00:00,7723.55,7725.8,7723.55,7725.03,137
2026-08-19T23:45:00+00:00,7725.03,7725.05,7723.9,7724.05,433
2026-08-19T23:50:00+00:00,7724.05,7725.8,7722.78,7723.78,326
2026-08-19T23:55:00+00:00,7723.78,7724.05,7722.03,7722.28,373
2026-08-20T00:00:00+00:00,7722.28,7722.28,7717.3,7719.65,1580
2026-08-20T00:05:00+00:00,7719.65,7720.91,7716.28,7717.55,893
2026-08-20T00:10:00+00:00,7717.55,7721.54,7716.53,7721.54,935
2026-08-20T00:15:00+00:00,7721.54,7724.3,7721.15,7723.55,902
2026-08-20T00:20:00+00:00,7723.55,7724.8,7721.03,7722.79,575
2026-08-20T00:25:00+00:00,7722.79,7722.8,7720.78,7721.04,612
2026-08-20T00:30:00+00:00,7721.04,7721.92,7719.53,7721.9,817
2026-08-20T00:35:00+00:00,7721.9,7724.05,7720.28,7724.03,517
2026-08-20T00:40:00+00:00,7724.03,7724.17,7722.29,7722.79,315
2026-08-20T00:45:00+00:00,7722.79,7724.04,7721.78,7722.55,448
2026-08-20T00:50:00+00:00,7722.55,7724.3,7722.4,7724.3,400
2026-08-20T00:55:00+00:00,7724.3,7724.8,7723.8,7724.42,265
2026-08-20T01:00:00+00:00,7724.42,7726.3,7723.78,7725.55,501
2026-08-20T01:05:00+00:00,7725.55,7725.8,7723.53,7723.53,504
2026-08-20T01:10:00+00:00,7723.53,7723.66,7721.28,7722.65,680
2026-08-20T01:15:00+00:00,7722.65,7725.3,7722.03,7725.03,832
2026-08-20T01:20:00+00:00,7725.03,7725.3,7720.78,7721.54,693
2026-08-20T01:25:00+00:00,7721.54,7722.79,7720.28,7721.79,588
2026-08-20T01:30:00+00:00,7721.79,7723.28,7719.78,7721.79,1087
2026-08-20T01:35:00+00:00,7721.79,7723.04,7720.79,7722.8,561
2026-08-20T01:40:00+00:00,7722.8,7724.3,7722.4,7724.05,459
2026-08-20T01:45:00+00:00,7724.05,7724.55,7722.03,7723.03,533
2026-08-20T01:50:00+00:00,7723.03,7724.29,7721.29,7722.8,487
2026-08-20T01:55:00+00:00,7722.8,7722.8,7719.16,7720.78,520
2026-08-20T02:00:00+00:00,7720.78,7725.3,7720.53,7724.28,680
2026-08-20T02:05:00+00:00,7724.28,7725.03,7723.55,7723.55,392
2026-08-20T02:10:00+00:00,7723.55,7724.05,7722.28,7723.65,438
2026-08-20T02:15:00+00:00,7723.65,7723.8,7721.03,7721.55,375
2026-08-20T02:20:00+00:00,7721.55,7721.55,7717.79,7719.3,581
2026-08-20T02:25:00+00:00,7719.3,7719.8,7718.53,7718.91,419
2026-08-20T02:30:00+00:00,7718.91,7722.55,7717.03,7722.55,569
2026-08-20T02:35:00+00:00,7722.55,7722.8,7719.78,7721.04,418
2026-08-20T02:40:00+00:00,7721.04,7722.3,7720.53,7721.29,443
2026-08-20T02:45:00+00:00,7721.29,7721.92,7718.78,7718.78,353
2026-08-20T02:50:00+00:00,7718.78,7719.3,7717.8,7718.53,371
2026-08-20T02:55:00+00:00,7718.53,7720.05,7718.04,7719.8,371
2026-08-20T03:00:00+00:00,7719.8,7721.3,7719.05,7720.79,349
2026-08-20T03:05:00+00:00,7720.79,7723.54,7720.78,7721.05,296
2026-08-20T03:10:00+00:00,7721.05,7721.4,7718.3,7720.78,409
2026-08-20T03:15:00+00:00,7720.78,7722.8,7720.53,7722.79,321
2026-08-20T03:20:00+00:00,7722.79,7724.04,7722.53,7722.9,250
2026-08-20T03:25:00+00:00,7722.9,7723.05,7721.78,7721.78,316
2026-08-20T03:30:00+00:00,7721.78,7721.79,7719.28,7719.55,427
2026-08-20T03:35:00+00:00,7719.55,7720.29,7718.79,7720.29,420
2026-08-20T03:40:00+00:00,7720.29,7722.3,7719.78,7721.53,283
2026-08-20T03:45:00+00:00,7721.53,7722.05,7720.41,7722.04,341
2026-08-20T03:50:00+00:00,7722.04,7722.54,7721.28,7721.3,252
2026-08-20T03:55:00+00:00,7721.3,7722.8,7721.03,7721.55,383
2026-08-20T04:00:00+00:00,7721.55,7722.8,7720.79,7722.8,332
2026-08-20T04:05:00+00:00,7722.8,7724.55,7722.65,7724.55,137
2026-08-20T04:10:00+00:00,7724.55,7724.8,7724.03,7724.8,74
2026-08-20T04:15:00+00:00,7724.8,7724.8,7724.03,7724.53,141
2026-08-20T04:20:00+00:00,7724.53,7724.8,7723.03,7723.29,179
2026-08-20T04:25:00+00:00,7723.29,7724.15,7723.04,7723.29,214
2026-08-20T04:30:00+00:00,7723.29,7723.29,7720.54,7720.54,245
2026-08-20T04:35:00+00:00,7720.54,7721.8,7720.03,7721.78,292
2026-08-20T04:40:00+00:00,7721.78,7723.28,7721.67,7722.66,227
2026-08-20T04:45:00+00:00,7722.66,7723.3,7722.28,7722.78,198
2026-08-20T04:50:00+00:00,7722.78,7724.03,7722.41,7722.41,254
2026-08-20T04:55:00+00:00,7722.41,7722.42,7721.05,7721.55,269
2026-08-20T05:00:00+00:00,7721.55,7721.55,7720.28,7720.8,266
2026-08-20T05:05:00+00:00,7720.8,7720.8,7719.53,7719.55,215
2026-08-20T05:10:00+00:00,7719.55,7719.55,7717.04,7717.55,246
2026-08-20T05:15:00+00:00,7717.55,7721.3,7717.53,7721.05,434
2026-08-20T05:20:00+00:00,7721.05,7722.3,7719.28,7722.29,259
2026-08-20T05:25:00+00:00,7722.29,7722.8,7719.65,7719.79,352
2026-08-20T05:30:00+00:00,7719.79,7721.78,7718.78,7719.17,452
2026-08-20T05:35:00+00:00,7719.17,7719.3,7718.03,7719.16,344
2026-08-20T05:40:00+00:00,7719.16,7720.3,7718.28,7718.78,275
2026-08-20T05:45:00+00:00,7718.78,7719.05,7717.78,7718.67,314
2026-08-20T05:50:00+00:00,7718.67,7718.8,7716.29,7716.55,225
2026-08-20T05:55:00+00:00,7716.55,7717.8,7716.42,7717.04,247
2026-08-20T06:00:00+00:00,7717.04,7721.53,7717.04,7721.28,558
2026-08-20T06:05:00+00:00,7721.28,7724.3,7721.28,7724.3,466
2026-08-20T06:10:00+00:00,7724.3,7725.54,7722.78,7723.28,399
2026-08-20T06:15:00+00:00,7723.28,7723.55,7720.28,7722.03,371
2026-08-20T06:20:00+00:00,7722.03,7722.8,7721.03,7722.78,202
2026-08-20T06:25:00+00:00,7722.78,7723.41,7721.53,7723.04,313
2026-08-20T06:30:00+00:00,7723.04,7726.3,7722.29,7726.29,431
2026-08-20T06:35:00+00:00,7726.29,7726.41,7723.78,7724.03,321
2026-08-20T06:40:00+00:00,7724.03,7726.05,7723.78,7725.53,190
2026-08-20T06:45:00+00:00,7725.53,7727.3,7725.53,7726.55,234
2026-08-20T06:50:00+00:00,7726.55,7727.16,7725.28,7726.04,388
2026-08-20T06:55:00+00:00,7726.04,7726.16,7724.3,7724.53,358
2026-08-20T07:00:00+00:00,7724.53,7724.54,7717.78,7719.92,1181
2026-08-20T07:05:00+00:00,7719.92,7722.55,7718.91,7722.05,717
2026-08-20T07:10:00+00:00,7722.05,7722.8,7718.29,7718.53,760
2026-08-20T07:15:00+00:00,7718.53,7719.3,7717.53,7718.42,597
2026-08-20T07:20:00+00:00,7718.42,7719.3,7714.78,7715.66,748
2026-08-20T07:25:00+00:00,7715.66,7716.8,7713.28,7715.03,621
2026-08-20T07:30:00+00:00,7715.03,7717.29,7712.04,7716.41,1203
2026-08-20T07:35:00+00:00,7716.41,7718.04,7715.28,7716.03,759
2026-08-20T07:40:00+00:00,7716.03,7717.05,7714.28,7714.55,650
2026-08-20T07:45:00+00:00,7714.55,7717.55,7714.28,7717.28,497
2026-08-20T07:50:00+00:00,7717.28,7717.28,7713.28,7714.53,467
2026-08-20T07:55:00+00:00,7714.53,7715.3,7712.15,7712.29,445
2026-08-20T08:00:00+00:00,7712.29,7715.8,7710.28,7710.53,1627
2026-08-20T08:05:00+00:00,7710.53,7713.03,7710.05,7711.28,1194
2026-08-20T08:10:00+00:00,7711.28,7711.28,7706.78,7708.79,1042
2026-08-20T08:15:00+00:00,7708.79,7711.53,7707.28,7709.8,1481
2026-08-20T08:20:00+00:00,7709.8,7710.55,7705.53,7706.53,1005
2026-08-20T08:25:00+00:00,7706.53,7707.28,7704.03,7705.05,1086
2026-08-20T08:30:00+00:00,7705.05,7705.05,7699.28,7699.28,1418
2026-08-20T08:35:00+00:00,7699.28,7706.05,7698.78,7705.79,791
2026-08-20T08:40:00+00:00,7705.79,7706.78,7702.66,7702.8,863
2026-08-20T08:45:00+00:00,7702.8,7703.54,7697.78,7699.55,1518
2026-08-20T08:50:00+00:00,7699.55,7703.55,7699.41,7702.29,1033
2026-08-20T08:55:00+00:00,7702.29,7702.3,7700.03,7700.78,1153
2026-08-20T09:00:00+00:00,7700.78,7706.05,7699.78,7706.04,1197
2026-08-20T09:05:00+00:00,7706.04,7709.15,7704.05,7708.55,1307
2026-08-20T09:10:00+00:00,7708.55,7709.05,7704.8,7706.79,900
2026-08-20T09:15:00+00:00,7706.79,7708.05,7705.03,7706.55,884
2026-08-20T09:20:00+00:00,7706.55,7707.8,7706.04,7707.66,513
2026-08-20T09:25:00+00:00,7707.66,7708.8,7706.53,7706.53,424
2026-08-20T09:30:00+00:00,7706.53,7707.04,7704.53,7704.78,612
2026-08-20T09:35:00+00:00,7704.78,7706.54,7704.03,7706.29,510
2026-08-20T09:40:00+00:00,7706.29,7707.8,7704.54,7707.54,611
2026-08-20T09:45:00+00:00,7707.54,7709.03,7707.03,7707.05,473
2026-08-20T09:50:00+00:00,7707.05,7707.78,7704.28,7707.15,768
2026-08-20T09:55:00+00:00,7707.15,7707.3,7706.03,7706.04,734
2026-08-20T10:00:00+00:00,7706.04,7708.17,7704.03,7707.53,1025
2026-08-20T10:05:00+00:00,7707.53,7709.05,7706.53,7709.03,697
2026-08-20T10:10:00+00:00,7709.03,7710.8,7708.03,7710.53,603
2026-08-20T10:15:00+00:00,7710.53,7710.8,7708.53,7709.05,583
2026-08-20T10:20:00+00:00,7709.05,7710.05,7708.4,7709.8,472
2026-08-20T10:25:00+00:00,7709.8,7710.3,7707.03,7709.53,786
2026-08-20T10:30:00+00:00,7709.53,7711.3,7708.41,7708.55,571
2026-08-20T10:35:00+00:00,7708.55,7710.42,7706.29,7707.55,1090
2026-08-20T10:40:00+00:00,7707.55,7708.78,7707.28,7707.8,533
2026-08-20T10:45:00+00:00,7707.8,7712.04,7707.53,7711.53,498
2026-08-20T10:50:00+00:00,7711.53,7712.04,7710.03,7710.29,359
2026-08-20T10:55:00+00:00,7710.29,7712.8,7709.78,7712.79,405
2026-08-20T11:00:00+00:00,7712.79,7715.55,7707.55,7707.8,2496
2026-08-20T11:05:00+00:00,7707.8,7707.8,7704.9,7706.4,1236
2026-08-20T11:10:00+00:00,7706.4,7706.55,7702.8,7706.53,1087
2026-08-20T11:15:00+00:00,7706.53,7708.29,7704.79,7704.8,785
2026-08-20T11:20:00+00:00,7704.8,7704.9,7700.65,7701.28,1221
2026-08-20T11:25:00+00:00,7701.28,7702.3,7696.54,7697.05,1175
2026-08-20T11:30:00+00:00,7697.05,7700.05,7696.78,7698.05,1465
2026-08-20T11:35:00+00:00,7698.05,7700.8,7696.53,7700.67,1153
2026-08-20T11:40:00+00:00,7700.67,7701.42,7695.29,7696.15,1462
2026-08-20T11:45:00+00:00,7696.15,7696.8,7690.54,7691.53,2063
2026-08-20T11:50:00+00:00,7691.53,7692.17,7689.04,7689.04,1674
2026-08-20T11:55:00+00:00,7689.04,7689.8,7685.53,7686.55,1623
2026-08-20T12:00:00+00:00,7686.55,7686.8,7676.79,7678.03,2585
2026-08-20T12:05:00+00:00,7678.03,7679.05,7669.9,7672.05,2885
2026-08-20T12:10:00+00:00,7672.05,7672.3,7667.04,7669.53,2694
2026-08-20T12:15:00+00:00,7669.53,7672.78,7667.92,7668.65,3067
2026-08-20T12:20:00+00:00,7668.65,7674.8,7668.53,7672.91,2421
2026-08-20T12:25:00+00:00,7672.91,7672.91,7669.15,7669.15,1127
2026-08-20T12:30:00+00:00,7669.15,7669.91,7666.03,7667.92,1801
2026-08-20T12:35:00+00:00,7667.92,7668.55,7662.65,7668.41,1898
2026-08-20T12:40:00+00:00,7668.41,7670.8,7667.28,7670.78,1763
2026-08-20T12:45:00+00:00,7670.78,7675.3,7670.04,7675.05,1372
2026-08-20T12:50:00+00:00,7675.05,7679.05,7674.53,7679.05,970
2026-08-20T12:55:00+00:00,7679.05,7679.54,7676.78,7679.05,831
2026-08-20T13:00:00+00:00,7679.05,7684.04,7679.05,7682.79,1275
2026-08-20T13:05:00+00:00,7682.79,7683.55,7679.29,7679.54,900
2026-08-20T13:10:00+00:00,7679.54,7680.28,7676.78,7677.29,911
2026-08-20T13:15:00+00:00,7677.29,7679.04,7675.53,7677.53,1223
2026-08-20T13:20:00+00:00,7677.53,7678.55,7674.79,7678.55,956
2026-08-20T13:25:00+00:00,7678.55,7680.78,7676.42,7680.55,1801
2026-08-20T13:30:00+00:00,7680.55,7691.85,7679.58,7691.58,6597
2026-08-20T13:35:00+00:00,7691.58,7698.1,7687.58,7694.09,6287
2026-08-20T13:40:00+00:00,7694.09,7698.35,7687.33,7694.33,5703
2026-08-20T13:45:00+00:00,7694.33,7695.83,7687.33,7692.35,6058
2026-08-20T13:50:00+00:00,7692.35,7693.35,7685.08,7690.08,6226
2026-08-20T13:55:00+00:00,7690.08,7693.6,7682.34,7686.08,6142
2026-08-20T14:00:00+00:00,7686.08,7690.09,7680.34,7680.34,6665
2026-08-20T14:05:00+00:00,7680.34,7687.1,7679.22,7687.1,5679
2026-08-20T14:10:00+00:00,7687.1,7687.84,7679.83,7680.33,5406
2026-08-20T14:15:00+00:00,7680.33,7681.84,7674.6,7674.83,5074
2026-08-20T14:20:00+00:00,7674.83,7689.72,7674.09,7688.08,6153
2026-08-20T14:25:00+00:00,7688.08,7688.84,7680.33,7682.59,5053
2026-08-20T14:30:00+00:00,7682.59,7688.6,7680.58,7681.33,4690
2026-08-20T14:35:00+00:00,7681.33,7692.1,7679.83,7690.08,4435
2026-08-20T14:40:00+00:00,7690.08,7693.1,7686.08,7692.1,3091
2026-08-20T14:45:00+00:00,7692.1,7695.35,7686.83,7687.85,3232
2026-08-20T14:50:00+00:00,7687.85,7693.1,7686.34,7687.59,3548
2026-08-20T14:55:00+00:00,7687.59,7692.71,7685.59,7692.09,3511
2026-08-20T15:00:00+00:00,7692.09,7702.1,7691.83,7699.34,5868
2026-08-20T15:05:00+00:00,7699.34,7699.34,7684.08,7685.84,4832
2026-08-20T15:10:00+00:00,7685.84,7690.35,7681.08,7688.08,4520
2026-08-20T15:15:00+00:00,7688.08,7691.09,7684.33,7688.1,3279
2026-08-20T15:20:00+00:00,7688.1,7688.1,7680.35,7683.09,2961
2026-08-20T15:25:00+00:00,7683.09,7688.34,7680.34,7687.83,3176
2026-08-20T15:30:00+00:00,7687.83,7689.1,7679.08,7680.08,3342
2026-08-20T15:35:00+00:00,7680.08,7681.6,7675.83,7675.84,3117
2026-08-20T15:40:00+00:00,7675.84,7678.6,7673.59,7673.84,2570
2026-08-20T15:45:00+00:00,7673.84,7677.58,7672.59,7675.84,2175
2026-08-20T15:50:00+00:00,7675.84,7680.58,7674.58,7678.84,2453
2026-08-20T15:55:00+00:00,7678.84,7680.33,7676.58,7678.59,1871
2026-08-20T16:00:00+00:00,7678.59,7681.09,7675.33,7676.08,2220
2026-08-20T16:05:00+00:00,7676.08,7680.34,7675.83,7680.33,1872
2026-08-20T16:10:00+00:00,7680.33,7681.09,7675.1,7675.33,1440
2026-08-20T16:15:00+00:00,7675.33,7676.85,7674.84,7676.33,1148
2026-08-20T16:20:00+00:00,7676.33,7681.1,7674.83,7679.59,1540
2026-08-20T16:25:00+00:00,7679.59,7680.59,7676.58,7677.83,1328
2026-08-20T16:30:00+00:00,7677.83,7681.6,7674.08,7681.35,1588
2026-08-20T16:35:00+00:00,7681.35,7684.1,7680.34,7683.34,1433
2026-08-20T16:40:00+00:00,7683.34,7686.85,7683.1,7686.85,1504
2026-08-20T16:45:00+00:00,7686.85,7686.85,7683.58,7684.1,1205
2026-08-20T16:50:00+00:00,7684.1,7686.35,7681.34,7682.08,1160
2026-08-20T16:55:00+00:00,7682.08,7685.34,7680.58,7684.33,1615
2026-08-20T17:00:00+00:00,7684.33,7684.58,7679.83,7680.58,1090
2026-08-20T17:05:00+00:00,7680.58,7680.6,7676.33,7677.09,1317
2026-08-20T17:10:00+00:00,7677.09,7678.35,7675.09,7675.33,1006
2026-08-20T17:15:00+00:00,7675.33,7675.6,7668.58,7668.85,1713
2026-08-20T17:20:00+00:00,7668.85,7672.6,7668.09,7670.58,1560
2026-08-20T17:25:00+00:00,7670.58,7671.1,7667.58,7667.85,1211
2026-08-20T17:30:00+00:00,7667.85,7669.1,7666.09,7666.35,1116
2026-08-20T17:35:00+00:00,7666.35,7667.85,7663.09,7664.83,1183
2026-08-20T17:40:00+00:00,7664.83,7665.35,7662.58,7664.84,899
2026-08-20T17:45:00+00:00,7664.84,7668.6,7664.08,7667.58,965
2026-08-20T17:50:00+00:00,7667.58,7670.35,7667.33,7667.85,811
2026-08-20T17:55:00+00:00,7667.85,7668.6,7665.33,7665.85,983
2026-08-20T18:00:00+00:00,7665.85,7665.85,7660.58,7661.33,1584
2026-08-20T18:05:00+00:00,7661.33,7661.6,7656.1,7657.58,1653
2026-08-20T18:10:00+00:00,7657.58,7658.09,7653.83,7656.09,1485
2026-08-20T18:15:00+00:00,7656.09,7657.33,7651.59,7657.09,1557
2026-08-20T18:20:00+00:00,7657.09,7659.6,7656.34,7656.58,1268
2026-08-20T18:25:00+00:00,7656.58,7657.46,7654.84,7656.1,1077
2026-08-20T18:30:00+00:00,7656.1,7656.6,7652.83,7653.35,1041
2026-08-20T18:35:00+00:00,7653.35,7656.59,7653.33,7654.59,791
2026-08-20T18:40:00+00:00,7654.59,7656.59,7652.58,7656.08,764
2026-08-20T18:45:00+00:00,7656.08,7658.85,7654.58,7657.59,992
2026-08-20T18:50:00+00:00,7657.59,7658.33,7655.83,7656.6,809
2026-08-20T18:55:00+00:00,7656.6,7658.1,7652.83,7652.83,715
2026-08-20T19:00:00+00:00,7652.83,7654.85,7652.33,7654.58,1063
2026-08-20T19:05:00+00:00,7654.58,7657.6,7653.33,7656.85,1010
2026-08-20T19:10:00+00:00,7656.85,7657.1,7654.58,7655.84,851
2026-08-20T19:15:00+00:00,7655.84,7658.59,7653.34,7654.09,904
2026-08-20T19:20:00+00:00,7654.09,7658.1,7652.85,7657.1,822
2026-08-20T19:25:00+00:00,7657.1,7658.1,7655.08,7655.58,750
2026-08-20T19:30:00+00:00,7655.58,7655.85,7651.33,7652.58,1126
2026-08-20T19:35:00+00:00,7652.58,7657.1,7651.83,7655.6,1010
2026-08-20T19:40:00+00:00,7655.6,7656.35,7650.33,7651.6,1021
2026-08-20T19:45:00+00:00,7651.6,7654.85,7648.83,7654.6,1615
2026-08-20T19:50:00+00:00,7654.6,7654.6,7648.08,7649.58,2434
2026-08-20T19:55:00+00:00,7649.58,7649.6,7641.35,7647.09,3447
2026-08-20T20:00:00+00:00,7647.09,7649.55,7646.54,7648.05,1100
2026-08-20T20:05:00+00:00,7648.05,7648.05,7643.3,7646.28,499
2026-08-20T20:10:00+00:00,7646.28,7648.05,7643.03,7643.8,354
2026-08-20T20:15:00+00:00,7643.8,7644.3,7640.03,7642.55,450
2026-08-20T20:20:00+00:00,7642.55,7645.8,7642.55,7645.8,167
2026-08-20T20:25:00+00:00,7645.8,7646.54,7645.03,7645.03,133
2026-08-20T20:30:00+00:00,7645.03,7647.28,7644.28,7646.53,186
2026-08-20T20:35:00+00:00,7646.53,7649.53,7646.53,7648.29,170
2026-08-20T20:40:00+00:00,7648.29,7648.79,7647.54,7648.29,175
2026-08-20T20:45:00+00:00,7648.29,7648.8,7648.28,7648.8,97
2026-08-20T20:50:00+00:00,7648.8,7649.3,7647.78,7649.05,82
2026-08-20T20:55:00+00:00,7649.05,7650.54,7649.05,7650.14,101
2026-08-20T22:00:00+00:00,7650.14,7655.14,7647.76,7647.89,1086
2026-08-20T22:05:00+00:00,7647.89,7649.5,7647.12,7649.37,372
2026-08-20T22:10:00+00:00,7649.37,7650.13,7647.62,7647.87,176
2026-08-20T22:15:00+00:00,7647.87,7650.13,7647.62,7649.14,152
2026-08-20T22:20:00+00:00,7649.14,7649.51,7648.38,7648.51,159
2026-08-20T22:25:00+00:00,7648.51,7649.63,7647.64,7649.39,154
2026-08-20T22:30:00+00:00,7649.39,7650.62,7647.88,7650.39,150
2026-08-20T22:35:00+00:00,7650.39,7651.14,7649.89,7649.99,141
2026-08-20T22:40:00+00:00,7649.99,7650.88,7649.12,7650.88,114
2026-08-20T22:45:00+00:00,7650.88,7651.88,7650.37,7651.76,105
2026-08-20T22:50:00+00:00,7651.76,7653.14,7651.62,7652.89,157
2026-08-20T22:55:00+00:00,7652.89,7653.37,7652.62,7653.12,59
2026-08-20T23:00:00+00:00,7653.12,7653.13,7652,7652.25,155
2026-08-20T23:05:00+00:00,7652.25,7652.89,7651.63,7651.89,138
2026-08-20T23:10:00+00:00,7651.89,7652.39,7651.87,7652,78
2026-08-20T23:15:00+00:00,7652,7652.89,7651.37,7652.12,120
2026-08-20T23:20:00+00:00,7652.12,7652.38,7651.87,7651.87,56
2026-08-20T23:25:00+00:00,7651.87,7652.12,7651.14,7651.62,77
2026-08-20T23:30:00+00:00,7651.62,7652.13,7651.12,7651.14,79
2026-08-20T23:35:00+00:00,7651.14,7651.14,7649.62,7650.14,139
2026-08-20T23:40:00+00:00,7650.14,7652.39,7650.14,7651.63,194
2026-08-20T23:45:00+00:00,7651.63,7651.63,7647.88,7650.63,568
2026-08-20T23:50:00+00:00,7650.63,7651.64,7649.12,7651.13,680
2026-08-20T23:55:00+00:00,7651.13,7651.13,7649.37,7649.99,880
2026-08-21T00:00:00+00:00,7649.99,7654.51,7649.26,7652.13,1812
2026-08-21T00:05:00+00:00,7652.13,7655.63,7651.88,7653.64,1144
2026-08-21T00:10:00+00:00,7653.64,7656.64,7653.25,7656.39,748
2026-08-21T00:15:00+00:00,7656.39,7656.39,7650.62,7651.37,896
2026-08-21T00:20:00+00:00,7651.37,7654.12,7650.87,7651.38,723
2026-08-21T00:25:00+00:00,7651.38,7652.14,7649.38,7650.88,661
2026-08-21T00:30:00+00:00,7650.88,7652.14,7649.37,7651.62,828
2026-08-21T00:35:00+00:00,7651.62,7653.49,7650.87,7653.26,565
2026-08-21T00:40:00+00:00,7653.26,7653.38,7650.12,7652.14,495
2026-08-21T00:45:00+00:00,7652.14,7653.14,7651.62,7652.39,747
2026-08-21T00:50:00+00:00,7652.39,7652.64,7648.87,7648.88,743
2026-08-21T00:55:00+00:00,7648.88,7649.64,7648.13,7648.39,755
2026-08-21T01:00:00+00:00,7648.39,7650.39,7647.64,7648.62,933
2026-08-21T01:05:00+00:00,7648.62,7648.89,7645.12,7646.37,868
2026-08-21T01:10:00+00:00,7646.37,7649.39,7645.87,7648.88,971
2026-08-21T01:15:00+00:00,7648.88,7651.64,7647.12,7651.39,761
2026-08-21T01:20:00+00:00,7651.39,7651.39,7647.14,7649.24,828
2026-08-21T01:25:00+00:00,7649.24,7651.39,7648.89,7649.38,886
2026-08-21T01:30:00+00:00,7649.38,7651.38,7648.63,7649.64,792
2026-08-21T01:35:00+00:00,7649.64,7649.74,7647.12,7647.37,591
2026-08-21T01:40:00+00:00,7647.37,7650.89,7647.24,7650.13,607
2026-08-21T01:45:00+00:00,7650.13,7652.64,7649.12,7652.38,424
2026-08-21T01:50:00+00:00,7652.38,7652.89,7649.13,7649.13,367
2026-08-21T01:55:00+00:00,7649.13,7651.14,7648.12,7650.88,467
2026-08-21T02:00:00+00:00,7650.88,7652.38,7650.37,7651.63,594
2026-08-21T02:05:00+00:00,7651.63,7652.89,7651.12,7652.88,252
2026-08-21T02:10:00+00:00,7652.88,7653.38,7651.38,7653.38,252
2026-08-21T02:15:00+00:00,7653.38,7653.89,7652.62,7652.99,162
2026-08-21T02:20:00+00:00,7652.99,7656.63,7652.89,7654.87,365
2026-08-21T02:25:00+00:00,7654.87,7655.63,7654.14,7655.51,338
2026-08-21T02:30:00+00:00,7655.51,7656.39,7654.64,7655.13,214
2026-08-21T02:35:00+00:00,7655.13,7656.12,7654.63,7654.63,248
2026-08-21T02:40:00+00:00,7654.63,7656.14,7653.87,7654.38,411
2026-08-21T02:45:00+00:00,7654.38,7655.88,7653.64,7655.13,395
2026-08-21T02:50:00+00:00,7655.13,7656.39,7654.62,7655.37,269
2026-08-21T02:55:00+00:00,7655.37,7655.89,7654.62,7654.64,188
2026-08-21T03:00:00+00:00,7654.64,7655.39,7654.25,7654.64,336
2026-08-21T03:05:00+00:00,7654.64,7654.64,7652.37,7653.13,256
2026-08-21T03:10:00+00:00,7653.13,7653.14,7651.38,7651.62,225
2026-08-21T03:15:00+00:00,7651.62,7652.14,7650.62,7650.63,235
2026-08-21T03:20:00+00:00,7650.63,7652.75,7650.63,7652.64,291
2026-08-21T03:25:00+00:00,7652.64,7652.64,7651.62,7652.14,287
2026-08-21T03:30:00+00:00,7652.14,7654.39,7652.14,7654.38,375
2026-08-21T03:35:00+00:00,7654.38,7654.64,7652.13,7653.37,280
2026-08-21T03:40:00+00:00,7653.37,7653.37,7651.64,7652.14,424
2026-08-21T03:45:00+00:00,7652.14,7652.51,7650.88,7651.75,276
2026-08-21T03:50:00+00:00,7651.75,7652.13,7650.99,7651.12,440
2026-08-21T03:55:00+00:00,7651.12,7653.13,7650.37,7651.89,366
2026-08-21T04:00:00+00:00,7651.89,7653.39,7651.62,7653.37,419
2026-08-21T04:05:00+00:00,7653.37,7653.64,7652.62,7652.87,236
2026-08-21T04:10:00+00:00,7652.87,7653.49,7651.87,7653.37,296
2026-08-21T04:15:00+00:00,7653.37,7653.64,7651.63,7652.38,341
2026-08-21T04:20:00+00:00,7652.38,7652.39,7649.62,7650.14,341
2026-08-21T04:25:00+00:00,7650.14,7650.39,7649.62,7649.64,240
2026-08-21T04:30:00+00:00,7649.64,7650.5,7648.63,7649.37,244
2026-08-21T04:35:00+00:00,7649.37,7649.64,7648.12,7648.37,267
2026-08-21T04:40:00+00:00,7648.37,7649.64,7648.37,7649.12,291
2026-08-21T04:45:00+00:00,7649.12,7652.64,7649.12,7652.64,291
2026-08-21T04:50:00+00:00,7652.64,7653.39,7652.38,7653.14,315
2026-08-21T04:55:00+00:00,7653.14,7653.14,7651.64,7652.62,189
2026-08-21T05:00:00+00:00,7652.62,7654.14,7652.13,7654.12,354
2026-08-21T05:05:00+00:00,7654.12,7654.13,7652.12,7652.12,118
2026-08-21T05:10:00+00:00,7652.12,7653.89,7651.87,7653.63,198
2026-08-21T05:15:00+00:00,7653.63,7654.87,7653.14,7654.37,125.72866391995291
2026-08-21T05:20:00+00:00,7654.37,7654.37,7651.99,7652,321
2026-08-21T05:25:00+00:00,7652,7652.89,7650.87,7651.13,213
2026-08-21T05:30:00+00:00,7651.13,7653.76,7650.37,7653.39,318
2026-08-21T05:35:00+00:00,7653.39,7654.14,7652.76,7653.12,267
2026-08-21T05:40:00+00:00,7653.12,7653.38,7651.12,7652.12,266
2026-08-21T05:45:00+00:00,7652.12,7652.14,7649.63,7649.89,264
2026-08-21T05:50:00+00:00,7649.89,7650.89,7649.62,7650.38,316
2026-08-21T05:55:00+00:00,7650.38,7652.37,7650.12,7652.14,416
2026-08-21T06:00:00+00:00,7652.14,7652.64,7650.87,7651.64,608
2026-08-21T06:05:00+00:00,7651.64,7652.75,7651.12,7651.88,246
2026-08-21T06:10:00+00:00,7651.88,7653.63,7651.87,7653.39,275
2026-08-21T06:15:00+00:00,7653.39,7654.24,7652.87,7653.39,292
2026-08-21T06:20:00+00:00,7653.39,7653.89,7652.62,7652.63,188
2026-08-21T06:25:00+00:00,7652.63,7654.14,7652.38,7653.87,232
2026-08-21T06:30:00+00:00,7653.87,7657.39,7653.62,7657.39,330
2026-08-21T06:35:00+00:00,7657.39,7658.89,7655.87,7655.89,301
2026-08-21T06:40:00+00:00,7655.89,7655.89,7653.88,7653.88,187
2026-08-21T06:45:00+00:00,7653.88,7656.38,7652.87,7656.14,338
2026-08-21T06:50:00+00:00,7656.14,7656.39,7654.49,7655.89,374
2026-08-21T06:55:00+00:00,7655.89,7657.64,7655.49,7657.38,418
2026-08-21T07:00:00+00:00,7657.38,7659.39,7654.87,7659.13,1043
2026-08-21T07:05:00+00:00,7659.13,7660.39,7658.89,7659.88,599
2026-08-21T07:10:00+00:00,7659.88,7661.64,7658.88,7661.64,374
2026-08-21T07:15:00+00:00,7661.64,7661.64,7659.87,7661.13,373
2026-08-21T07:20:00+00:00,7661.13,7662.88,7660.37,7662.88,461
2026-08-21T07:25:00+00:00,7662.88,7662.88,7660.14,7660.39,338
2026-08-21T07:30:00+00:00,7660.39,7664.39,7659.88,7664.14,559
2026-08-21T07:35:00+00:00,7664.14,7664.51,7662.89,7664.12,404
2026-08-21T07:40:00+00:00,7664.12,7665.64,7662.38,7663.14,457
2026-08-21T07:45:00+00:00,7663.14,7665.89,7662.37,7664.63,399
2026-08-21T07:50:00+00:00,7664.63,7665.39,7663.87,7664.39,267
2026-08-21T07:55:00+00:00,7664.39,7665.64,7663.39,7665.64,312
2026-08-21T08:00:00+00:00,7665.64,7667.25,7664.87,7666.89,705
2026-08-21T08:05:00+00:00,7666.89,7666.89,7661.63,7663.38,805
2026-08-21T08:10:00+00:00,7663.38,7664.39,7662.49,7663.63,903
2026-08-21T08:15:00+00:00,7663.63,7666.38,7662.37,7665.87,600
2026-08-21T08:20:00+00:00,7665.87,7666.14,7663.37,7664.87,655
2026-08-21T08:25:00+00:00,7664.87,7667.89,7664.87,7667.37,598
2026-08-21T08:30:00+00:00,7667.37,7668.39,7666.88,7667.62,614
2026-08-21T08:35:00+00:00,7667.62,7669.39,7667.62,7669.39,394
2026-08-21T08:40:00+00:00,7669.39,7670.39,7668.62,7670.12,600
2026-08-21T08:45:00+00:00,7670.12,7670.39,7669.37,7669.37,286
2026-08-21T08:50:00+00:00,7669.37,7672.63,7669.37,7671.13,458
2026-08-21T08:55:00+00:00,7671.13,7672.38,7670.87,7671.25,276
2026-08-21T09:00:00+00:00,7671.25,7671.64,7667.87,7668.62,532
2026-08-21T09:05:00+00:00,7668.62,7668.89,7666.12,7666.64,570
2026-08-21T09:10:00+00:00,7666.64,7669.89,7665.87,7669.88,708
2026-08-21T09:15:00+00:00,7669.88,7670.64,7669.12,7669.89,383
2026-08-21T09:20:00+00:00,7669.89,7670.39,7669.13,7669.39,275
2026-08-21T09:25:00+00:00,7669.39,7669.88,7668.63,7668.89,172
2026-08-21T09:30:00+00:00,7668.89,7669.89,7668.14,7668.63,246
2026-08-21T09:35:00+00:00,7668.63,7671.64,7668.62,7671.12,300
2026-08-21T09:40:00+00:00,7671.12,7672.14,7670.87,7671.38,425
2026-08-21T09:45:00+00:00,7671.38,7671.64,7669.87,7671.38,229
2026-08-21T09:50:00+00:00,7671.38,7672.14,7669.87,7671.63,425
2026-08-21T09:55:00+00:00,7671.63,7672.64,7671.37,7671.62,312
2026-08-21T10:00:00+00:00,7671.62,7675.89,7671.62,7674.63,585
2026-08-21T10:05:00+00:00,7674.63,7675.37,7671.13,7671.89,450
2026-08-21T10:10:00+00:00,7671.89,7672.14,7669.39,7670.63,420
2026-08-21T10:15:00+00:00,7670.63,7671.89,7670.12,7670.49,351
2026-08-21T10:20:00+00:00,7670.49,7670.89,7669.37,7670.89,287
2026-08-21T10:25:00+00:00,7670.89,7672.64,7670.62,7672.49,315
2026-08-21T10:30:00+00:00,7672.49,7672.76,7671.13,7671.13,292
2026-08-21T10:35:00+00:00,7671.13,7672.26,7670.87,7671.87,217
2026-08-21T10:40:00+00:00,7671.87,7672.26,7670.14,7670.62,199
2026-08-21T10:45:00+00:00,7670.62,7671.63,7670.62,7671.14,189
2026-08-21T10:50:00+00:00,7671.14,7672.62,7670.63,7671.87,255
2026-08-21T10:55:00+00:00,7671.87,7672.39,7671.14,7672.13,240
2026-08-21T11:00:00+00:00,7672.13,7672.14,7668.62,7669.89,455
2026-08-21T11:05:00+00:00,7669.89,7673.14,7669.74,7672.38,500
2026-08-21T11:10:00+00:00,7672.38,7672.89,7670.64,7671.26,370
2026-08-21T11:15:00+00:00,7671.26,7673.64,7671.26,7672.88,233
2026-08-21T11:20:00+00:00,7672.88,7680.88,7672.87,7680.37,1249
2026-08-21T11:25:00+00:00,7680.37,7681.89,7678.12,7680.37,1641
2026-08-21T11:30:00+00:00,7680.37,7682.13,7677.88,7679.51,1341
2026-08-21T11:35:00+00:00,7679.51,7683.14,7679.37,7680.14,1152
2026-08-21T11:40:00+00:00,7680.14,7682.39,7679.49,7682.39,846
2026-08-21T11:45:00+00:00,7682.39,7682.39,7677.62,7679.39,500
2026-08-21T11:50:00+00:00,7679.39,7679.39,7678.37,7678.89,312
2026-08-21T11:55:00+00:00,7678.89,7679.89,7678.62,7678.88,318
2026-08-21T12:00:00+00:00,7678.88,7679.64,7676.63,7678.37,610
2026-08-21T12:05:00+00:00,7678.37,7680.39,7678.12,7680.13,414
2026-08-21T12:10:00+00:00,7680.13,7680.38,7677.87,7677.88,225
2026-08-21T12:15:00+00:00,7677.88,7680.38,7677.14,7679.62,311
2026-08-21T12:20:00+00:00,7679.62,7681.89,7677.39,7681.64,406
2026-08-21T12:25:00+00:00,7681.64,7684.64,7680.99,7684.64,459
2026-08-21T12:30:00+00:00,7684.64,7686.75,7683.62,7684.62,729
2026-08-21T12:35:00+00:00,7684.62,7685.13,7681.87,7683.88,590
2026-08-21T12:40:00+00:00,7683.88,7688.14,7683.14,7687.88,432
2026-08-21T12:45:00+00:00,7687.88,7688.14,7684.41,7687.38,361
2026-08-21T12:50:00+00:00,7687.38,7687.5,7683.87,7684.63,333
2026-08-21T12:55:00+00:00,7684.63,7684.89,7684.12,7684.64,207
2026-08-21T13:00:00+00:00,7684.64,7686.14,7683.38,7684.14,510
2026-08-21T13:05:00+00:00,7684.14,7684.14,7679.62,7679.74,524
2026-08-21T13:10:00+00:00,7679.74,7679.89,7674.63,7675.63,643
2026-08-21T13:15:00+00:00,7675.63,7676.87,7673.12,7673.37,980
2026-08-21T13:20:00+00:00,7673.37,7674.13,7672.37,7674.12,717
2026-08-21T13:25:00+00:00,7674.12,7680.12,7669.12,7679.39,2294
2026-08-21T13:30:00+00:00,7679.39,7679.39,7667.43,7667.69,6182
2026-08-21T13:35:00+00:00,7667.69,7670.69,7665.17,7669.93,4115
2026-08-21T13:40:00+00:00,7669.93,7671.68,7666.94,7670.18,4438
2026-08-21T13:45:00+00:00,7670.18,7673.19,7665.92,7668.68,3792
2026-08-21T13:50:00+00:00,7668.68,7671.42,7660.67,7663.17,3547
2026-08-21T13:55:00+00:00,7663.17,7667.43,7661.92,7664.42,3962
2026-08-21T14:00:00+00:00,7664.42,7668.69,7664.19,7668.44,4119
2026-08-21T14:05:00+00:00,7668.44,7674.54,7668.19,7671.56,2758
2026-08-21T14:10:00+00:00,7671.56,7673.69,7665.19,7666.19,3385
2026-08-21T14:15:00+00:00,7666.19,7669.69,7664.93,7665.42,3917
2026-08-21T14:20:00+00:00,7665.42,7671.17,7663.92,7666.68,3305
2026-08-21T14:25:00+00:00,7666.68,7670.18,7665.17,7665.44,2564
2026-08-21T14:30:00+00:00,7665.44,7667.93,7663.92,7663.94,3011
2026-08-21T14:35:00+00:00,7663.94,7665.43,7661.42,7662.67,2309
2026-08-21T14:40:00+00:00,7662.67,7667.69,7661.18,7665.19,2261
2026-08-21T14:45:00+00:00,7665.19,7669.92,7664.42,7669.42,2312
2026-08-21T14:50:00+00:00,7669.42,7672.19,7667.92,7669.67,2291
2026-08-21T14:55:00+00:00,7669.67,7677.67,7668.67,7677.42,2331
2026-08-21T15:00:00+00:00,7677.42,7682.94,7676.68,7681.67,2537
2026-08-21T15:05:00+00:00,7681.67,7683.19,7677.17,7677.67,1928
2026-08-21T15:10:00+00:00,7677.67,7679.68,7676.17,7676.43,1413
2026-08-21T15:15:00+00:00,7676.43,7678.69,7674.67,7675.19,1419
2026-08-21T15:20:00+00:00,7675.19,7677.69,7673.68,7674.17,1394
2026-08-21T15:25:00+00:00,7674.17,7679.18,7673.42,7678.43,1236
2026-08-21T15:30:00+00:00,7678.43,7683.94,7677.18,7683.94,1557
2026-08-21T15:35:00+00:00,7683.94,7689.69,7683.43,7689.69,1481
2026-08-21T15:40:00+00:00,7689.69,7693.44,7688.67,7692.17,1542
2026-08-21T15:45:00+00:00,7692.17,7693.68,7688.67,7689.42,1429
2026-08-21T15:50:00+00:00,7689.42,7697.67,7689.42,7695.94,1067
2026-08-21T15:55:00+00:00,7695.94,7696.18,7689.92,7691.19,1041
2026-08-21T16:00:00+00:00,7691.19,7692.3,7685.43,7686.42,1254
2026-08-21T16:05:00+00:00,7686.42,7686.69,7681.92,7682.44,1343
2026-08-21T16:10:00+00:00,7682.44,7684.69,7681.43,7681.44,1071
2026-08-21T16:15:00+00:00,7681.44,7684.19,7678.17,7679.17,1335
2026-08-21T16:20:00+00:00,7679.17,7688.94,7677.67,7680.94,3110
2026-08-21T16:25:00+00:00,7680.94,7684.92,7680.19,7684.17,1544
2026-08-21T16:30:00+00:00,7684.17,7684.19,7679.18,7679.18,1235
2026-08-21T16:35:00+00:00,7679.18,7684.67,7679.18,7684.67,864
2026-08-21T16:40:00+00:00,7684.67,7684.68,7681.93,7682.68,639
2026-08-21T16:45:00+00:00,7682.68,7682.69,7680.06,7680.69,654
2026-08-21T16:50:00+00:00,7680.69,7680.69,7676.93,7679.18,899
2026-08-21T16:55:00+00:00,7679.18,7683.19,7678.42,7682.92,888
2026-08-21T17:00:00+00:00,7682.92,7683.68,7681.18,7681.68,995
2026-08-21T17:05:00+00:00,7681.68,7684.43,7680.67,7682.69,899
2026-08-21T17:10:00+00:00,7682.69,7682.69,7679.92,7681.19,608
2026-08-21T17:15:00+00:00,7681.19,7681.94,7679.93,7680.42,790
2026-08-21T17:20:00+00:00,7680.42,7680.67,7676.19,7677.67,1069
2026-08-21T17:25:00+00:00,7677.67,7679.43,7676.17,7677.44,852
2026-08-21T17:30:00+00:00,7677.44,7678.19,7674.42,7674.42,862
2026-08-21T17:35:00+00:00,7674.42,7677.19,7674.17,7674.92,729
2026-08-21T17:40:00+00:00,7674.92,7676.19,7673.92,7675.93,542
2026-08-21T17:45:00+00:00,7675.93,7677.93,7674.93,7676.17,653
2026-08-21T17:50:00+00:00,7676.17,7676.69,7674.17,7674.93,653
2026-08-21T17:55:00+00:00,7674.93,7674.94,7673.44,7673.44,633
2026-08-21T18:00:00+00:00,7673.44,7676.44,7672.68,7675.94,750
2026-08-21T18:05:00+00:00,7675.94,7675.94,7672.17,7672.18,699
2026-08-21T18:10:00+00:00,7672.18,7674.44,7671.92,7672.42,633
2026-08-21T18:15:00+00:00,7672.42,7674.19,7672.17,7673.68,526
2026-08-21T18:20:00+00:00,7673.68,7675.17,7673.18,7673.93,479
2026-08-21T18:25:00+00:00,7673.93,7674.19,7671.67,7671.93,572
2026-08-21T18:30:00+00:00,7671.93,7672.69,7669.69,7670.92,675
2026-08-21T18:35:00+00:00,7670.92,7672.44,7670.92,7671.42,500
2026-08-21T18:40:00+00:00,7671.42,7674.19,7671.17,7673.18,541
2026-08-21T18:45:00+00:00,7673.18,7675.92,7672.43,7675.69,487
2026-08-21T18:50:00+00:00,7675.69,7678.79,7675.69,7677.94,653
2026-08-21T18:55:00+00:00,7677.94,7681.44,7676.92,7680.92,583
2026-08-21T19:00:00+00:00,7680.92,7682.69,7679.17,7679.17,1060
2026-08-21T19:05:00+00:00,7679.17,7682.19,7678.92,7679.94,562
2026-08-21T19:10:00+00:00,7679.94,7679.94,7677.67,7679.43,693
2026-08-21T19:15:00+00:00,7679.43,7679.94,7677.42,7678.68,565
2026-08-21T19:20:00+00:00,7678.68,7681.19,7677.67,7680.93,413
2026-08-21T19:25:00+00:00,7680.93,7680.94,7678.42,7679.43,356
2026-08-21T19:30:00+00:00,7679.43,7681.94,7679.17,7679.69,646
2026-08-21T19:35:00+00:00,7679.69,7682.44,7678.67,7681.44,582
2026-08-21T19:40:00+00:00,7681.44,7683.44,7679.67,7683.42,713
2026-08-21T19:45:00+00:00,7683.42,7686.67,7682.43,7685.17,1206
2026-08-21T19:50:00+00:00,7685.17,7685.17,7677.67,7677.93,1498
2026-08-21T19:55:00+00:00,7677.93,7681.93,7672.92,7675.44,2491
2026-08-21T20:00:00+00:00,7675.44,7675.64,7673.37,7675.37,770
2026-08-21T20:05:00+00:00,7675.37,7675.63,7673.87,7674.88,255
2026-08-21T20:10:00+00:00,7674.88,7675.14,7672.62,7674.62,259
2026-08-21T20:15:00+00:00,7674.62,7675.64,7673.12,7673.12,188
2026-08-21T20:20:00+00:00,7673.12,7673.89,7671.89,7673.12,127
2026-08-21T20:25:00+00:00,7673.12,7673.12,7671.37,7671.38,113
2026-08-21T20:30:00+00:00,7671.38,7673.13,7671.37,7673.13,62
2026-08-21T20:35:00+00:00,7673.13,7673.39,7672.87,7673.12,101
2026-08-21T20:40:00+00:00,7673.12,7673.62,7672.87,7673.37,91
2026-08-23T22:00:00+00:00,7673.37,7680.24,7667.23,7669.85,2441
2026-08-23T22:05:00+00:00,7669.85,7672,7668,7669.48,676
2026-08-23T22:10:00+00:00,7669.48,7670.24,7668.74,7669.75,205
2026-08-23T22:15:00+00:00,7669.75,7669.87,7667.23,7668.48,243
2026-08-23T22:20:00+00:00,7668.48,7670.99,7668.23,7669.49,209
2026-08-23T22:25:00+00:00,7669.49,7670,7668.99,7669.49,126
2026-08-23T22:30:00+00:00,7669.49,7670.5,7668.75,7669.49,167
2026-08-23T22:35:00+00:00,7669.49,7672.25,7668.98,7671.49,241
2026-08-23T22:40:00+00:00,7671.49,7674.99,7670.73,7674.73,333
2026-08-23T22:45:00+00:00,7674.73,7676.24,7674.61,7675.25,270
2026-08-23T22:50:00+00:00,7675.25,7675.5,7674.98,7675.25,150
2026-08-23T22:55:00+00:00,7675.25,7675.75,7674.98,7675.24,89
2026-08-23T23:00:00+00:00,7675.24,7675.74,7674.73,7675.23,108
2026-08-23T23:05:00+00:00,7675.23,7675.87,7674.75,7675.49,92
2026-08-23T23:10:00+00:00,7675.49,7676.24,7674.99,7675.5,64
2026-08-23T23:15:00+00:00,7675.5,7677.98,7674.98,7676.98,116
2026-08-23T23:20:00+00:00,7676.98,7678.5,7676.98,7678.5,118
2026-08-23T23:25:00+00:00,7678.5,7680.5,7678.48,7680.5,132
2026-08-23T23:30:00+00:00,7680.5,7682.5,7680.24,7682,281
2026-08-23T23:35:00+00:00,7682,7682.5,7681.5,7681.73,173
2026-08-23T23:40:00+00:00,7681.73,7682,7680.23,7680.23,128
2026-08-23T23:45:00+00:00,7680.23,7686.36,7680.23,7686.24,836
2026-08-23T23:50:00+00:00,7686.24,7687.25,7685.23,7685.73,707
2026-08-23T23:55:00+00:00,7685.73,7688,7685.48,7687.74,513
2026-08-24T00:00:00+00:00,7687.74,7688.98,7683.73,7683.85,2032
2026-08-24T00:05:00+00:00,7683.85,7686,7683.23,7685.48,1660
2026-08-24T00:10:00+00:00,7685.48,7686.37,7682.87,7683.73,1191
2026-08-24T00:15:00+00:00,7683.73,7683.86,7674.98,7675.37,1560
2026-08-24T00:20:00+00:00,7675.37,7676.75,7673.98,7676.25,1515
2026-08-24T00:25:00+00:00,7676.25,7676.25,7670.75,7674.73,1418
2026-08-24T00:30:00+00:00,7674.73,7674.74,7672.48,7673.98,1266
2026-08-24T00:35:00+00:00,7673.98,7675.87,7672.73,7674.25,1031
2026-08-24T00:40:00+00:00,7674.25,7675.5,7673.48,7673.49,726
2026-08-24T00:45:00+00:00,7673.49,7677.48,7672.73,7677.48,1054
2026-08-24T00:50:00+00:00,7677.48,7677.87,7676.23,7677.49,769
2026-08-24T00:55:00+00:00,7677.49,7683.5,7676.99,7683,1056
2026-08-24T01:00:00+00:00,7683,7686,7681.74,7683.36,1307
2026-08-24T01:05:00+00:00,7683.36,7686.23,7682.98,7684.99,991
2026-08-24T01:10:00+00:00,7684.99,7688,7684.99,7686.75,768
2026-08-24T01:15:00+00:00,7686.75,7688,7685.98,7687.24,790
2026-08-24T01:20:00+00:00,7687.24,7687.24,7683.73,7684.49,720
2026-08-24T01:25:00+00:00,7684.49,7685.49,7682.73,7682.99,839
2026-08-24T01:30:00+00:00,7682.99,7683.25,7680.23,7682.5,1023
2026-08-24T01:35:00+00:00,7682.5,7682.74,7679.98,7682.48,831
2026-08-24T01:40:00+00:00,7682.48,7684.24,7681.49,7682.48,843
2026-08-24T01:45:00+00:00,7682.48,7683,7680.48,7681.99,954
2026-08-24T01:50:00+00:00,7681.99,7685,7680.98,7680.99,926
2026-08-24T01:55:00+00:00,7680.99,7681,7675.87,7675.99,819
2026-08-24T02:00:00+00:00,7675.99,7677.75,7673.87,7676.74,1390
2026-08-24T02:05:00+00:00,7676.74,7677,7672.74,7675.74,1188
2026-08-24T02:10:00+00:00,7675.74,7681.1,7673.25,7680.49,1168
2026-08-24T02:15:00+00:00,7680.49,7682,7679.85,7681,750
2026-08-24T02:20:00+00:00,7681,7681.74,7679.24,7679.74,789
2026-08-24T02:25:00+00:00,7679.74,7681.25,7678.73,7680.48,757
2026-08-24T02:30:00+00:00,7680.48,7681.37,7679.48,7680.86,741
2026-08-24T02:35:00+00:00,7680.86,7681.25,7679.86,7680.73,467
2026-08-24T02:40:00+00:00,7680.73,7681.99,7679.99,7681.75,537
2026-08-24T02:45:00+00:00,7681.75,7683,7680.23,7681.24,609
2026-08-24T02:50:00+00:00,7681.24,7681.5,7678.5,7679.74,877
2026-08-24T02:55:00+00:00,7679.74,7682.73,7678.98,7682.25,762
2026-08-24T03:00:00+00:00,7682.25,7682.25,7678.48,7679,817
2026-08-24T03:05:00+00:00,7679,7679.11,7676.23,7676.23,421
2026-08-24T03:10:00+00:00,7676.23,7676.75,7673.75,7674.5,476
2026-08-24T03:15:00+00:00,7674.5,7675.74,7673.98,7674.24,435
2026-08-24T03:20:00+00:00,7674.24,7676.23,7674.23,7675.48,362
2026-08-24T03:25:00+00:00,7675.48,7675.5,7674.23,7674.5,303
2026-08-24T03:30:00+00:00,7674.5,7674.5,7672.23,7673.5,629
2026-08-24T03:35:00+00:00,7673.5,7674.5,7672.48,7672.73,661
2026-08-24T03:40:00+00:00,7672.73,7674.24,7670.73,7670.73,521
2026-08-24T03:45:00+00:00,7670.73,7672.48,7669.73,7672.24,447
2026-08-24T03:50:00+00:00,7672.24,7672.48,7668.24,7668.73,685
2026-08-24T03:55:00+00:00,7668.73,7669,7667.98,7668.49,422
2026-08-24T04:00:00+00:00,7668.49,7669.74,7668,7669.24,431
2026-08-24T04:05:00+00:00,7669.24,7669.5,7667.48,7667.75,344
2026-08-24T04:10:00+00:00,7667.75,7670.25,7667.73,7670.25,425
2026-08-24T04:15:00+00:00,7670.25,7670.5,7668.5,7669.24,521
2026-08-24T04:20:00+00:00,7669.24,7670.5,7666.98,7666.99,521
2026-08-24T04:25:00+00:00,7666.99,7669.48,7666.23,7668.99,766
2026-08-24T04:30:00+00:00,7668.99,7670,7666.73,7667.37,940
2026-08-24T04:35:00+00:00,7667.37,7668.12,7666.25,7667.24,740
2026-08-24T04:40:00+00:00,7667.24,7669.37,7666.48,7669.37,580
2026-08-24T04:45:00+00:00,7669.37,7669.5,7666.85,7666.85,684
2026-08-24T04:50:00+00:00,7666.85,7667.75,7666.36,7666.48,526
2026-08-24T04:55:00+00:00,7666.48,7666.5,7665.23,7665.36,408
2026-08-24T05:00:00+00:00,7665.36,7666.75,7665.25,7666,510
2026-08-24T05:05:00+00:00,7666,7670.5,7665.99,7669.49,875
2026-08-24T05:10:00+00:00,7669.49,7671,7668.49,7670.87,471
2026-08-24T05:15:00+00:00,7670.87,7670.87,7667.48,7667.61,599
2026-08-24T05:20:00+00:00,7667.61,7668.49,7667.23,7667.25,704
2026-08-24T05:25:00+00:00,7667.25,7667.5,7665.98,7666,436
2026-08-24T05:30:00+00:00,7666,7666.24,7660.98,7662.25,580
2026-08-24T05:35:00+00:00,7662.25,7665.49,7661.23,7663.24,633
2026-08-24T05:40:00+00:00,7663.24,7667.5,7663.24,7663.98,931
2026-08-24T05:45:00+00:00,7663.98,7664.75,7661.48,7662.75,758
2026-08-24T05:50:00+00:00,7662.75,7663.75,7662.24,7662.74,865
2026-08-24T05:55:00+00:00,7662.74,7663,7660.75,7662.1,652
2026-08-24T06:00:00+00:00,7662.1,7664.23,7658.75,7658.99,1148
2026-08-24T06:05:00+00:00,7658.99,7660,7657.49,7658.74,1064
2026-08-24T06:10:00+00:00,7658.74,7659.98,7657.75,7658.74,788
2026-08-24T06:15:00+00:00,7658.74,7661.75,7656.23,7656.49,1131
2026-08-24T06:20:00+00:00,7656.49,7659.49,7654.48,7659.49,832
2026-08-24T06:25:00+00:00,7659.49,7660,7658.75,7658.75,605
2026-08-24T06:30:00+00:00,7658.75,7659.73,7657.23,7659.48,761
2026-08-24T06:35:00+00:00,7659.48,7661,7658.23,7660.49,624
2026-08-24T06:40:00+00:00,7660.49,7660.75,7656.73,7657.24,462
2026-08-24T06:45:00+00:00,7657.24,7658.75,7656.48,7658.35,301
2026-08-24T06:50:00+00:00,7658.35,7660.49,7658.25,7660.49,495
2026-08-24T06:55:00+00:00,7660.49,7661.24,7658.85,7658.98,515
2026-08-24T07:00:00+00:00,7658.98,7662.25,7657.5,7660.24,2183
2026-08-24T07:05:00+00:00,7660.24,7663.5,7658.99,7662.6,984
2026-08-24T07:10:00+00:00,7662.6,7664,7661.61,7663.48,654
2026-08-24T07:15:00+00:00,7663.48,7664.73,7660.99,7662.49,716
2026-08-24T07:20:00+00:00,7662.49,7662.49,7660.49,7661.74,569
2026-08-24T07:25:00+00:00,7661.74,7663.5,7660.48,7660.74,754
2026-08-24T07:30:00+00:00,7660.74,7664,7659.24,7663.87,913
2026-08-24T07:35:00+00:00,7663.87,7665,7662.49,7662.49,542
2026-08-24T07:40:00+00:00,7662.49,7662.49,7657.99,7657.99,998
2026-08-24T07:45:00+00:00,7657.99,7660.37,7657.99,7658.25,775
2026-08-24T07:50:00+00:00,7658.25,7659,7656.24,7657.5,864
2026-08-24T07:55:00+00:00,7657.5,7657.75,7656.23,7656.48,733
2026-08-24T08:00:00+00:00,7656.48,7658.5,7654.23,7655.98,2110
2026-08-24T08:05:00+00:00,7655.98,7666,7655.85,7659,2507
2026-08-24T08:10:00+00:00,7659,7661.99,7658.98,7661.35,1331
2026-08-24T08:15:00+00:00,7661.35,7665.25,7659.75,7664.48,1179
2026-08-24T08:20:00+00:00,7664.48,7664.85,7661.73,7662.75,1069
2026-08-24T08:25:00+00:00,7662.75,7664.25,7660.48,7662.75,981
2026-08-24T08:30:00+00:00,7662.75,7664.75,7662.11,7663.86,898
2026-08-24T08:35:00+00:00,7663.86,7667.75,7663.73,7667.73,834
2026-08-24T08:40:00+00:00,7667.73,7668.61,7666.23,7667.99,666
2026-08-24T08:45:00+00:00,7667.99,7668.48,7666.99,7667.23,570
2026-08-24T08:50:00+00:00,7667.23,7669.49,7666.99,7668.99,530
2026-08-24T08:55:00+00:00,7668.99,7669,7666.23,7666.24,503
2026-08-24T09:00:00+00:00,7666.24,7669.98,7664.24,7669.48,811
2026-08-24T09:05:00+00:00,7669.48,7669.74,7667.98,7668.73,436
2026-08-24T09:10:00+00:00,7668.73,7669.48,7667.73,7667.73,418
2026-08-24T09:15:00+00:00,7667.73,7668.25,7665.23,7665.24,404
2026-08-24T09:20:00+00:00,7665.24,7665.74,7663.99,7665.25,331
2026-08-24T09:25:00+00:00,7665.25,7665.25,7663.49,7664.11,283
2026-08-24T09:30:00+00:00,7664.11,7665.25,7663.98,7665.24,385
2026-08-24T09:35:00+00:00,7665.24,7667.5,7664.98,7666.73,360
2026-08-24T09:40:00+00:00,7666.73,7666.87,7665.23,7666.5,314
2026-08-24T09:45:00+00:00,7666.5,7668.25,7665.86,7667.75,504
2026-08-24T09:50:00+00:00,7667.75,7668,7665.23,7666,284
2026-08-24T09:55:00+00:00,7666,7666.75,7665.48,7666,256
2026-08-24T10:00:00+00:00,7666,7667.25,7665.49,7667.25,435
2026-08-24T10:05:00+00:00,7667.25,7667.5,7665.49,7665.49,365
2026-08-24T10:10:00+00:00,7665.49,7666,7662.25,7662.5,410
2026-08-24T10:15:00+00:00,7662.5,7663,7662.23,7662.25,306
2026-08-24T10:20:00+00:00,7662.25,7665.48,7661.23,7664.98,447
2026-08-24T10:25:00+00:00,7664.98,7664.99,7661.37,7661.75,387
2026-08-24T10:30:00+00:00,7661.75,7665.74,7661.23,7665.24,606
2026-08-24T10:35:00+00:00,7665.24,7665.24,7662.48,7662.5,400
2026-08-24T10:40:00+00:00,7662.5,7662.5,7659,7660.23,427
2026-08-24T10:45:00+00:00,7660.23,7660.5,7657.73,7658.24,395
2026-08-24T10:50:00+00:00,7658.24,7658.49,7655.48,7656.25,377
2026-08-24T10:55:00+00:00,7656.25,7657,7655.73,7655.98,390
2026-08-24T11:00:00+00:00,7655.98,7657.23,7652.23,7652.5,1075
2026-08-24T11:05:00+00:00,7652.5,7653.24,7650.11,7652.73,649
2026-08-24T11:10:00+00:00,7652.73,7653.75,7651.24,7653.35,804
2026-08-24T11:15:00+00:00,7653.35,7654.75,7652.99,7654.5,505
2026-08-24T11:20:00+00:00,7654.5,7655.25,7653.24,7655.11,477
2026-08-24T11:25:00+00:00,7655.11,7657.49,7654.98,7655.75,538
2026-08-24T11:30:00+00:00,7655.75,7663.25,7655.75,7662.99,1363
2026-08-24T11:35:00+00:00,7662.99,7671.75,7662.48,7667.99,4635
2026-08-24T11:40:00+00:00,7667.99,7670.61,7665.98,7666.99,1727
2026-08-24T11:45:00+00:00,7666.99,7666.99,7661.99,7663.48,1207
2026-08-24T11:50:00+00:00,7663.48,7665.5,7663.23,7665.5,820
2026-08-24T11:55:00+00:00,7665.5,7666.25,7663.74,7665.5,705
2026-08-24T12:00:00+00:00,7665.5,7665.5,7662.23,7662.25,792
2026-08-24T12:05:00+00:00,7662.25,7664.73,7661.74,7662.48,549
2026-08-24T12:10:00+00:00,7662.48,7663.75,7661.48,7662.73,648
2026-08-24T12:15:00+00:00,7662.73,7664,7661.48,7663,597
2026-08-24T12:20:00+00:00,7663,7666.5,7662.74,7666,879
2026-08-24T12:25:00+00:00,7666,7666.75,7664.49,7666.5,542
2026-08-24T12:30:00+00:00,7666.5,7666.75,7655.85,7661.25,2058
2026-08-24T12:35:00+00:00,7661.25,7665.24,7660.73,7662.35,1200
2026-08-24T12:40:00+00:00,7662.35,7667.61,7660.02,7661.73,1522
2026-08-24T12:45:00+00:00,7661.73,7664.37,7661.24,7663.99,816
2026-08-24T12:50:00+00:00,7663.99,7665.25,7662.85,7663.49,543
2026-08-24T12:55:00+00:00,7663.49,7664.98,7663,7663.49,798
2026-08-24T13:00:00+00:00,7663.49,7665.49,7663.48,7664.99,804
2026-08-24T13:05:00+00:00,7664.99,7665.37,7662.48,7663.75,768
2026-08-24T13:10:00+00:00,7663.75,7665.25,7662.48,7662.73,844
2026-08-24T13:15:00+00:00,7662.73,7665.5,7661.73,7662.25,843
2026-08-24T13:20:00+00:00,7662.25,7664.5,7661.99,7662.49,547
2026-08-24T13:25:00+00:00,7662.49,7667.48,7661.61,7667.24,1629
2026-08-24T13:30:00+00:00,7667.24,7667.8,7651.78,7654.79,8416
2026-08-24T13:35:00+00:00,7654.79,7658.15,7650.54,7653.8,6654
2026-08-24T13:40:00+00:00,7653.8,7657.05,7641.78,7641.78,7043
2026-08-24T13:45:00+00:00,7641.78,7655.79,7640.79,7651.28,6947
2026-08-24T13:50:00+00:00,7651.28,7655.3,7647.78,7654.78,6176
2026-08-24T13:55:00+00:00,7654.78,7656.55,7652.3,7654.29,5136
2026-08-24T14:00:00+00:00,7654.29,7659.54,7648.03,7649.79,5703
2026-08-24T14:05:00+00:00,7649.79,7652.05,7646.03,7649.05,4263
2026-08-24T14:10:00+00:00,7649.05,7650.05,7645.28,7649.8,3436
2026-08-24T14:15:00+00:00,7649.8,7650.54,7646.29,7648.53,3517
2026-08-24T14:20:00+00:00,7648.53,7654.8,7647.78,7648.28,3348
2026-08-24T14:25:00+00:00,7648.28,7651.05,7646.53,7648.79,2370
2026-08-24T14:30:00+00:00,7648.79,7657.3,7647.53,7656.05,2791
2026-08-24T14:35:00+00:00,7656.05,7658.55,7655.4,7656.8,2499
2026-08-24T14:40:00+00:00,7656.8,7661.05,7655.03,7656.79,2377
2026-08-24T14:45:00+00:00,7656.79,7658.54,7654.78,7658.54,1948
2026-08-24T14:50:00+00:00,7658.54,7659.15,7654.03,7656.04,1667
2026-08-24T14:55:00+00:00,7656.04,7659.3,7655.04,7656.28,2307
2026-08-24T15:00:00+00:00,7656.28,7658.04,7650.03,7650.28,2199
2026-08-24T15:05:00+00:00,7650.28,7650.53,7647.53,7649.55,2242
2026-08-24T15:10:00+00:00,7649.55,7651.55,7646.78,7647.03,1864
2026-08-24T15:15:00+00:00,7647.03,7647.8,7646.03,7646.53,1595
2026-08-24T15:20:00+00:00,7646.53,7651.53,7643.53,7651.05,2035
2026-08-24T15:25:00+00:00,7651.05,7659.78,7650.29,7657.04,2982
2026-08-24T15:30:00+00:00,7657.04,7659.55,7653.8,7658.3,3167
2026-08-24T15:35:00+00:00,7658.3,7661.28,7656.55,7660.03,1792
2026-08-24T15:40:00+00:00,7660.03,7664.05,7660.03,7662.28,1764
2026-08-24T15:45:00+00:00,7662.28,7667.03,7662.28,7662.66,1603
2026-08-24T15:50:00+00:00,7662.66,7665.8,7662.54,7662.79,1079
2026-08-24T15:55:00+00:00,7662.79,7665.05,7661.78,7665.03,1290
2026-08-24T16:00:00+00:00,7665.03,7671.05,7664.28,7669.29,2857
2026-08-24T16:05:00+00:00,7669.29,7669.8,7664.41,7664.41,1295
2026-08-24T16:10:00+00:00,7664.41,7666.55,7664.16,7666.28,922
2026-08-24T16:15:00+00:00,7666.28,7671.3,7666.03,7670.29,1166
2026-08-24T16:20:00+00:00,7670.29,7672.03,7667.8,7668.29,1158
2026-08-24T16:25:00+00:00,7668.29,7669.8,7667.78,7668.78,742
2026-08-24T16:30:00+00:00,7668.78,7669.79,7664.78,7665.54,989
2026-08-24T16:35:00+00:00,7665.54,7666.8,7663.03,7663.29,812
2026-08-24T16:40:00+00:00,7663.29,7663.8,7661.78,7662.79,648
2026-08-24T16:45:00+00:00,7662.79,7663.55,7661.28,7663.3,843
2026-08-24T16:50:00+00:00,7663.3,7664.29,7661.03,7662.04,697
2026-08-24T16:55:00+00:00,7662.04,7663.04,7661.03,7661.78,680
2026-08-24T17:00:00+00:00,7661.78,7662.04,7658.54,7659.79,1131
2026-08-24T17:05:00+00:00,7659.79,7666.29,7659.3,7664.28,1465
2026-08-24T17:10:00+00:00,7664.28,7667.54,7663.03,7664.8,1312
2026-08-24T17:15:00+00:00,7664.8,7665.3,7660.03,7661.04,1314
2026-08-24T17:20:00+00:00,7661.04,7661.55,7654.79,7655.28,2311
2026-08-24T17:25:00+00:00,7655.28,7657.05,7653.03,7653.79,1274
2026-08-24T17:30:00+00:00,7653.79,7655.3,7652.78,7652.78,1349
2026-08-24T17:35:00+00:00,7652.78,7653.79,7651.28,7653.55,1037
2026-08-24T17:40:00+00:00,7653.55,7654.3,7650.78,7650.8,1031
2026-08-24T17:45:00+00:00,7650.8,7652.55,7650.28,7652.05,954
2026-08-24T17:50:00+00:00,7652.05,7654.8,7651.05,7651.78,952
2026-08-24T17:55:00+00:00,7651.78,7653.55,7651.04,7652.54,522
2026-08-24T18:00:00+00:00,7652.54,7656.3,7652.53,7655.28,1171
2026-08-24T18:05:00+00:00,7655.28,7659.65,7654.78,7658.78,1118
2026-08-24T18:10:00+00:00,7658.78,7662.55,7658.03,7662.28,1024
2026-08-24T18:15:00+00:00,7662.28,7664.55,7661.03,7662.03,1176
2026-08-24T18:20:00+00:00,7662.03,7666.55,7661.79,7665.79,1150
2026-08-24T18:25:00+00:00,7665.79,7668.29,7665.29,7667.79,996
2026-08-24T18:30:00+00:00,7667.79,7670.8,7666.53,7666.78,1142
2026-08-24T18:35:00+00:00,7666.78,7667.3,7661.03,7662.04,977
2026-08-24T18:40:00+00:00,7662.04,7664.05,7661.55,7663.17,732
2026-08-24T18:45:00+00:00,7663.17,7664.05,7661.03,7663.05,672
2026-08-24T18:50:00+00:00,7663.05,7664.28,7660.78,7661.3,621
2026-08-24T18:55:00+00:00,7661.3,7662.53,7659.78,7660.05,588
2026-08-24T19:00:00+00:00,7660.05,7660.53,7658.28,7659.28,1036
2026-08-24T19:05:00+00:00,7659.28,7660.8,7658.3,7658.8,656
2026-08-24T19:10:00+00:00,7658.8,7662.05,7658.53,7661.04,599
2026-08-24T19:15:00+00:00,7661.04,7662.3,7659.29,7661.03,542
2026-08-24T19:20:00+00:00,7661.03,7662.04,7659.54,7660.3,498
2026-08-24T19:25:00+00:00,7660.3,7661.55,7659.28,7659.78,462
2026-08-24T19:30:00+00:00,7659.78,7662.55,7657.53,7657.53,890
2026-08-24T19:35:00+00:00,7657.53,7658.8,7656.65,7656.78,693
2026-08-24T19:40:00+00:00,7656.78,7657.8,7655.8,7657.05,583
2026-08-24T19:45:00+00:00,7657.05,7658.05,7655.03,7657.8,1016
2026-08-24T19:50:00+00:00,7657.8,7659.55,7654.03,7657.79,1786
2026-08-24T19:55:00+00:00,7657.79,7659.79,7654.04,7655.3,2542
2026-08-24T20:00:00+00:00,7655.3,7658,7653.74,7656.73,833
2026-08-24T20:05:00+00:00,7656.73,7658.75,7655.98,7656.75,322
2026-08-24T20:10:00+00:00,7656.75,7657.24,7655.49,7656.5,149
2026-08-24T20:15:00+00:00,7656.5,7656.75,7654.98,7655.74,361
2026-08-24T20:20:00+00:00,7655.74,7655.74,7652.23,7652.5,191
2026-08-24T20:25:00+00:00,7652.5,7652.75,7652.23,7652.49,200
2026-08-24T20:30:00+00:00,7652.49,7654.74,7652.23,7654.48,117
2026-08-24T20:35:00+00:00,7654.48,7656.5,7654.48,7656.5,86
2026-08-24T20:40:00+00:00,7656.5,7657,7656.24,7656.75,94
2026-08-24T20:45:00+00:00,7656.75,7657.25,7655.73,7655.99,158
2026-08-24T20:50:00+00:00,7655.99,7656.49,7655.73,7656.48,133
2026-08-24T20:55:00+00:00,7656.48,7660.49,7656.48,7659.85,233
2026-08-24T22:00:00+00:00,7659.85,7665.25,7659.85,7662.01,653
2026-08-24T22:05:00+00:00,7662.01,7664.74,7662.01,7663,315
2026-08-24T22:10:00+00:00,7663,7663,7661.74,7661.99,148
2026-08-24T22:15:00+00:00,7661.99,7662.75,7661.87,7662.12,95
2026-08-24T22:20:00+00:00,7662.12,7662.99,7661.74,7662.76,128
2026-08-24T22:25:00+00:00,7662.76,7662.76,7661.75,7662.11,52
2026-08-24T22:30:00+00:00,7662.11,7662.61,7661.12,7662.12,143
2026-08-24T22:35:00+00:00,7662.12,7662.5,7662,7662.26,65
2026-08-24T22:40:00+00:00,7662.26,7662.26,7661.24,7661.51,111
2026-08-24T22:45:00+00:00,7661.51,7662.01,7661.49,7661.86,48
2026-08-24T22:50:00+00:00,7661.86,7662.26,7661.74,7661.99,27
2026-08-24T22:55:00+00:00,7661.99,7662.49,7661.25,7662.26,77
2026-08-24T23:00:00+00:00,7662.26,7662.49,7661.75,7662.24,77
2026-08-24T23:05:00+00:00,7662.24,7663.11,7662.12,7663.11,73
2026-08-24T23:10:00+00:00,7663.11,7663.25,7662.74,7663.25,46
2026-08-24T23:15:00+00:00,7663.25,7663.51,7661.74,7662.11,152
2026-08-24T23:20:00+00:00,7662.11,7663.12,7662.01,7662.25,76
2026-08-24T23:25:00+00:00,7662.25,7662.26,7660.26,7660.49,81
2026-08-24T23:30:00+00:00,7660.49,7660.49,7659.49,7660.12,118
2026-08-24T23:35:00+00:00,7660.12,7660.12,7658.49,7658.5,62
2026-08-24T23:40:00+00:00,7658.5,7660.25,7655.75,7656.99,442
2026-08-24T23:45:00+00:00,7656.99,7657.26,7656.24,7657,724
2026-08-24T23:50:00+00:00,7657,7658.87,7656.74,7656.74,562
2026-08-24T23:55:00+00:00,7656.74,7658.5,7656.5,7658.49,469
2026-08-25T00:00:00+00:00,7658.49,7659,7655.24,7655.24,1584
2026-08-25T00:05:00+00:00,7655.24,7657.49,7654.99,7655.51,1098
2026-08-25T00:10:00+00:00,7655.51,7655.51,7651.49,7652.24,810
2026-08-25T00:15:00+00:00,7652.24,7652.25,7648.24,7648.74,898
2026-08-25T00:20:00+00:00,7648.74,7654.37,7648.74,7652,853
2026-08-25T00:25:00+00:00,7652,7656.24,7650.75,7656,1053
2026-08-25T00:30:00+00:00,7656,7657.86,7655.25,7657.37,944
2026-08-25T00:35:00+00:00,7657.37,7658.76,7656.49,7656.99,832
2026-08-25T00:40:00+00:00,7656.99,7662.01,7656.49,7661.11,913
2026-08-25T00:45:00+00:00,7661.11,7663.5,7659.24,7661.24,1103
2026-08-25T00:50:00+00:00,7661.24,7663.51,7660.99,7662.51,625
2026-08-25T00:55:00+00:00,7662.51,7663.01,7661.49,7661.51,416
2026-08-25T01:00:00+00:00,7661.51,7662.25,7660.24,7662.24,741
2026-08-25T01:05:00+00:00,7662.24,7663.01,7660.74,7662.75,818
2026-08-25T01:10:00+00:00,7662.75,7663.26,7660.74,7662,715
2026-08-25T01:15:00+00:00,7662,7663.01,7660.74,7662.26,632
2026-08-25T01:20:00+00:00,7662.26,7662.51,7658.99,7658.99,570
2026-08-25T01:25:00+00:00,7658.99,7661.01,7658.49,7660.25,781
2026-08-25T01:30:00+00:00,7660.25,7663.51,7659.74,7660.5,1058
2026-08-25T01:35:00+00:00,7660.5,7664.51,7660.24,7663.99,765
2026-08-25T01:40:00+00:00,7663.99,7664.76,7661.12,7662.51,669
2026-08-25T01:45:00+00:00,7662.51,7664.12,7662.24,7663.74,622
2026-08-25T01:50:00+00:00,7663.74,7663.76,7661.75,7663.51,621
2026-08-25T01:55:00+00:00,7663.51,7663.51,7660.99,7661,487
2026-08-25T02:00:00+00:00,7661,7663.01,7661,7661.76,599
2026-08-25T02:05:00+00:00,7661.76,7662.26,7657.25,7657.76,601
2026-08-25T02:10:00+00:00,7657.76,7658.01,7656.01,7657.49,435
2026-08-25T02:15:00+00:00,7657.49,7659.26,7656,7659.01,504
2026-08-25T02:20:00+00:00,7659.01,7659.51,7656.75,7659.51,520
2026-08-25T02:25:00+00:00,7659.51,7660.26,7656.36,7659.76,699
2026-08-25T02:30:00+00:00,7659.76,7662.76,7658.74,7661.24,835
2026-08-25T02:35:00+00:00,7661.24,7662,7659.25,7660.88,583
2026-08-25T02:40:00+00:00,7660.88,7663.26,7659.76,7659.99,630
2026-08-25T02:45:00+00:00,7659.99,7660.26,7657.74,7658.11,478
2026-08-25T02:50:00+00:00,7658.11,7658.25,7655.99,7656.99,537
2026-08-25T02:55:00+00:00,7656.99,7657.01,7654.5,7655.88,480
2026-08-25T03:00:00+00:00,7655.88,7659.26,7655.74,7658.38,519
2026-08-25T03:05:00+00:00,7658.38,7664.88,7658.25,7662.74,768
2026-08-25T03:10:00+00:00,7662.74,7664.51,7662.24,7662.74,740
2026-08-25T03:15:00+00:00,7662.74,7665.26,7662.62,7664.87,557
2026-08-25T03:20:00+00:00,7664.87,7665.01,7662.99,7663.26,313
2026-08-25T03:25:00+00:00,7663.26,7665.51,7663.01,7665.26,427
2026-08-25T03:30:00+00:00,7665.26,7666.51,7664.5,7666.01,515
2026-08-25T03:35:00+00:00,7666.01,7666.01,7663.74,7664.24,289
2026-08-25T03:40:00+00:00,7664.24,7665,7663.88,7664,316
2026-08-25T03:45:00+00:00,7664,7664.01,7662,7662.25,309
2026-08-25T03:50:00+00:00,7662.25,7663,7661.37,7662.51,339
2026-08-25T03:55:00+00:00,7662.51,7663.01,7661.99,7662.99,212
2026-08-25T04:00:00+00:00,7662.99,7665.25,7662.49,7665.25,410
2026-08-25T04:05:00+00:00,7665.25,7665.99,7664.49,7665.99,371
2026-08-25T04:10:00+00:00,7665.99,7666.26,7664.76,7666.13,338
2026-08-25T04:15:00+00:00,7666.13,7666.26,7664.99,7665.25,238
2026-08-25T04:20:00+00:00,7665.25,7666.13,7665.24,7666.01,196
2026-08-25T04:25:00+00:00,7666.01,7666.26,7665,7665.75,221
2026-08-25T04:30:00+00:00,7665.75,7667.26,7665.24,7666.26,410
2026-08-25T04:35:00+00:00,7666.26,7666.38,7664.99,7665.74,235
2026-08-25T04:40:00+00:00,7665.74,7667,7665.49,7666.36,269
2026-08-25T04:45:00+00:00,7666.36,7667.01,7665.5,7666.25,331
2026-08-25T04:50:00+00:00,7666.25,7666.26,7663.24,7664.36,386
2026-08-25T04:55:00+00:00,7664.36,7665.01,7663.26,7664.75,487
2026-08-25T05:00:00+00:00,7664.75,7666.51,7663.99,7665.99,553
2026-08-25T05:05:00+00:00,7665.99,7666.51,7665.24,7665.61,304
2026-08-25T05:10:00+00:00,7665.61,7667.75,7665.24,7665.76,428
2026-08-25T05:15:00+00:00,7665.76,7667.76,7665.76,7666.74,409
2026-08-25T05:20:00+00:00,7666.74,7667.51,7666.24,7666.99,340
2026-08-25T05:25:00+00:00,7666.99,7667.25,7666.36,7666.74,256
2026-08-25T05:30:00+00:00,7666.74,7667.75,7666.13,7667.24,448
2026-08-25T05:35:00+00:00,7667.24,7668.26,7667.24,7667.76,316
2026-08-25T05:40:00+00:00,7667.76,7668.25,7665.49,7665.49,359
2026-08-25T05:45:00+00:00,7665.49,7667.26,7664.99,7666.25,476
2026-08-25T05:50:00+00:00,7666.25,7667.51,7665.74,7667,429
2026-08-25T05:55:00+00:00,7667,7669.01,7666.99,7668.01,351
2026-08-25T06:00:00+00:00,7668.01,7670.24,7667.75,7669.5,656
2026-08-25T06:05:00+00:00,7669.5,7671.01,7668.99,7669.99,304
2026-08-25T06:10:00+00:00,7669.99,7670.25,7668.99,7669.25,390
2026-08-25T06:15:00+00:00,7669.25,7670.51,7668.24,7670.01,323
2026-08-25T06:20:00+00:00,7670.01,7674.75,7669.24,7673.26,569
2026-08-25T06:25:00+00:00,7673.26,7674.75,7672.75,7673.11,376
2026-08-25T06:30:00+00:00,7673.11,7674.76,7671.99,7673.99,569
2026-08-25T06:35:00+00:00,7673.99,7673.99,7671.49,7672.25,453
2026-08-25T06:40:00+00:00,7672.25,7675.49,7672.24,7675.49,230
2026-08-25T06:45:00+00:00,7675.49,7675.76,7673.51,7673.51,265
2026-08-25T06:50:00+00:00,7673.51,7675.49,7673.24,7675.49,361
2026-08-25T06:55:00+00:00,7675.49,7677.51,7674.99,7677.49,348
2026-08-25T07:00:00+00:00,7677.49,7680.26,7677.49,7680,1094
2026-08-25T07:05:00+00:00,7680,7680.24,7677.25,7677.51,416
2026-08-25T07:10:00+00:00,7677.51,7677.76,7675.26,7675.75,515
2026-08-25T07:15:00+00:00,7675.75,7677.5,7671.74,7672.26,797
2026-08-25T07:20:00+00:00,7672.26,7674.75,7671.74,7673.01,547
2026-08-25T07:25:00+00:00,7673.01,7673.25,7670.24,7672.74,431
2026-08-25T07:30:00+00:00,7672.74,7673.5,7671.99,7672.76,698
2026-08-25T07:35:00+00:00,7672.76,7673.01,7671.75,7672.26,457
2026-08-25T07:40:00+00:00,7672.26,7674.38,7671.25,7673.74,467
2026-08-25T07:45:00+00:00,7673.74,7674.01,7670.74,7671.49,424
2026-08-25T07:50:00+00:00,7671.49,7671.51,7669.49,7669.75,515
2026-08-25T07:55:00+00:00,7669.75,7671.75,7669.49,7670.49,378
2026-08-25T08:00:00+00:00,7670.49,7673.01,7668.49,7669.25,1312
2026-08-25T08:05:00+00:00,7669.25,7671.49,7669,7670.76,560
2026-08-25T08:10:00+00:00,7670.76,7670.76,7668.75,7669.24,502
2026-08-25T08:15:00+00:00,7669.24,7673.76,7669.24,7672.11,717
2026-08-25T08:20:00+00:00,7672.11,7687.61,7671.51,7686.74,3432
2026-08-25T08:25:00+00:00,7686.74,7686.74,7678.75,7679.26,3144
2026-08-25T08:30:00+00:00,7679.26,7682.99,7677.99,7681.49,1385
2026-08-25T08:35:00+00:00,7681.49,7682.51,7676.99,7677.74,1037
2026-08-25T08:40:00+00:00,7677.74,7680.75,7677.74,7680.49,655
2026-08-25T08:45:00+00:00,7680.49,7683.01,7680.49,7682.74,530
2026-08-25T08:50:00+00:00,7682.74,7685.01,7682.24,7682.24,655
2026-08-25T08:55:00+00:00,7682.24,7685.24,7681.26,7684.75,716
2026-08-25T09:00:00+00:00,7684.75,7685.26,7682.49,7685.24,784
2026-08-25T09:05:00+00:00,7685.24,7687.26,7683.87,7685.76,726
2026-08-25T09:10:00+00:00,7685.76,7688.61,7685.5,7686.87,827
2026-08-25T09:15:00+00:00,7686.87,7688.26,7686.5,7687.99,556
2026-08-25T09:20:00+00:00,7687.99,7688.51,7687.24,7687.5,599
2026-08-25T09:25:00+00:00,7687.5,7687.51,7685.37,7687,382
2026-08-25T09:30:00+00:00,7687,7697.01,7686.74,7696.26,1652
2026-08-25T09:35:00+00:00,7696.26,7696.37,7691.49,7692.38,2361
2026-08-25T09:40:00+00:00,7692.38,7696.26,7691.86,7692.99,962
2026-08-25T09:45:00+00:00,7692.99,7696.74,7692.25,7696.74,936
2026-08-25T09:50:00+00:00,7696.74,7698.76,7696.26,7698.51,719
2026-08-25T09:55:00+00:00,7698.51,7701.49,7696.74,7697.26,931
2026-08-25T10:00:00+00:00,7697.26,7697.63,7692.87,7694.26,671
2026-08-25T10:05:00+00:00,7694.26,7697.76,7694.24,7697.5,654
2026-08-25T10:10:00+00:00,7697.5,7698.01,7694.5,7695.49,603
2026-08-25T10:15:00+00:00,7695.49,7695.76,7693.24,7693.76,472
2026-08-25T10:20:00+00:00,7693.76,7694.01,7692.99,7693,378
2026-08-25T10:25:00+00:00,7693,7693,7691.11,7691.51,293
2026-08-25T10:30:00+00:00,7691.51,7692.26,7690.24,7690.99,341
2026-08-25T10:35:00+00:00,7690.99,7691.25,7690.36,7690.76,309
2026-08-25T10:40:00+00:00,7690.76,7691.25,7688.01,7688.01,363
2026-08-25T10:45:00+00:00,7688.01,7690.26,7687.74,7690.01,362
2026-08-25T10:50:00+00:00,7690.01,7690.76,7689.49,7690.01,317
2026-08-25T10:55:00+00:00,7690.01,7690.51,7688.76,7689.99,243
2026-08-25T11:00:00+00:00,7689.99,7690.25,7686.26,7686.75,574
2026-08-25T11:05:00+00:00,7686.75,7686.75,7681.36,7685.01,674
2026-08-25T11:10:00+00:00,7685.01,7686.76,7684.24,7686.51,898
2026-08-25T11:15:00+00:00,7686.51,7687.25,7684.49,7685.76,541
2026-08-25T11:20:00+00:00,7685.76,7687.76,7685.49,7687.51,407
2026-08-25T11:25:00+00:00,7687.51,7687.51,7684.61,7686.75,527
2026-08-25T11:30:00+00:00,7686.75,7688.76,7686.49,7686.51,534
2026-08-25T11:35:00+00:00,7686.51,7689.51,7686.5,7689.5,392
2026-08-25T11:40:00+00:00,7689.5,7690.51,7688.5,7689.51,259
2026-08-25T11:45:00+00:00,7689.51,7692.52,7689.26,7692.51,399
2026-08-25T11:50:00+00:00,7692.51,7694.51,7690.75,7691.52,623
2026-08-25T11:55:00+00:00,7691.52,7692.77,7690.75,7692.76,540
2026-08-25T12:00:00+00:00,7692.76,7693.52,7689.26,7692.39,792
2026-08-25T12:05:00+00:00,7692.39,7692.51,7690.76,7692.02,449
2026-08-25T12:10:00+00:00,7692.02,7692.27,7688.26,7691.02,731
2026-08-25T12:15:00+00:00,7691.02,7694.77,7690.76,7693.75,844
2026-08-25T12:20:00+00:00,7693.75,7693.89,7690.38,7691.52,514
2026-08-25T12:25:00+00:00,7691.52,7692.77,7691.51,7692.26,290
2026-08-25T12:30:00+00:00,7692.26,7692.27,7685.75,7686,636
2026-08-25T12:35:00+00:00,7686,7686.02,7682.5,7682.5,729
2026-08-25T12:40:00+00:00,7682.5,7685.25,7681.75,7684.26,403
2026-08-25T12:45:00+00:00,7684.26,7684.77,7683.37,7684.5,386
2026-08-25T12:50:00+00:00,7684.5,7686.77,7684.5,7685.5,426
2026-08-25T12:55:00+00:00,7685.5,7686.02,7684,7684.75,314
2026-08-25T13:00:00+00:00,7684.75,7686.51,7683.5,7684.51,790
2026-08-25T13:05:00+00:00,7684.51,7685.26,7682.25,7684,576
2026-08-25T13:10:00+00:00,7684,7687.27,7684,7685.01,1045
2026-08-25T13:15:00+00:00,7685.01,7687.27,7683.75,7686.25,1060
2026-08-25T13:20:00+00:00,7686.25,7686.26,7683.5,7683.75,571
2026-08-25T13:25:00+00:00,7683.75,7687.02,7681.77,7681.77,930
2026-08-25T13:30:00+00:00,7681.77,7688.06,7679.68,7687.3,6007
2026-08-25T13:35:00+00:00,7687.3,7687.3,7681.55,7681.570000000001,4613
2026-08-25T13:40:00+00:00,7681.570000000001,7686.55,7679.05,7681.55,4413
2026-08-25T13:45:00+00:00,7681.55,7687.320000000001,7681.55,7684.81,3431
2026-08-25T13:50:00+00:00,7684.81,7685.55,7680.06,7680.3,3697
2026-08-25T13:55:00+00:00,7680.3,7680.820000000001,7675.06,7676.81,3104
2026-08-25T14:00:00+00:00,7676.81,7678.070000000001,7672.3,7674.820000000001,3807
2026-08-25T14:05:00+00:00,7674.820000000001,7675.820000000001,7671.55,7673.31,3493
2026-08-25T14:10:00+00:00,7673.31,7675.320000000001,7671.05,7671.81,2637
2026-08-25T14:15:00+00:00,7671.81,7676.31,7670.8,7674.320000000001,2182
2026-08-25T14:20:00+00:00,7674.320000000001,7674.820000000001,7668.55,7671.05,2417
2026-08-25T14:25:00+00:00,7671.05,7671.81,7667.05,7667.070000000001,2105
2026-08-25T14:30:00+00:00,7667.070000000001,7668.570000000001,7650.780000000001,7663.320000000001,5703
2026-08-25T14:35:00+00:00,7663.320000000001,7670.570000000001,7663.3,7670.070000000001,2426
2026-08-25T14:40:00+00:00,7670.070000000001,7670.070000000001,7661.55,7663.55,2266
2026-08-25T14:45:00+00:00,7663.55,7664.820000000001,7661.55,7662.320000000001,2395
2026-08-25T14:50:00+00:00,7662.320000000001,7668.070000000001,7660.31,7666.56,1551
2026-08-25T14:55:00+00:00,7666.56,7668.56,7664.8,7667.070000000001,1644
2026-08-25T15:00:00+00:00,7667.070000000001,7667.81,7663.070000000001,7664.55,2184
2026-08-25T15:05:00+00:00,7664.55,7667.81,7664.05,7666.06,2070
2026-08-25T15:10:00+00:00,7666.06,7668.070000000001,7663.81,7665.81,1754
2026-08-25T15:15:00+00:00,7665.81,7669.320000000001,7664.820000000001,7669.070000000001,1365
2026-08-25T15:20:00+00:00,7669.070000000001,7671.56,7666.8,7667.81,1385
2026-08-25T15:25:00+00:00,7667.81,7673.820000000001,7666.31,7673.06,1345
2026-08-25T15:30:00+00:00,7673.06,7677.56,7670.55,7670.8,2260
2026-08-25T15:35:00+00:00,7670.8,7676.18,7670.8,7671.3,2247
2026-08-25T15:40:00+00:00,7671.3,7672.3,7669.05,7672.070000000001,1029
2026-08-25T15:45:00+00:00,7672.070000000001,7672.070000000001,7666.05,7667.06,1324
2026-08-25T15:50:00+00:00,7667.06,7673.06,7666.05,7672.31,1160
2026-08-25T15:55:00+00:00,7672.31,7676.070000000001,7672.070000000001,7674.55,1312
2026-08-25T16:00:00+00:00,7674.55,7678.320000000001,7674.3,7675.56,1153
2026-08-25T16:05:00+00:00,7675.56,7676.320000000001,7673.3,7673.55,993
2026-08-25T16:10:00+00:00,7673.55,7675.8,7673.31,7675.3,808
2026-08-25T16:15:00+00:00,7675.3,7676.05,7674.3,7675.070000000001,544
2026-08-25T16:20:00+00:00,7675.070000000001,7676.320000000001,7673.81,7676.31,496
2026-08-25T16:25:00+00:00,7676.31,7678.06,7675.8,7677.56,627
2026-08-25T16:30:00+00:00,7677.56,7678.570000000001,7676.820000000001,7677.55,619
2026-08-25T16:35:00+00:00,7677.55,7679.570000000001,7676.05,7679.070000000001,650
2026-08-25T16:40:00+00:00,7679.070000000001,7679.070000000001,7675.070000000001,7675.8,687
2026-08-25T16:45:00+00:00,7675.8,7677.81,7674.17,7676.320000000001,734
2026-08-25T16:50:00+00:00,7676.320000000001,7676.320000000001,7673.320000000001,7674.070000000001,616
2026-08-25T16:55:00+00:00,7674.070000000001,7678.820000000001,7674.05,7677.6900000000005,828
2026-08-25T17:00:00+00:00,7677.6900000000005,7678.56,7673.55,7673.55,1125
2026-08-25T17:05:00+00:00,7673.55,7673.820000000001,7669.31,7671.06,1134
2026-08-25T17:10:00+00:00,7671.06,7673.320000000001,7669.8,7672.8,824
2026-08-25T17:15:00+00:00,7672.8,7674.31,7671.8,7674.070000000001,619
2026-08-25T17:20:00+00:00,7674.070000000001,7674.320000000001,7670.320000000001,7670.320000000001,719
2026-08-25T17:25:00+00:00,7670.320000000001,7670.320000000001,7666.3,7668.070000000001,1118
2026-08-25T17:30:00+00:00,7668.070000000001,7669.320000000001,7667.320000000001,7668.3,852
2026-08-25T17:35:00+00:00,7668.3,7670.06,7667.55,7669.070000000001,650
2026-08-25T17:40:00+00:00,7669.070000000001,7670.3,7668.3,7668.570000000001,517
2026-08-25T17:45:00+00:00,7668.570000000001,7670.320000000001,7668.3,7669.05,521
2026-08-25T17:50:00+00:00,7669.05,7671.320000000001,7668.3,7671.06,448
2026-08-25T17:55:00+00:00,7671.06,7671.570000000001,7669.31,7670.3,364
2026-08-25T18:00:00+00:00,7670.3,7670.320000000001,7668.06,7668.070000000001,584
2026-08-25T18:05:00+00:00,7668.070000000001,7670.070000000001,7668.05,7669.05,537
2026-08-25T18:10:00+00:00,7669.05,7670.570000000001,7667.81,7667.81,418
2026-08-25T18:15:00+00:00,7667.81,7668.570000000001,7667.06,7668.31,343
2026-08-25T18:20:00+00:00,7668.31,7669.81,7668.31,7668.81,396
2026-08-25T18:25:00+00:00,7668.81,7669.81,7668.05,7669.570000000001,403
2026-08-25T18:30:00+00:00,7669.570000000001,7674.070000000001,7669.570000000001,7673.56,764
2026-08-25T18:35:00+00:00,7673.56,7673.820000000001,7672.55,7672.820000000001,453
2026-08-25T18:40:00+00:00,7672.820000000001,7676.31,7672.81,7676.06,493
2026-08-25T18:45:00+00:00,7676.06,7679.17,7676.06,7678.55,963
2026-08-25T18:50:00+00:00,7678.55,7678.81,7676.79,7677.55,425
2026-08-25T18:55:00+00:00,7677.55,7678.31,7675.79,7676.8,415
2026-08-25T19:00:00+00:00,7676.8,7678.8,7674.79,7675.05,526
2026-08-25T19:05:00+00:00,7675.05,7675.8,7673.43,7674.04,508
2026-08-25T19:10:00+00:00,7674.04,7674.06,7671.3,7671.54,569
2026-08-25T19:15:00+00:00,7671.54,7672.06,7669.79,7670.29,732
2026-08-25T19:20:00+00:00,7670.29,7671.06,7669.29,7671.06,609
2026-08-25T19:25:00+00:00,7671.06,7672.31,7670.54,7671.81,382
2026-08-25T19:30:00+00:00,7671.81,7672.79,7670.54,7671.56,592
2026-08-25T19:35:00+00:00,7671.56,7673.81,7671.06,7672.79,520
2026-08-25T19:40:00+00:00,7672.79,7676.56,7672.79,7674.04,715
2026-08-25T19:45:00+00:00,7674.04,7675.56,7672.8,7674.93,850
2026-08-25T19:50:00+00:00,7674.93,7681.81,7672.54,7681.54,1967
2026-08-25T19:55:00+00:00,7681.54,7682.17,7677.29,7678.56,2930
2026-08-25T20:00:00+00:00,7678.56,7680.75,7676.49,7678.49,828
2026-08-25T20:05:00+00:00,7678.49,7680.51,7677.75,7679.74,270
2026-08-25T20:10:00+00:00,7679.74,7680.51,7678.76,7679.51,165
2026-08-25T20:15:00+00:00,7679.51,7680.25,7678.75,7679.76,258
2026-08-25T20:20:00+00:00,7679.76,7683,7679.74,7682.49,107
2026-08-25T20:25:00+00:00,7682.49,7683.26,7681.5,7681.74,169
2026-08-25T20:30:00+00:00,7681.74,7682.76,7681.74,7682.25,112
2026-08-25T20:35:00+00:00,7682.25,7682.25,7680.25,7680.25,72
2026-08-25T20:40:00+00:00,7680.25,7680.37,7679,7679,62
2026-08-25T20:45:00+00:00,7679,7679.26,7677.24,7677.51,130
2026-08-25T20:50:00+00:00,7677.51,7678.75,7677.25,7678.51,159
2026-08-25T20:55:00+00:00,7678.51,7678.76,7678,7678.35,82
2026-08-25T22:00:00+00:00,7678.35,7681.73,7678.35,7680.73,513
2026-08-25T22:05:00+00:00,7680.73,7681.58,7679.33,7680.72,248
2026-08-25T22:10:00+00:00,7680.72,7680.97,7679.59,7679.96,108
2026-08-25T22:15:00+00:00,7679.96,7680.22,7679.47,7679.47,57
2026-08-25T22:20:00+00:00,7679.47,7680.46,7678.71,7679.97,92
2026-08-25T22:25:00+00:00,7679.97,7681.22,7679.97,7680.97,84
2026-08-25T22:30:00+00:00,7680.97,7681.47,7680.97,7681.21,59
2026-08-25T22:35:00+00:00,7681.21,7681.23,7680.22,7680.46,52
2026-08-25T22:40:00+00:00,7680.46,7680.98,7679.96,7680.73,85
2026-08-25T22:45:00+00:00,7680.73,7680.73,7680.22,7680.22,60
2026-08-25T22:50:00+00:00,7680.22,7680.35,7679.97,7680.21,51
2026-08-25T22:55:00+00:00,7680.21,7680.85,7679.96,7680.22,70
2026-08-25T23:00:00+00:00,7680.22,7680.73,7680.21,7680.21,47
2026-08-25T23:05:00+00:00,7680.21,7680.48,7679.46,7679.73,111
2026-08-25T23:10:00+00:00,7679.73,7679.98,7679.46,7679.48,48
2026-08-25T23:15:00+00:00,7679.98,7680.21,7679.58,7679.71,52
2026-08-25T23:20:00+00:00,7679.71,7679.71,7677.71,7677.96,113
2026-08-25T23:25:00+00:00,7677.96,7677.96,7676.21,7676.22,60
2026-08-25T23:30:00+00:00,7676.22,7676.72,7674.46,7674.71,164
2026-08-25T23:35:00+00:00,7674.71,7675.33,7674.21,7674.48,53
2026-08-25T23:40:00+00:00,7674.48,7674.73,7672.96,7673.46,112
2026-08-25T23:45:00+00:00,7673.46,7673.46,7670.96,7670.96,392
2026-08-25T23:50:00+00:00,7670.96,7671.48,7669.22,7671.22,379
2026-08-25T23:55:00+00:00,7671.22,7671.98,7670.46,7670.46,224
2026-08-26T00:00:00+00:00,7670.46,7672.35,7668.21,7671.09,1811
2026-08-26T00:05:00+00:00,7671.09,7672.1,7669.21,7671.98,936
2026-08-26T00:10:00+00:00,7671.98,7672.85,7669.97,7669.98,941
2026-08-26T00:15:00+00:00,7669.98,7674.46,7669.96,7672.96,836
2026-08-26T00:20:00+00:00,7672.96,7673.22,7670.96,7671.22,447
2026-08-26T00:25:00+00:00,7671.22,7671.48,7667.73,7669.23,391
2026-08-26T00:30:00+00:00,7669.23,7669.72,7667.21,7667.48,408
2026-08-26T00:35:00+00:00,7667.48,7667.85,7665.46,7665.96,718
2026-08-26T00:40:00+00:00,7665.96,7666.73,7664.96,7666.48,512
2026-08-26T00:45:00+00:00,7666.48,7667.72,7665.85,7666.72,546
2026-08-26T00:50:00+00:00,7666.72,7666.98,7664.71,7664.96,546
2026-08-26T00:55:00+00:00,7664.96,7664.96,7662.22,7662.73,489
2026-08-26T01:00:00+00:00,7662.73,7665.73,7662.22,7665.72,688
2026-08-26T01:05:00+00:00,7665.72,7666.33,7664.46,7665.48,653
2026-08-26T01:10:00+00:00,7665.48,7666.73,7664.96,7665.22,539
2026-08-26T01:15:00+00:00,7665.22,7665.73,7662.96,7662.98,492
2026-08-26T01:20:00+00:00,7662.98,7664.23,7662.21,7662.21,383
2026-08-26T01:25:00+00:00,7662.21,7662.47,7661.46,7661.97,403
2026-08-26T01:30:00+00:00,7661.97,7662.71,7659.46,7660.47,711
2026-08-26T01:35:00+00:00,7660.47,7663.23,7659.71,7662.98,580
2026-08-26T01:40:00+00:00,7662.98,7663.21,7660.97,7661.72,373
2026-08-26T01:45:00+00:00,7661.72,7661.98,7660.46,7661.09,439
2026-08-26T01:50:00+00:00,7661.09,7661.98,7660.46,7661.71,439
2026-08-26T01:55:00+00:00,7661.71,7662.98,7661.47,7662.96,271
2026-08-26T02:00:00+00:00,7662.96,7664.35,7662.46,7663.48,269
2026-08-26T02:05:00+00:00,7663.48,7663.73,7660.71,7661.47,347
2026-08-26T02:10:00+00:00,7661.47,7663.96,7661.46,7663.47,255
2026-08-26T02:15:00+00:00,7663.47,7665.46,7663.46,7664.72,250
2026-08-26T02:20:00+00:00,7664.72,7666.97,7664.71,7666.22,236
2026-08-26T02:25:00+00:00,7666.22,7667.23,7666.21,7667.22,198
2026-08-26T02:30:00+00:00,7667.22,7669.22,7667.21,7668.97,260
2026-08-26T02:35:00+00:00,7668.97,7670.22,7667.71,7669.96,245
2026-08-26T02:40:00+00:00,7669.96,7673.48,7669.96,7673.48,301
2026-08-26T02:45:00+00:00,7673.48,7675.48,7672.71,7674.96,312
2026-08-26T02:50:00+00:00,7674.96,7675.73,7674.21,7674.21,265
2026-08-26T02:55:00+00:00,7674.21,7675.22,7674.21,7674.35,200
2026-08-26T03:00:00+00:00,7674.35,7675.21,7673.47,7674.58,325
2026-08-26T03:05:00+00:00,7674.58,7674.73,7673.96,7674.21,296
2026-08-26T03:10:00+00:00,7674.21,7676.71,7674.21,7676.48,189
2026-08-26T03:15:00+00:00,7676.48,7676.59,7674.73,7675.21,211
2026-08-26T03:20:00+00:00,7675.21,7675.71,7674.22,7674.46,122
2026-08-26T03:25:00+00:00,7674.46,7674.73,7673.84,7673.98,185
2026-08-26T03:30:00+00:00,7673.98,7675.35,7672.98,7675.22,336
2026-08-26T03:35:00+00:00,7675.22,7676.97,7675.21,7676.58,362
2026-08-26T03:40:00+00:00,7676.58,7676.73,7675.71,7676.23,277
2026-08-26T03:45:00+00:00,7676.23,7679.47,7675.97,7679.47,428
2026-08-26T03:50:00+00:00,7679.47,7680.48,7679.21,7679.23,419
2026-08-26T03:55:00+00:00,7679.23,7679.73,7678.23,7678.23,291
2026-08-26T04:00:00+00:00,7678.23,7680.21,7677.71,7679.46,342
2026-08-26T04:05:00+00:00,7679.46,7679.97,7678.22,7678.98,184
2026-08-26T04:10:00+00:00,7678.98,7680.09,7677.96,7678.97,241
2026-08-26T04:15:00+00:00,7678.97,7679.22,7677.96,7678.97,176
2026-08-26T04:20:00+00:00,7678.97,7679.48,7678.46,7678.47,124
2026-08-26T04:25:00+00:00,7678.47,7679.71,7678.21,7678.47,170
2026-08-26T04:30:00+00:00,7678.47,7678.96,7677.46,7677.71,203
2026-08-26T04:35:00+00:00,7677.71,7677.98,7676.48,7676.72,126
2026-08-26T04:40:00+00:00,7676.72,7676.97,7675.71,7675.73,178
2026-08-26T04:45:00+00:00,7675.73,7675.97,7670.72,7671.46,302
2026-08-26T04:50:00+00:00,7671.46,7672.73,7670.97,7672.34,297
2026-08-26T04:55:00+00:00,7672.34,7672.98,7671.21,7671.84,318
2026-08-26T05:00:00+00:00,7671.84,7675.73,7671.71,7674.73,344
2026-08-26T05:05:00+00:00,7674.73,7676.22,7673.08,7675.98,512
2026-08-26T05:10:00+00:00,7675.98,7675.98,7674.21,7674.46,349
2026-08-26T05:15:00+00:00,7674.46,7674.98,7672.96,7673.83,410
2026-08-26T05:20:00+00:00,7673.83,7674.73,7673.21,7674.23,253
2026-08-26T05:25:00+00:00,7674.23,7674.73,7672.6,7674.6,358
2026-08-26T05:30:00+00:00,7674.6,7676.23,7674.6,7675.72,464
2026-08-26T05:35:00+00:00,7675.72,7675.72,7673.71,7674.34,307
2026-08-26T05:40:00+00:00,7674.34,7674.73,7673.71,7674.58,262
2026-08-26T05:45:00+00:00,7674.58,7674.58,7672.47,7673.22,232
2026-08-26T05:50:00+00:00,7673.22,7673.97,7672.46,7672.48,276
2026-08-26T05:55:00+00:00,7672.48,7674.1,7672.46,7673.72,313
2026-08-26T06:00:00+00:00,7673.72,7674.73,7669.96,7669.96,723
2026-08-26T06:05:00+00:00,7669.96,7670.72,7669.21,7670.48,389
2026-08-26T06:10:00+00:00,7670.48,7672.96,7670.47,7671.23,338
2026-08-26T06:15:00+00:00,7671.23,7671.48,7669.46,7671.23,336
2026-08-26T06:20:00+00:00,7671.23,7671.48,7669.98,7670.96,267
2026-08-26T06:25:00+00:00,7670.96,7672.48,7669.21,7671.21,515
2026-08-26T06:30:00+00:00,7671.21,7673.73,7669.85,7673.73,460
2026-08-26T06:35:00+00:00,7673.73,7675.1,7673.46,7674.48,387
2026-08-26T06:40:00+00:00,7674.48,7677.21,7674.33,7677.21,274
2026-08-26T06:45:00+00:00,7677.21,7679.35,7676.98,7677.34,360
2026-08-26T06:50:00+00:00,7677.34,7677.48,7674.21,7674.96,273
2026-08-26T06:55:00+00:00,7674.96,7677.73,7674.22,7676.97,491
2026-08-26T07:00:00+00:00,7676.97,7677.23,7673.96,7676.73,1177
2026-08-26T07:05:00+00:00,7676.73,7677.48,7671.97,7672.22,723
2026-08-26T07:10:00+00:00,7672.22,7676.47,7670.96,7676.23,681
2026-08-26T07:15:00+00:00,7676.23,7677.22,7674.71,7675.23,746
2026-08-26T07:20:00+00:00,7675.23,7675.23,7672.21,7673.22,563
2026-08-26T07:25:00+00:00,7673.22,7673.72,7670.97,7671.46,675
2026-08-26T07:30:00+00:00,7671.46,7672.48,7669.21,7671.22,666
2026-08-26T07:35:00+00:00,7671.22,7672.98,7670.71,7671.23,597
2026-08-26T07:40:00+00:00,7671.23,7672.23,7670.59,7671.97,519
2026-08-26T07:45:00+00:00,7671.97,7674.97,7671.33,7672.46,424
2026-08-26T07:50:00+00:00,7672.46,7673.48,7671.23,7673.48,613
2026-08-26T07:55:00+00:00,7673.48,7674.97,7672.73,7674.48,428
2026-08-26T08:00:00+00:00,7674.48,7677.47,7672.23,7676.72,954
2026-08-26T08:05:00+00:00,7676.72,7677.96,7674.73,7677.48,810
2026-08-26T08:10:00+00:00,7677.48,7678.72,7673.21,7673.71,533
2026-08-26T08:15:00+00:00,7673.71,7676.98,7672.85,7673.21,866
2026-08-26T08:20:00+00:00,7673.21,7673.48,7671.48,7672.23,561
2026-08-26T08:25:00+00:00,7672.23,7677.48,7672.21,7677.48,562
2026-08-26T08:30:00+00:00,7677.48,7678.73,7674.48,7676.97,815
2026-08-26T08:35:00+00:00,7676.97,7677.98,7676.46,7677.98,393
2026-08-26T08:40:00+00:00,7677.98,7679.73,7677.71,7678.72,311
2026-08-26T08:45:00+00:00,7678.72,7678.72,7677.21,7677.71,272
2026-08-26T08:50:00+00:00,7677.71,7678.47,7676.46,7676.73,289
2026-08-26T08:55:00+00:00,7676.73,7677.21,7674.21,7677.21,345
2026-08-26T09:00:00+00:00,7677.21,7678.23,7675.71,7676.09,671
2026-08-26T09:05:00+00:00,7676.09,7676.21,7674.71,7674.71,297
2026-08-26T09:10:00+00:00,7674.71,7676.47,7674.59,7674.98,293
2026-08-26T09:15:00+00:00,7674.98,7675.73,7673.72,7674.21,475
2026-08-26T09:20:00+00:00,7674.21,7675.58,7672.46,7672.48,382
2026-08-26T09:25:00+00:00,7672.48,7673.73,7671.71,7673.47,376
2026-08-26T09:30:00+00:00,7673.47,7676.23,7673.46,7674.96,411
2026-08-26T09:35:00+00:00,7674.96,7675.23,7674.21,7674.97,333
2026-08-26T09:40:00+00:00,7674.97,7675.98,7674.47,7675.21,165
2026-08-26T09:45:00+00:00,7675.21,7676.98,7674.98,7675.97,205
2026-08-26T09:50:00+00:00,7675.97,7677.23,7675.71,7676.72,271
2026-08-26T09:55:00+00:00,7676.72,7677.98,7676.46,7677.48,235
2026-08-26T10:00:00+00:00,7677.48,7677.73,7674.98,7675.47,282
2026-08-26T10:05:00+00:00,7675.47,7675.97,7674.46,7674.97,193
2026-08-26T10:10:00+00:00,7674.97,7674.97,7672.72,7672.97,342
2026-08-26T10:15:00+00:00,7672.97,7674.48,7672.97,7673.97,309
2026-08-26T10:20:00+00:00,7673.97,7674.98,7672.47,7674.72,361
2026-08-26T10:25:00+00:00,7674.72,7674.96,7672.21,7672.21,210
2026-08-26T10:30:00+00:00,7672.21,7675.96,7670.46,7675.96,426
2026-08-26T10:35:00+00:00,7675.96,7678.23,7675.96,7677.46,381
2026-08-26T10:40:00+00:00,7677.46,7678.48,7675.47,7675.97,244
2026-08-26T10:45:00+00:00,7675.97,7677.48,7675.21,7676.97,160
2026-08-26T10:50:00+00:00,7676.97,7676.97,7674.71,7675.08,234
2026-08-26T10:55:00+00:00,7675.08,7675.98,7674.73,7675.58,279
2026-08-26T11:00:00+00:00,7675.58,7679.46,7675.47,7678.21,625
2026-08-26T11:05:00+00:00,7678.21,7678.22,7675.46,7676.23,378
2026-08-26T11:10:00+00:00,7676.23,7678.98,7675.96,7678.71,292
2026-08-26T11:15:00+00:00,7678.71,7682.48,7678.46,7679.71,443
2026-08-26T11:20:00+00:00,7679.71,7679.84,7677.72,7677.72,406
2026-08-26T11:25:00+00:00,7677.72,7678.72,7676.48,7678.46,343
2026-08-26T11:30:00+00:00,7678.46,7680.48,7677.96,7678.22,358
2026-08-26T11:35:00+00:00,7678.22,7678.48,7672.71,7673.48,521
2026-08-26T11:40:00+00:00,7673.48,7674.98,7672.46,7674.73,500
2026-08-26T11:45:00+00:00,7674.73,7675.09,7671.47,7671.96,703
2026-08-26T11:50:00+00:00,7671.96,7676.48,7671.96,7675.46,608
2026-08-26T11:55:00+00:00,7675.46,7676.73,7674.72,7676.22,512
2026-08-26T12:00:00+00:00,7676.22,7676.73,7673.97,7675.96,722
2026-08-26T12:05:00+00:00,7675.96,7676.47,7673.96,7674.97,422
2026-08-26T12:10:00+00:00,7674.97,7676.72,7673.97,7676.46,488
2026-08-26T12:15:00+00:00,7676.46,7676.48,7673.73,7676.23,441
2026-08-26T12:20:00+00:00,7676.23,7680.21,7675.96,7679.71,628
2026-08-26T12:25:00+00:00,7679.71,7684.59,7679.46,7684.49,610
2026-08-26T12:30:00+00:00,7684.49,7685.23,7670.46,7672.33,4075
2026-08-26T12:35:00+00:00,7672.33,7672.73,7668.46,7669.98,1668
2026-08-26T12:40:00+00:00,7669.98,7672.73,7669.22,7669.46,1469
2026-08-26T12:45:00+00:00,7669.46,7671.97,7667.96,7671.97,1160
2026-08-26T12:50:00+00:00,7671.97,7672.73,7665.21,7667.72,1568
2026-08-26T12:55:00+00:00,7667.72,7670.73,7665.96,7667.98,1707
2026-08-26T13:00:00+00:00,7667.98,7670.73,7667.21,7669.46,1140
2026-08-26T13:05:00+00:00,7669.46,7670.73,7666.21,7666.71,856
2026-08-26T13:10:00+00:00,7666.71,7670.72,7665.46,7670.47,567
2026-08-26T13:15:00+00:00,7670.47,7670.6,7667.96,7669.71,822
2026-08-26T13:20:00+00:00,7669.71,7669.72,7668.21,7668.97,392
2026-08-26T13:25:00+00:00,7668.97,7670.97,7666.96,7667.21,1241
2026-08-26T13:30:00+00:00,7667.21,7679.02,7667.21,7677.77,6046
2026-08-26T13:35:00+00:00,7677.77,7679.03,7669.26,7676.53,6119
2026-08-26T13:40:00+00:00,7676.53,7686.38,7675.27,7684.01,4845
2026-08-26T13:45:00+00:00,7684.01,7687.77,7680.02,7680.02,3567
2026-08-26T13:50:00+00:00,7680.02,7687.28,7677.27,7687.28,3282
2026-08-26T13:55:00+00:00,7687.28,7690.02,7685.4,7690.01,2050
2026-08-26T14:00:00+00:00,7690.01,7690.52,7687.02,7689.52,2069
2026-08-26T14:05:00+00:00,7689.52,7690.28,7685.76,7687.02,1580
2026-08-26T14:10:00+00:00,7687.02,7687.28,7681.76,7682.77,2136
2026-08-26T14:15:00+00:00,7682.77,7684.28,7680.26,7680.27,2354
2026-08-26T14:20:00+00:00,7680.27,7681.28,7674.76,7675.01,2287
2026-08-26T14:25:00+00:00,7675.01,7675.78,7669.02,7671.53,3126
2026-08-26T14:30:00+00:00,7671.53,7673.77,7669.9,7672.03,2503
2026-08-26T14:35:00+00:00,7672.03,7676.78,7670.78,7672.77,2011
2026-08-26T14:40:00+00:00,7672.77,7676.03,7672.26,7674.53,1703
2026-08-26T14:45:00+00:00,7674.53,7676.28,7671.51,7676.26,1682
2026-08-26T14:50:00+00:00,7676.26,7680.03,7676.01,7677.03,1460
2026-08-26T14:55:00+00:00,7677.03,7679.77,7676.01,7679.27,1183
2026-08-26T15:00:00+00:00,7679.27,7685.27,7679.02,7682.77,1576
2026-08-26T15:05:00+00:00,7682.77,7685.53,7682.51,7684.27,1129
2026-08-26T15:10:00+00:00,7684.27,7685.26,7681.78,7683.51,1355
2026-08-26T15:15:00+00:00,7683.51,7683.52,7676.51,7678.53,1634
2026-08-26T15:20:00+00:00,7678.53,7681.02,7678.01,7678.52,1342
2026-08-26T15:25:00+00:00,7678.52,7681.28,7677.77,7679.27,1286
2026-08-26T15:30:00+00:00,7679.27,7679.78,7671.76,7673.26,1565
2026-08-26T15:35:00+00:00,7673.26,7676.28,7673.01,7675.52,1359
2026-08-26T15:40:00+00:00,7675.52,7682.03,7674.77,7681.53,1220
2026-08-26T15:45:00+00:00,7681.53,7683.53,7680.26,7683.26,1136
2026-08-26T15:50:00+00:00,7683.26,7683.77,7674.03,7674.78,3238
2026-08-26T15:55:00+00:00,7674.78,7678.53,7674.01,7674.01,1589
2026-08-26T16:00:00+00:00,7674.01,7674.28,7669.51,7672.26,2292
2026-08-26T16:05:00+00:00,7672.26,7674.7699999999995,7670.7699999999995,7671.7699999999995,1668
2026-08-26T16:10:00+00:00,7671.7699999999995,7673.51,7670,7670.7699999999995,1250
2026-08-26T16:15:00+00:00,7670.7699999999995,7671.7699999999995,7668.75,7670.25,865
2026-08-26T16:20:00+00:00,7670.25,7671.5199999999995,7669.01,7669.7699999999995,721
2026-08-26T16:25:00+00:00,7669.7699999999995,7670.51,7667.7699999999995,7668.25,658
2026-08-26T16:30:00+00:00,7668.25,7670.139999999999,7668,7668.76,712
2026-08-26T16:35:00+00:00,7668.76,7669.25,7661.7699999999995,7661.7699999999995,1169
2026-08-26T16:40:00+00:00,7661.7699999999995,7664.26,7659.5,7660.5199999999995,1210
2026-08-26T16:45:00+00:00,7660.5199999999995,7664.01,7659.76,7661.25,1106
2026-08-26T16:50:00+00:00,7661.25,7663.76,7661,7662.2699999999995,848
2026-08-26T16:55:00+00:00,7662.2699999999995,7668.0199999999995,7662.2699999999995,7667.75,1205
2026-08-26T17:00:00+00:00,7667.75,7670,7666.25,7669.26,1252
2026-08-26T17:05:00+00:00,7669.26,7671.7699999999995,7667.5199999999995,7671,787
2026-08-26T17:10:00+00:00,7671,7672,7670.26,7672,555
2026-08-26T17:15:00+00:00,7672,7675.5199999999995,7672,7673.75,961
2026-08-26T17:20:00+00:00,7673.75,7677.2699999999995,7673.75,7677.25,620
2026-08-26T17:25:00+00:00,7677.25,7677.7699999999995,7675,7677.01,702
2026-08-26T17:30:00+00:00,7677.01,7678.5199999999995,7676,7678.25,727
2026-08-26T17:35:00+00:00,7678.25,7679.0199999999995,7676.51,7676.51,653
2026-08-26T17:40:00+00:00,7676.51,7678.0199999999995,7675.5,7677.25,484
2026-08-26T17:45:00+00:00,7677.25,7677.5199999999995,7675,7675.25,455
2026-08-26T17:50:00+00:00,7675.25,7678.26,7675.12,7678.25,593
2026-08-26T17:55:00+00:00,7678.25,7679.26,7677,7677.25,480
2026-08-26T18:00:00+00:00,7677.25,7677.51,7675.5,7675.7699999999995,462
2026-08-26T18:05:00+00:00,7675.7699999999995,7679.01,7675.7699999999995,7678.25,415
2026-08-26T18:10:00+00:00,7678.25,7678.26,7674.2699999999995,7674.7699999999995,493
2026-08-26T18:15:00+00:00,7674.7699999999995,7678.0199999999995,7674.01,7677.7699999999995,585
2026-08-26T18:20:00+00:00,7677.7699999999995,7680.25,7676.01,7676.0199999999995,615
2026-08-26T18:25:00+00:00,7676.0199999999995,7677.7699999999995,7675.5,7676.5,553
2026-08-26T18:30:00+00:00,7676.5,7679.26,7675.75,7678,497
2026-08-26T18:35:00+00:00,7678,7678.51,7676.7699999999995,7677.75,412
2026-08-26T18:40:00+00:00,7677.75,7679.2699999999995,7677.0199999999995,7679,357
2026-08-26T18:45:00+00:00,7679,7685.0199999999995,7679,7683.5,1323
2026-08-26T18:50:00+00:00,7683.5,7686.25,7682.5,7685.0199999999995,665
2026-08-26T18:55:00+00:00,7685.0199999999995,7686.5199999999995,7683.5,7685.51,549
2026-08-26T19:00:00+00:00,7685.51,7693.51,7685,7693,1403
2026-08-26T19:05:00+00:00,7693,7693.2699999999995,7689,7689.76,753
2026-08-26T19:10:00+00:00,7689.76,7691.26,7689.25,7690.01,744
2026-08-26T19:15:00+00:00,7690.01,7693.01,7690.01,7692.2699999999995,571
2026-08-26T19:20:00+00:00,7692.2699999999995,7692.2699999999995,7688.5,7690.75,575
2026-08-26T19:25:00+00:00,7690.75,7691.7699999999995,7689,7689.5,453
2026-08-26T19:30:00+00:00,7689.5,7689.76,7688.25,7689.26,646
2026-08-26T19:35:00+00:00,7689.26,7689.2699999999995,7686.5,7687.25,515
2026-08-26T19:40:00+00:00,7687.25,7689.0199999999995,7686.75,7687.51,749
2026-08-26T19:45:00+00:00,7687.51,7691.7699999999995,7687,7691.5199999999995,746
2026-08-26T19:50:00+00:00,7691.5199999999995,7692.01,7680.5,7682.25,1787
2026-08-26T19:55:00+00:00,7682.25,7684.7699999999995,7675.25,7680.51,2891
2026-08-26T20:00:00+00:00,7680.51,7690.34,7678.7,7688.57,2731
2026-08-26T20:05:00+00:00,7688.57,7691.219999999999,7688.2,7689.95,1524
2026-08-26T20:10:00+00:00,7689.95,7691.969999999999,7689.08,7690.84,499
2026-08-26T20:15:00+00:00,7690.84,7694.58,7689.57,7694.58,1072
2026-08-26T20:20:00+00:00,7694.58,7694.58,7678.45,7686.08,8112
2026-08-26T20:25:00+00:00,7686.08,7689.46,7682.7,7685.7,2776
2026-08-26T20:30:00+00:00,7685.7,7685.71,7681.07,7682.57,1378
2026-08-26T20:35:00+00:00,7682.57,7686.719999999999,7682.45,7685.09,812
2026-08-26T20:40:00+00:00,7685.09,7686.969999999999,7683.82,7684.7,716
2026-08-26T20:45:00+00:00,7684.7,7690.469999999999,7684.45,7690.469999999999,670
2026-08-26T20:50:00+00:00,7690.469999999999,7692.969999999999,7689.71,7692.21,689
2026-08-26T20:55:00+00:00,7692.21,7698.219999999999,7691.7,7698.219999999999,475
2026-08-26T22:00:00+00:00,7698.219999999999,7723.32,7698.219999999999,7723.3099999999995,2364
2026-08-26T22:05:00+00:00,7723.3099999999995,7723.57,7718.679999999999,7719.7,945
2026-08-26T22:10:00+00:00,7719.7,7722.5599999999995,7718.429999999999,7722.05,649
2026-08-26T22:15:00+00:00,7722.05,7726.94,7720.19,7724.94,679
2026-08-26T22:20:00+00:00,7724.94,7727.32,7723.429999999999,7725.7,556
2026-08-26T22:25:00+00:00,7725.7,7727.2,7725.179999999999,7726.95,268
2026-08-26T22:30:00+00:00,7726.95,7727.7,7726.179999999999,7727.69,241
2026-08-26T22:35:00+00:00,7727.69,7729.69,7727.19,7727.19,349
2026-08-26T22:40:00+00:00,7727.19,7729.95,7726.95,7729.95,200
2026-08-26T22:45:00+00:00,7729.95,7729.95,7727.19,7727.45,269
2026-08-26T22:50:00+00:00,7727.45,7728.2,7725.3,7725.3,305
2026-08-26T22:55:00+00:00,7725.3,7725.45,7724.45,7724.95,155
2026-08-26T23:00:00+00:00,7724.95,7725.95,7724.429999999999,7724.7,304
2026-08-26T23:05:00+00:00,7724.7,7724.95,7723.2,7723.8099999999995,154
2026-08-26T23:10:00+00:00,7723.8099999999995,7724.19,7722.95,7723.8099999999995,184
2026-08-26T23:15:00+00:00,7723.8099999999995,7723.929999999999,7722.19,7722.679999999999,126
2026-08-26T23:20:00+00:00,7722.679999999999,7723.95,7722.55,7723.7,157
2026-08-26T23:25:00+00:00,7723.7,7724.5599999999995,7722.179999999999,7723.05,194
2026-08-26T23:30:00+00:00,7723.05,7724.19,7722.3099999999995,7723.2,209
2026-08-26T23:35:00+00:00,7723.2,7724.179999999999,7723.179999999999,7723.429999999999,78
2026-08-26T23:40:00+00:00,7723.429999999999,7723.679999999999,7722.94,7722.94,66
2026-08-26T23:45:00+00:00,7722.94,7725.44,7722.679999999999,7724.7,512
2026-08-26T23:50:00+00:00,7724.7,7724.95,7723.179999999999,7723.7,469
2026-08-26T23:55:00+00:00,7723.7,7728.0599999999995,7723.679999999999,7727.57,640
2026-08-27T00:00:00+00:00,7727.57,7728.05,7722.179999999999,7722.429999999999,1192
2026-08-27T00:05:00+00:00,7722.429999999999,7725.45,7722.19,7722.8,1055
2026-08-27T00:10:00+00:00,7722.8,7722.95,7719.929999999999,7720.929999999999,709
2026-08-27T00:15:00+00:00,7720.929999999999,7720.95,7718.179999999999,7719.179999999999,764
2026-08-27T00:20:00+00:00,7719.179999999999,7721.3099999999995,7718.7,7721.2,655
2026-08-27T00:25:00+00:00,7721.2,7721.2,7719.179999999999,7721.05,583
2026-08-27T00:30:00+00:00,7721.05,7721.07,7716.929999999999,7717.19,521
2026-08-27T00:35:00+00:00,7717.19,7717.3099999999995,7713.679999999999,7714.5599999999995,665
2026-08-27T00:40:00+00:00,7714.5599999999995,7714.7,7709.429999999999,7709.679999999999,641
2026-08-27T00:45:00+00:00,7709.679999999999,7710.179999999999,7704.7,7705.45,1079
2026-08-27T00:50:00+00:00,7705.45,7706.19,7703.45,7704.94,1268
2026-08-27T00:55:00+00:00,7704.94,7705.95,7703.94,7705.2,929
2026-08-27T01:00:00+00:00,7705.2,7707.72,7703.45,7707.2,1332
2026-08-27T01:05:00+00:00,7707.2,7710.45,7706.7,7709.95,996
2026-08-27T01:10:00+00:00,7709.95,7710.58,7706.7,7707.22,976
2026-08-27T01:15:00+00:00,7707.22,7709.72,7706.96,7709.71,814
2026-08-27T01:20:00+00:00,7709.71,7711.97,7708.95,7711.83,572
2026-08-27T01:25:00+00:00,7711.83,7712.96,7711.2,7712.46,510
2026-08-27T01:30:00+00:00,7712.46,7714.47,7712.2,7713.71,564
2026-08-27T01:35:00+00:00,7713.71,7715.96,7713.7,7715.46,360
2026-08-27T01:40:00+00:00,7715.46,7715.46,7709.46,7709.46,692
2026-08-27T01:45:00+00:00,7709.46,7715.070000000001,7709.46,7714.95,900
2026-08-27T01:50:00+00:00,7714.95,7716.22,7714.22,7716.2,364
2026-08-27T01:55:00+00:00,7716.2,7716.2,7713.95,7713.97,343
2026-08-27T02:00:00+00:00,7713.97,7715.96,7713.570000000001,7715.45,458
2026-08-27T02:05:00+00:00,7715.45,7716.46,7713.7,7716.46,430
2026-08-27T02:10:00+00:00,7716.46,7717.22,7715.95,7716.45,402
2026-08-27T02:15:00+00:00,7716.45,7716.72,7715.2,7715.72,252
2026-08-27T02:20:00+00:00,7715.72,7716.22,7714.95,7715.820000000001,332
2026-08-27T02:25:00+00:00,7715.820000000001,7716.97,7714.7,7716.21,446
2026-08-27T02:30:00+00:00,7716.21,7717.72,7715.7,7717.46,311
2026-08-27T02:35:00+00:00,7717.46,7717.96,7716.46,7717.71,270
2026-08-27T02:40:00+00:00,7717.71,7718.22,7715.71,7717.22,319
2026-08-27T02:45:00+00:00,7717.22,7717.84,7716.95,7717.2,338
2026-08-27T02:50:00+00:00,7717.2,7719.34,7716.97,7718.22,205
2026-08-27T02:55:00+00:00,7718.22,7718.47,7717.7,7717.71,247
2026-08-27T03:00:00+00:00,7717.71,7718.72,7716.96,7717.71,315
2026-08-27T03:05:00+00:00,7717.71,7717.72,7715.95,7715.97,215
2026-08-27T03:10:00+00:00,7715.97,7716.7,7715.45,7716.7,154
2026-08-27T03:15:00+00:00,7716.7,7718.2,7716.45,7718.2,191
2026-08-27T03:20:00+00:00,7718.2,7720.21,7717.7,7720.21,387
2026-08-27T03:25:00+00:00,7720.21,7720.22,7719.2,7719.45,268
2026-08-27T03:30:00+00:00,7719.45,7720.21,7718.22,7719.47,240
2026-08-27T03:35:00+00:00,7719.47,7719.72,7718.2,7718.46,277
2026-08-27T03:40:00+00:00,7718.46,7718.72,7717.2,7717.22,392
2026-08-27T03:45:00+00:00,7717.22,7718.46,7716.7,7717.08,380
2026-08-27T03:50:00+00:00,7717.08,7717.97,7714.95,7715.71,353
2026-08-27T03:55:00+00:00,7715.71,7716.97,7715.2,7715.71,244
2026-08-27T04:00:00+00:00,7715.71,7716.71,7715.45,7715.7,319
2026-08-27T04:05:00+00:00,7715.7,7715.97,7714.71,7715.95,238
2026-08-27T04:10:00+00:00,7715.95,7716.09,7715.2,7715.71,245
2026-08-27T04:15:00+00:00,7715.71,7717.2,7715.45,7716.320000000001,253
2026-08-27T04:20:00+00:00,7716.320000000001,7716.72,7714.96,7716.070000000001,377
2026-08-27T04:25:00+00:00,7716.070000000001,7716.46,7713.820000000001,7713.83,276
2026-08-27T04:30:00+00:00,7713.83,7713.83,7711.95,7712.21,359
2026-08-27T04:35:00+00:00,7712.21,7712.46,7710.09,7710.09,267
2026-08-27T04:40:00+00:00,7710.09,7711.33,7709.2,7710.21,420
2026-08-27T04:45:00+00:00,7710.21,7711.97,7709.45,7710.47,412
2026-08-27T04:50:00+00:00,7710.47,7710.97,7708.71,7709.21,367
2026-08-27T04:55:00+00:00,7709.21,7709.72,7708.83,7709.47,179
2026-08-27T05:00:00+00:00,7709.47,7710.22,7705.97,7706.45,471
2026-08-27T05:05:00+00:00,7706.45,7707.22,7705.22,7705.22,383
2026-08-27T05:10:00+00:00,7705.22,7706.97,7704.96,7706.45,452
2026-08-27T05:15:00+00:00,7706.45,7706.45,7701.95,7702.21,357
2026-08-27T05:20:00+00:00,7702.21,7705.22,7702.2,7704.97,412
2026-08-27T05:25:00+00:00,7704.97,7705.71,7703.070000000001,7703.71,487
2026-08-27T05:30:00+00:00,7703.71,7703.83,7701.71,7702.320000000001,594
2026-08-27T05:35:00+00:00,7702.320000000001,7703.72,7701.46,7703.47,405
2026-08-27T05:40:00+00:00,7703.47,7704.21,7699.7,7699.95,489
2026-08-27T05:45:00+00:00,7699.95,7702.22,7699.95,7701.97,361
2026-08-27T05:50:00+00:00,7701.97,7702.72,7700.45,7701.21,558
2026-08-27T05:55:00+00:00,7701.21,7701.97,7699.95,7701.72,501
2026-08-27T06:00:00+00:00,7701.72,7701.95,7699.45,7699.45,770
2026-08-27T06:05:00+00:00,7699.45,7700.72,7697.2,7697.46,697
2026-08-27T06:10:00+00:00,7697.46,7700.71,7696.46,7700.22,567
2026-08-27T06:15:00+00:00,7700.22,7702.570000000001,7700.21,7702.33,541
2026-08-27T06:20:00+00:00,7702.33,7702.72,7701.45,7701.96,317
2026-08-27T06:25:00+00:00,7701.96,7702.72,7701.2,7702.21,423
2026-08-27T06:30:00+00:00,7702.21,7703.72,7701.95,7703.46,365
2026-08-27T06:35:00+00:00,7703.46,7704.47,7702.46,7703.97,303
2026-08-27T06:40:00+00:00,7703.97,7705.97,7703.71,7705.820000000001,259
2026-08-27T06:45:00+00:00,7705.820000000001,7706.96,7704.97,7705.09,369
2026-08-27T06:50:00+00:00,7705.09,7705.72,7704.46,7705.2,280
2026-08-27T06:55:00+00:00,7705.2,7707.72,7705.2,7707.45,341
2026-08-27T07:00:00+00:00,7707.45,7707.46,7703.21,7706.46,1396
2026-08-27T07:05:00+00:00,7706.46,7709.46,7706.46,7708.96,755
2026-08-27T07:10:00+00:00,7708.96,7710.22,7707.7,7710.22,466
2026-08-27T07:15:00+00:00,7710.22,7710.97,7708.2,7710.21,515
2026-08-27T07:20:00+00:00,7710.21,7710.22,7707.97,7708.21,474
2026-08-27T07:25:00+00:00,7708.21,7710.95,7707.7,7710.95,548
2026-08-27T07:30:00+00:00,7710.95,7711.46,7708.95,7710.22,672
2026-08-27T07:35:00+00:00,7710.22,7710.97,7706.2,7706.45,938
2026-08-27T07:40:00+00:00,7706.45,7707.22,7705.45,7706.47,725
2026-08-27T07:45:00+00:00,7706.47,7708.46,7706.2,7707.45,392
2026-08-27T07:50:00+00:00,7707.45,7710.22,7707.21,7709.7,586
2026-08-27T07:55:00+00:00,7709.7,7711.47,7709.7,7710.070000000001,400
2026-08-27T08:00:00+00:00,7710.070000000001,7715.47,7710.070000000001,7715.47,1148
2026-08-27T08:05:00+00:00,7715.47,7719.46,7715.45,7718.96,715
2026-08-27T08:10:00+00:00,7718.96,7722.21,7718.22,7721.47,675
2026-08-27T08:15:00+00:00,7721.47,7721.58,7716.95,7717.95,712
2026-08-27T08:20:00+00:00,7717.95,7719.47,7716.47,7719.46,665
2026-08-27T08:25:00+00:00,7719.46,7724.21,7718.71,7723.97,652
2026-08-27T08:30:00+00:00,7723.97,7723.97,7719.72,7719.97,516
2026-08-27T08:35:00+00:00,7719.97,7720.47,7718.84,7719.2,821
2026-08-27T08:40:00+00:00,7719.2,7720.72,7718.2,7719.72,778
2026-08-27T08:45:00+00:00,7719.72,7723.21,7719.45,7721.97,728
2026-08-27T08:50:00+00:00,7721.97,7723.47,7718.2,7718.2,554
2026-08-27T08:55:00+00:00,7718.2,7719.22,7717.2,7717.71,556
2026-08-27T09:00:00+00:00,7717.71,7718.46,7711.71,7711.97,1429
2026-08-27T09:05:00+00:00,7711.97,7714.96,7710.72,7714.47,1166
2026-08-27T09:10:00+00:00,7714.47,7714.97,7710.570000000001,7710.570000000001,694
2026-08-27T09:15:00+00:00,7710.570000000001,7711.58,7708.45,7711.08,847
2026-08-27T09:20:00+00:00,7711.08,7714.96,7710.71,7714.95,803
2026-08-27T09:25:00+00:00,7714.95,7715.7,7713.46,7714.47,628
2026-08-27T09:30:00+00:00,7714.47,7718.070000000001,7714.21,7717.45,781
2026-08-27T09:35:00+00:00,7717.45,7717.7,7716.2,7716.7,555
2026-08-27T09:40:00+00:00,7716.7,7717.72,7715.7,7716.47,300
2026-08-27T09:45:00+00:00,7716.47,7718.22,7715.95,7716.070000000001,370
2026-08-27T09:50:00+00:00,7716.070000000001,7717.97,7714.7,7716.71,502
2026-08-27T09:55:00+00:00,7716.71,7716.71,7713.46,7713.96,427
2026-08-27T10:00:00+00:00,7713.96,7713.96,7710.22,7711.95,782
2026-08-27T10:05:00+00:00,7711.95,7713.22,7711.7,7711.95,554
2026-08-27T10:10:00+00:00,7711.95,7713.71,7710.96,7712.47,738
2026-08-27T10:15:00+00:00,7712.47,7713.47,7711.2,7711.2,404
2026-08-27T10:20:00+00:00,7711.2,7712.22,7710.570000000001,7710.71,455
2026-08-27T10:25:00+00:00,7710.71,7710.97,7709.2,7709.72,489
2026-08-27T10:30:00+00:00,7709.72,7710.7,7709.45,7710.22,450
2026-08-27T10:35:00+00:00,7710.22,7710.47,7707.7,7708.45,497
2026-08-27T10:40:00+00:00,7708.45,7712.7,7708.2,7712.21,621
2026-08-27T10:45:00+00:00,7712.21,7712.97,7711.21,7711.21,384
2026-08-27T10:50:00+00:00,7711.21,7712.96,7709.2,7712.95,512
2026-08-27T10:55:00+00:00,7712.95,7713.96,7712.7,7713.7,435
2026-08-27T11:00:00+00:00,7713.7,7715.34,7711.45,7715.320000000001,1219
2026-08-27T11:05:00+00:00,7715.320000000001,7716.96,7712.71,7716.7,914
2026-08-27T11:10:00+00:00,7716.7,7719.21,7715.95,7717.7,588
2026-08-27T11:15:00+00:00,7717.7,7718.72,7714.95,7715.46,580
2026-08-27T11:20:00+00:00,7715.46,7716.47,7714.46,7715.71,601
2026-08-27T11:25:00+00:00,7715.71,7716.22,7711.97,7711.97,584
2026-08-27T11:30:00+00:00,7711.97,7714.47,7708.97,7711.47,1969
2026-08-27T11:35:00+00:00,7711.47,7712.22,7707.46,7708.21,1350
2026-08-27T11:40:00+00:00,7708.21,7711.21,7707.72,7710.46,822
2026-08-27T11:45:00+00:00,7710.46,7710.46,7704.7,7704.96,1078
2026-08-27T11:50:00+00:00,7704.96,7708.47,7704.7,7707.97,961
2026-08-27T11:55:00+00:00,7707.97,7711.97,7707.95,7711.71,616
2026-08-27T12:00:00+00:00,7711.71,7712.96,7710.95,7712.46,874
2026-08-27T12:05:00+00:00,7712.46,7713.21,7710.71,7713.21,892
2026-08-27T12:10:00+00:00,7713.21,7715.96,7712.7,7715.22,549
2026-08-27T12:15:00+00:00,7715.22,7715.22,7712.7,7713.58,578
2026-08-27T12:20:00+00:00,7713.58,7714.46,7711.72,7713.21,985
2026-08-27T12:25:00+00:00,7713.21,7714.59,7711.570000000001,7712.71,652
2026-08-27T12:30:00+00:00,7712.71,7712.83,7708.21,7708.71,1263
2026-08-27T12:35:00+00:00,7708.71,7708.72,7703.95,7704.22,1012
2026-08-27T12:40:00+00:00,7704.22,7704.7,7701.45,7701.71,882
2026-08-27T12:45:00+00:00,7701.71,7702.97,7700.46,7702.2,817
2026-08-27T12:50:00+00:00,7702.2,7702.97,7700.46,7702.45,687
2026-08-27T12:55:00+00:00,7702.45,7703.46,7700.7,7701.21,615
2026-08-27T13:00:00+00:00,7701.21,7704.47,7699.96,7703.95,975
2026-08-27T13:05:00+00:00,7703.95,7704.96,7701.22,7701.45,557
2026-08-27T13:10:00+00:00,7701.45,7703.97,7700.72,7702.7,640
2026-08-27T13:15:00+00:00,7702.7,7705.7300000000005,7702.21,7704.22,773
2026-08-27T13:20:00+00:00,7704.22,7704.47,7701.7,7702.7,698
2026-08-27T13:25:00+00:00,7702.7,7706.97,7702.7,7706.22,1474
2026-08-27T13:30:00+00:00,7706.22,7709.27,7692.76,7695.76,8447
2026-08-27T13:35:00+00:00,7695.76,7703.52,7692.75,7703.27,6559
2026-08-27T13:40:00+00:00,7703.27,7713.01,7700.5,7713,5180
2026-08-27T13:45:00+00:00,7713,7718.02,7698.01,7701.52,7094
2026-08-27T13:50:00+00:00,7701.52,7714.77,7701.52,7713.01,6537
2026-08-27T13:55:00+00:00,7713.01,7713.62,7697.01,7704.75,7597
2026-08-27T14:00:00+00:00,7704.75,7711.02,7703,7709,6623
2026-08-27T14:05:00+00:00,7709,7711.77,7701.51,7705.26,5863
2026-08-27T14:10:00+00:00,7705.26,7710.77,7705.26,7707.5,4277
2026-08-27T14:15:00+00:00,7707.5,7714.26,7707.5,7712.51,3510
2026-08-27T14:20:00+00:00,7712.51,7716.51,7711.5,7715.76,3505
2026-08-27T14:25:00+00:00,7715.76,7720.02,7714.01,7718.26,2904
2026-08-27T14:30:00+00:00,7718.26,7718.52,7711.75,7714.75,3522
2026-08-27T14:35:00+00:00,7714.75,7721.51,7714.5,7714.5,2501
2026-08-27T14:40:00+00:00,7714.5,7717.77,7714.26,7717.27,2568
2026-08-27T14:45:00+00:00,7717.27,7724.01,7714.51,7723.51,2399
2026-08-27T14:50:00+00:00,7723.51,7725.52,7720.01,7722.52,2377
2026-08-27T14:55:00+00:00,7722.52,7725.26,7718.5,7725,2479
2026-08-27T15:00:00+00:00,7725,7729.780000000001,7723.75,7729.780000000001,1745
2026-08-27T15:05:00+00:00,7729.780000000001,7730.52,7726.76,7729.01,1578
2026-08-27T15:10:00+00:00,7729.01,7732.02,7728.76,7731.780000000001,1274
2026-08-27T15:15:00+00:00,7731.780000000001,7734.530000000001,7731.76,7733.280000000001,1349
2026-08-27T15:20:00+00:00,7733.280000000001,7734.280000000001,7731.01,7731.530000000001,1378
2026-08-27T15:25:00+00:00,7731.530000000001,7731.530000000001,7725.76,7726.52,1630
2026-08-27T15:30:00+00:00,7726.52,7729.530000000001,7724.14,7725.52,2537
2026-08-27T15:35:00+00:00,7725.52,7726.77,7721.51,7722.530000000001,1425
2026-08-27T15:40:00+00:00,7722.530000000001,7726.780000000001,7719.26,7719.76,1785
2026-08-27T15:45:00+00:00,7719.76,7720.530000000001,7717.26,7720.01,2281
2026-08-27T15:50:00+00:00,7720.01,7732.280000000001,7719.89,7732.280000000001,1791
2026-08-27T15:55:00+00:00,7732.280000000001,7732.280000000001,7728.900000000001,7729.89,1453
2026-08-27T16:00:00+00:00,7729.89,7733.27,7729.26,7732.01,1091
2026-08-27T16:05:00+00:00,7732.01,7732.280000000001,7728.01,7728.77,1158
2026-08-27T16:10:00+00:00,7728.77,7729.01,7725.52,7727.5,1007
2026-08-27T16:15:00+00:00,7727.5,7729.52,7726.52,7727.51,1034
2026-08-27T16:20:00+00:00,7727.51,7727.52,7724.75,7726.51,1004
2026-08-27T16:25:00+00:00,7726.51,7730.27,7725.5,7730.25,1082
2026-08-27T16:30:00+00:00,7730.25,7732.77,7729.5,7732.77,903
2026-08-27T16:35:00+00:00,7732.77,7736.52,7732.26,7736.26,910
2026-08-27T16:40:00+00:00,7736.26,7739.01,7736.25,7738.25,1112
2026-08-27T16:45:00+00:00,7738.25,7740.75,7737.76,7738.26,1069
2026-08-27T16:50:00+00:00,7738.26,7741.5,7737.5,7740.51,813
2026-08-27T16:55:00+00:00,7740.51,7741.76,7738.5,7741.52,652
2026-08-27T17:00:00+00:00,7741.52,7743.02,7741.26,7742,863
2026-08-27T17:05:00+00:00,7742,7744.25,7739.01,7743.75,1014
2026-08-27T17:10:00+00:00,7743.75,7745.01,7742.5,7743.27,704
2026-08-27T17:15:00+00:00,7743.27,7744.27,7741.76,7742.77,660
2026-08-27T17:20:00+00:00,7742.77,7744.01,7741.75,7743.27,667
2026-08-27T17:25:00+00:00,7743.27,7743.27,7738.27,7738.76,729
2026-08-27T17:30:00+00:00,7738.76,7742,7738.25,7739.02,1047
2026-08-27T17:35:00+00:00,7739.02,7740.02,7738.01,7738.51,561
2026-08-27T17:40:00+00:00,7738.51,7740.76,7737.5,7737.52,610
2026-08-27T17:45:00+00:00,7737.52,7737.77,7734,7735.27,1214
2026-08-27T17:50:00+00:00,7735.27,7735.52,7733.25,7734.77,910
2026-08-27T17:55:00+00:00,7734.77,7735.77,7732.5,7733.27,977
2026-08-27T18:00:00+00:00,7733.27,7735.02,7726.26,7726.52,2238
2026-08-27T18:05:00+00:00,7726.52,7728.52,7724.75,7726.01,1522
2026-08-27T18:10:00+00:00,7726.01,7726.52,7721,7723.77,1784
2026-08-27T18:15:00+00:00,7723.77,7726,7721.75,7723.75,1269
2026-08-27T18:20:00+00:00,7723.75,7725.27,7721.25,7721.75,1376
2026-08-27T18:25:00+00:00,7721.75,7722.02,7713.52,7715.52,2016
2026-08-27T18:30:00+00:00,7715.52,7720.27,7715.02,7716.26,1617
2026-08-27T18:35:00+00:00,7716.26,7721.51,7715.76,7721.51,1236
2026-08-27T18:40:00+00:00,7721.51,7722.02,7718.87,7719.77,838
2026-08-27T18:45:00+00:00,7719.77,7721.75,7716.02,7716.02,1232
2026-08-27T18:50:00+00:00,7716.02,7717,7714,7714.25,1494
2026-08-27T18:55:00+00:00,7714.25,7718.52,7712.75,7717.26,1317
2026-08-27T19:00:00+00:00,7717.26,7721.27,7716.25,7720.27,1524
2026-08-27T19:05:00+00:00,7720.27,7722.77,7718.01,7722.27,1529
2026-08-27T19:10:00+00:00,7722.27,7723.02,7719.77,7719.77,877
2026-08-27T19:15:00+00:00,7719.77,7723.02,7719.77,7722.51,1117
2026-08-27T19:20:00+00:00,7722.51,7723.52,7720.77,7721.02,895
2026-08-27T19:25:00+00:00,7721.02,7721.52,7718.75,7720.27,1234
2026-08-27T19:30:00+00:00,7720.27,7725.52,7719.5,7725.51,1282
2026-08-27T19:35:00+00:00,7725.51,7727.12,7725.02,7726.5,915
2026-08-27T19:40:00+00:00,7726.5,7727.76,7725,7727.52,733
2026-08-27T19:45:00+00:00,7727.52,7729.27,7726.75,7728.76,1425
2026-08-27T19:50:00+00:00,7728.76,7734,7725,7733,2401
2026-08-27T19:55:00+00:00,7733,7734.27,7730,7731.25,3076
2026-08-27T20:00:00+00:00,7731.25,7732.97,7727.45,7728.08,1444
2026-08-27T20:05:00+00:00,7728.08,7728.97,7725.22,7726.45,1135
2026-08-27T20:10:00+00:00,7726.45,7727.71,7724.96,7724.97,372
2026-08-27T20:15:00+00:00,7724.97,7725.97,7724.95,7725.72,329
2026-08-27T20:20:00+00:00,7725.72,7725.72,7722.45,7722.71,164
2026-08-27T20:25:00+00:00,7722.71,7723.21,7721.72,7722.95,298
2026-08-27T20:30:00+00:00,7722.95,7723.47,7722.71,7723.2,186
2026-08-27T20:35:00+00:00,7723.2,7723.47,7721.96,7722.71,112
2026-08-27T20:40:00+00:00,7722.71,7723.7,7722.46,7723.22,138
2026-08-27T20:45:00+00:00,7723.22,7723.72,7722.2,7722.21,160
2026-08-27T20:50:00+00:00,7722.21,7722.72,7721.45,7721.46,150
2026-08-27T20:55:00+00:00,7721.46,7722.95,7721.45,7722.67,159
2026-08-27T22:00:00+00:00,7722.67,7724.63,7718.2300000000005,7721.63,800
2026-08-27T22:05:00+00:00,7721.63,7723,7721,7722.5,221
2026-08-27T22:10:00+00:00,7722.5,7722.74,7720.610000000001,7721.62,149
2026-08-27T22:15:00+00:00,7721.62,7723,7721.110000000001,7722.88,173
2026-08-27T22:20:00+00:00,7722.88,7723.88,7721.99,7723.88,208
2026-08-27T22:25:00+00:00,7723.88,7723.88,7721.75,7723.38,172
2026-08-27T22:30:00+00:00,7723.38,7723.88,7722.62,7723.25,151
2026-08-27T22:35:00+00:00,7723.25,7723.88,7722.7300000000005,7722.9800000000005,79
2026-08-27T22:40:00+00:00,7722.9800000000005,7723.610000000001,7722.610000000001,7723.12,77
2026-08-27T22:45:00+00:00,7723.12,7723.12,7722.62,7722.99,63
2026-08-27T22:50:00+00:00,7722.99,7723.13,7721.62,7721.62,84
2026-08-27T22:55:00+00:00,7721.62,7723.110000000001,7721.62,7722.38,76
2026-08-27T23:00:00+00:00,7722.38,7722.63,7721.12,7721.360000000001,157
2026-08-27T23:05:00+00:00,7721.360000000001,7722.62,7721.12,7721.88,117
2026-08-27T23:10:00+00:00,7721.88,7721.88,7719.75,7720.62,190
2026-08-27T23:15:00+00:00,7720.62,7720.74,7719.860000000001,7720.13,101
2026-08-27T23:20:00+00:00,7720.13,7720.25,7719.860000000001,7720.13,51
2026-08-27T23:25:00+00:00,7720.13,7720.7300000000005,7719.610000000001,7719.88,103
2026-08-27T23:30:00+00:00,7719.88,7720.25,7718.87,7719.4800000000005,131
2026-08-27T23:35:00+00:00,7719.4800000000005,7720.110000000001,7719.37,7719.88,74
2026-08-27T23:40:00+00:00,7719.88,7720.110000000001,7719.110000000001,7719.360000000001,88
2026-08-27T23:45:00+00:00,7719.360000000001,7719.360000000001,7717.610000000001,7717.63,356
2026-08-27T23:50:00+00:00,7717.63,7718.63,7717.360000000001,7718.110000000001,197
2026-08-27T23:55:00+00:00,7718.110000000001,7718.860000000001,7717.610000000001,7718.860000000001,199
2026-08-28T00:00:00+00:00,7718.860000000001,7721.63,7718.110000000001,7719.860000000001,1134
2026-08-28T00:05:00+00:00,7719.860000000001,7722.13,7718.860000000001,7721.610000000001,909
2026-08-28T00:10:00+00:00,7721.610000000001,7725.63,7721.37,7725.37,595
2026-08-28T00:15:00+00:00,7725.37,7725.38,7721.99,7724.360000000001,1048
2026-08-28T00:20:00+00:00,7724.360000000001,7724.88,7723.610000000001,7724.13,510
2026-08-28T00:25:00+00:00,7724.13,7725.88,7724.110000000001,7725.88,354
2026-08-28T00:30:00+00:00,7725.88,7725.88,7724.360000000001,7725.49,329
2026-08-28T00:35:00+00:00,7725.49,7725.49,7724.13,7724.860000000001,369
2026-08-28T00:40:00+00:00,7724.860000000001,7726.88,7723.87,7726.37,434
2026-08-28T00:45:00+00:00,7726.37,7726.87,7725.37,7726.63,438
2026-08-28T00:50:00+00:00,7726.63,7727.38,7725.610000000001,7725.63,215
2026-08-28T00:55:00+00:00,7725.63,7726.13,7725.610000000001,7725.88,258
2026-08-28T01:00:00+00:00,7725.88,7727.63,7725.610000000001,7727.610000000001,587
2026-08-28T01:05:00+00:00,7727.610000000001,7728.62,7727.110000000001,7728.62,176
2026-08-28T01:10:00+00:00,7728.62,7730.13,7728.62,7729.38,210
2026-08-28T01:15:00+00:00,7729.38,7729.88,7729.110000000001,7729.4800000000005,210
2026-08-28T01:20:00+00:00,7729.4800000000005,7729.88,7728.610000000001,7729.12,256
2026-08-28T01:25:00+00:00,7729.12,7729.12,7727.610000000001,7728.13,235
2026-08-28T01:30:00+00:00,7728.13,7729.37,7727.860000000001,7729.110000000001,347
2026-08-28T01:35:00+00:00,7729.110000000001,7730.12,7727.360000000001,7727.610000000001,336
2026-08-28T01:40:00+00:00,7727.610000000001,7728.87,7727.38,7728.62,317
2026-08-28T01:45:00+00:00,7728.62,7729.37,7727.87,7729.360000000001,221
2026-08-28T01:50:00+00:00,7729.360000000001,7731.610000000001,7729.360000000001,7731.610000000001,333
2026-08-28T01:55:00+00:00,7731.610000000001,7732.860000000001,7731.610000000001,7732.860000000001,187
2026-08-28T02:00:00+00:00,7732.860000000001,7734.87,7732.860000000001,7734.62,481
2026-08-28T02:05:00+00:00,7734.62,7736.610000000001,7734.360000000001,7736.12,238
2026-08-28T02:10:00+00:00,7736.12,7736.63,7735.360000000001,7735.88,163
2026-08-28T02:15:00+00:00,7735.88,7736.87,7735.88,7736.860000000001,124
2026-08-28T02:20:00+00:00,7736.860000000001,7737.38,7735.38,7736.360000000001,220
2026-08-28T02:25:00+00:00,7736.360000000001,7736.63,7735.360000000001,7735.360000000001,149
2026-08-28T02:30:00+00:00,7735.360000000001,7735.360000000001,7732.62,7732.62,147
2026-08-28T02:35:00+00:00,7732.62,7732.62,7731.110000000001,7731.87,173
2026-08-28T02:40:00+00:00,7731.87,7732.13,7729.860000000001,7729.87,207
2026-08-28T02:45:00+00:00,7729.87,7730.38,7728.62,7729.13,182
2026-08-28T02:50:00+00:00,7729.13,7730.62,7729.110000000001,7730.38,133
2026-08-28T02:55:00+00:00,7730.38,7731.13,7730.110000000001,7730.88,141
2026-08-28T03:00:00+00:00,7730.88,7733.37,7730.860000000001,7733.37,149
2026-08-28T03:05:00+00:00,7733.37,7733.88,7732.610000000001,7733.63,140
2026-08-28T03:10:00+00:00,7733.63,7736.13,7733.49,7735.13,143
2026-08-28T03:15:00+00:00,7735.13,7736.38,7734.860000000001,7736.38,111
2026-08-28T03:20:00+00:00,7736.38,7736.63,7735.610000000001,7736.63,68
2026-08-28T03:25:00+00:00,7736.63,7737.38,7736.610000000001,7736.63,51
2026-08-28T03:30:00+00:00,7736.63,7736.860000000001,7734.13,7734.13,140
2026-08-28T03:35:00+00:00,7734.13,7734.13,7732.37,7732.62,69
2026-08-28T03:40:00+00:00,7732.62,7732.62,7729.110000000001,7729.37,307
2026-08-28T03:45:00+00:00,7729.37,7731.610000000001,7728.13,7731.110000000001,252
2026-08-28T03:50:00+00:00,7731.110000000001,7731.88,7730.38,7731.62,173
2026-08-28T03:55:00+00:00,7731.62,7732.13,7731.110000000001,7731.37,233
2026-08-28T04:00:00+00:00,7731.37,7731.62,7728.610000000001,7728.87,355
2026-08-28T04:05:00+00:00,7728.87,7729.24,7728.110000000001,7728.610000000001,265
2026-08-28T04:10:00+00:00,7728.610000000001,7730.88,7728.610000000001,7730.360000000001,158
2026-08-28T04:15:00+00:00,7730.360000000001,7731.12,7730.110000000001,7730.63,175
2026-08-28T04:20:00+00:00,7730.63,7730.88,7729.860000000001,7729.860000000001,111
2026-08-28T04:25:00+00:00,7729.860000000001,7730.38,7729.360000000001,7729.860000000001,176
2026-08-28T04:30:00+00:00,7729.860000000001,7729.87,7728.38,7728.38,105
2026-08-28T04:35:00+00:00,7728.38,7728.88,7727.88,7728.610000000001,157
2026-08-28T04:40:00+00:00,7728.610000000001,7728.88,7727.610000000001,7728.12,146
2026-08-28T04:45:00+00:00,7728.12,7728.63,7728.110000000001,7728.13,168
2026-08-28T04:50:00+00:00,7728.13,7728.38,7727.62,7727.62,94
2026-08-28T04:55:00+00:00,7727.62,7727.88,7726.860000000001,7727.63,119
2026-08-28T05:00:00+00:00,7727.63,7727.88,7726.360000000001,7727.38,369
2026-08-28T05:05:00+00:00,7727.38,7727.49,7726.110000000001,7726.38,204
2026-08-28T05:10:00+00:00,7726.38,7726.610000000001,7725.610000000001,7725.87,244
2026-08-28T05:15:00+00:00,7725.87,7726.37,7725.37,7725.38,156
2026-08-28T05:20:00+00:00,7725.38,7725.88,7724.360000000001,7725.360000000001,225
2026-08-28T05:25:00+00:00,7725.360000000001,7725.63,7724.110000000001,7725.12,260
2026-08-28T05:30:00+00:00,7725.12,7725.38,7724.360000000001,7725.110000000001,351
2026-08-28T05:35:00+00:00,7725.110000000001,7725.13,7722.110000000001,7723.110000000001,400
2026-08-28T05:40:00+00:00,7723.110000000001,7724.13,7723.110000000001,7724.12,222
2026-08-28T05:45:00+00:00,7724.12,7724.12,7722.610000000001,7722.860000000001,171
2026-08-28T05:50:00+00:00,7722.860000000001,7723.38,7721.62,7722.88,137
2026-08-28T05:55:00+00:00,7722.88,7723.13,7721.610000000001,7721.62,201
2026-08-28T06:00:00+00:00,7721.62,7724.13,7720.860000000001,7723.88,434
2026-08-28T06:05:00+00:00,7723.88,7724.13,7722.360000000001,7723.860000000001,328
2026-08-28T06:10:00+00:00,7723.860000000001,7725.110000000001,7723.62,7723.62,199
2026-08-28T06:15:00+00:00,7723.62,7725.88,7723.62,7725.360000000001,235
2026-08-28T06:20:00+00:00,7725.360000000001,7727.12,7725.13,7726.24,279
2026-08-28T06:25:00+00:00,7726.24,7726.38,7723.110000000001,7723.360000000001,423
2026-08-28T06:30:00+00:00,7723.360000000001,7727.37,7723.360000000001,7727.12,585
2026-08-28T06:35:00+00:00,7727.12,7727.63,7726.360000000001,7726.87,262
2026-08-28T06:40:00+00:00,7726.87,7729.38,7725.360000000001,7728.88,342
2026-08-28T06:45:00+00:00,7728.88,7730.63,7728.38,7730.38,411
2026-08-28T06:50:00+00:00,7730.38,7730.87,7729.610000000001,7730.63,182
2026-08-28T06:55:00+00:00,7730.63,7733.49,7730.63,7733.38,194
2026-08-28T07:00:00+00:00,7733.38,7734.49,7731.12,7731.88,981
2026-08-28T07:05:00+00:00,7731.88,7731.88,7728.860000000001,7729.63,667
2026-08-28T07:10:00+00:00,7729.63,7731.38,7729.360000000001,7730.37,518
2026-08-28T07:15:00+00:00,7730.37,7731.63,7729.860000000001,7731.63,521
2026-08-28T07:20:00+00:00,7731.63,7732.38,7729.860000000001,7731.87,405
2026-08-28T07:25:00+00:00,7731.87,7733.13,7731.360000000001,7731.88,291
2026-08-28T07:30:00+00:00,7731.88,7733.13,7731.12,7731.12,299
2026-08-28T07:35:00+00:00,7731.12,7732.63,7730.62,7731.13,252
2026-08-28T07:40:00+00:00,7731.13,7731.13,7728.610000000001,7729.360000000001,408
2026-08-28T07:45:00+00:00,7729.360000000001,7732.860000000001,7729.13,7732.860000000001,374
2026-08-28T07:50:00+00:00,7732.860000000001,7733.38,7729.610000000001,7731.12,385
2026-08-28T07:55:00+00:00,7731.12,7731.37,7729.360000000001,7730.37,342
2026-08-28T08:00:00+00:00,7730.37,7731.13,7727.63,7728.62,1043
2026-08-28T08:05:00+00:00,7728.62,7728.62,7726.610000000001,7727.87,588
2026-08-28T08:10:00+00:00,7727.87,7729.7300000000005,7726.87,7728.110000000001,756
2026-08-28T08:15:00+00:00,7728.110000000001,7728.88,7726.860000000001,7727.38,576
2026-08-28T08:20:00+00:00,7727.38,7728.860000000001,7726.860000000001,7728.360000000001,361
2026-08-28T08:25:00+00:00,7728.360000000001,7730.12,7728.110000000001,7729.12,311
2026-08-28T08:30:00+00:00,7729.12,7734.37,7728.62,7734.37,521
2026-08-28T08:35:00+00:00,7734.37,7735.12,7733.24,7733.37,335
2026-08-28T08:40:00+00:00,7733.37,7734.38,7732.610000000001,7732.610000000001,344
2026-08-28T08:45:00+00:00,7732.610000000001,7732.87,7729.860000000001,7729.87,494
2026-08-28T08:50:00+00:00,7729.87,7731.12,7728.12,7729.13,455
2026-08-28T08:55:00+00:00,7729.13,7730.37,7728.860000000001,7730.12,325
2026-08-28T09:00:00+00:00,7730.12,7730.38,7728.110000000001,7728.37,499
2026-08-28T09:05:00+00:00,7728.37,7729.12,7727.860000000001,7728.37,284
2026-08-28T09:10:00+00:00,7728.37,7729.38,7728.110000000001,7728.360000000001,316
2026-08-28T09:15:00+00:00,7728.360000000001,7728.88,7727.860000000001,7728.110000000001,232
2026-08-28T09:20:00+00:00,7728.110000000001,7729.12,7726.360000000001,7728.63,266
2026-08-28T09:25:00+00:00,7728.63,7730.37,7728.610000000001,7729.37,298
2026-08-28T09:30:00+00:00,7729.37,7729.38,7727.63,7729.38,197
2026-08-28T09:35:00+00:00,7729.38,7729.38,7727.37,7728.12,257
2026-08-28T09:40:00+00:00,7728.12,7728.62,7727.610000000001,7728.12,215
2026-08-28T09:45:00+00:00,7728.12,7729.12,7727.610000000001,7728.63,207
2026-08-28T09:50:00+00:00,7728.63,7730.63,7728.610000000001,7729.63,255
2026-08-28T09:55:00+00:00,7729.63,7729.75,7728.610000000001,7728.860000000001,160
2026-08-28T10:00:00+00:00,7728.860000000001,7728.88,7727.610000000001,7728.38,359
2026-08-28T10:05:00+00:00,7728.38,7729.37,7727.360000000001,7727.63,343
2026-08-28T10:10:00+00:00,7727.63,7728.610000000001,7727.13,7728.360000000001,271
2026-08-28T10:15:00+00:00,7728.360000000001,7729.13,7727.62,7727.62,241
2026-08-28T10:20:00+00:00,7727.62,7729.88,7727.360000000001,7729.87,244
2026-08-28T10:25:00+00:00,7729.87,7729.88,7728.62,7729.110000000001,200
2026-08-28T10:30:00+00:00,7729.110000000001,7730.13,7728.87,7728.87,175
2026-08-28T10:35:00+00:00,7728.87,7730.38,7728.12,7730.38,209
2026-08-28T10:40:00+00:00,7730.38,7730.38,7726.860000000001,7727.110000000001,440
2026-08-28T10:45:00+00:00,7727.110000000001,7728.37,7726.360000000001,7726.860000000001,404
2026-08-28T10:50:00+00:00,7726.860000000001,7727.38,7726.38,7727.12,344
2026-08-28T10:55:00+00:00,7727.12,7729.63,7727.110000000001,7729.62,241
2026-08-28T11:00:00+00:00,7729.62,7730.88,7727.610000000001,7730.360000000001,724
2026-08-28T11:05:00+00:00,7730.360000000001,7730.37,7727.360000000001,7727.63,376
2026-08-28T11:10:00+00:00,7727.63,7729.88,7727.12,7729.62,371
2026-08-28T11:15:00+00:00,7729.62,7730.860000000001,7729.62,7730.610000000001,253
2026-08-28T11:20:00+00:00,7730.610000000001,7732.88,7730.610000000001,7732.37,321
2026-08-28T11:25:00+00:00,7732.37,7732.38,7731.110000000001,7731.860000000001,277
2026-08-28T11:30:00+00:00,7731.860000000001,7733.38,7730.13,7730.13,253
2026-08-28T11:35:00+00:00,7730.13,7730.38,7729.110000000001,7730.13,279
2026-08-28T11:40:00+00:00,7730.13,7730.88,7728.62,7729.12,267
2026-08-28T11:45:00+00:00,7729.12,7730.38,7728.62,7729.63,295
2026-08-28T11:50:00+00:00,7729.63,7731.360000000001,7729.360000000001,7731.110000000001,381
2026-08-28T11:55:00+00:00,7731.110000000001,7731.110000000001,7729.360000000001,7729.860000000001,405
2026-08-28T12:00:00+00:00,7729.860000000001,7732.62,7729.360000000001,7732.38,376
2026-08-28T12:05:00+00:00,7732.38,7734.38,7732.110000000001,7734.12,318
2026-08-28T12:10:00+00:00,7734.12,7736.88,7732.860000000001,7736.62,846
2026-08-28T12:15:00+00:00,7736.62,7738.63,7736.12,7738.37,344
2026-08-28T12:20:00+00:00,7738.37,7740.87,7738.110000000001,7740.110000000001,393
2026-08-28T12:25:00+00:00,7740.110000000001,7740.38,7738.360000000001,7740.37,416
2026-08-28T12:30:00+00:00,7740.37,7740.38,7735.38,7735.63,599
2026-08-28T12:35:00+00:00,7735.63,7737.37,7733.63,7736.360000000001,401
2026-08-28T12:40:00+00:00,7736.360000000001,7740.12,7735.62,7739.860000000001,380
2026-08-28T12:45:00+00:00,7739.860000000001,7740.88,7739.13,7740.37,410
2026-08-28T12:50:00+00:00,7740.37,7741.13,7739.38,7740.110000000001,291
2026-08-28T12:55:00+00:00,7740.110000000001,7740.88,7739.360000000001,7739.610000000001,305
2026-08-28T13:00:00+00:00,7739.610000000001,7744.62,7738.860000000001,7741.88,950
2026-08-28T13:05:00+00:00,7741.88,7742.860000000001,7740.62,7740.87,580
2026-08-28T13:10:00+00:00,7740.87,7742.13,7738.87,7739.88,451
2026-08-28T13:15:00+00:00,7739.88,7740.38,7738.610000000001,7738.610000000001,380
2026-08-28T13:20:00+00:00,7738.610000000001,7739.12,7737.12,7738.13,280
2026-08-28T13:25:00+00:00,7738.13,7738.13,7732.860000000001,7736.63,1047
2026-08-28T13:30:00+00:00,7736.63,7739.93,7733.93,7739.17,5848
2026-08-28T13:35:00+00:00,7739.17,7743.67,7736.43,7741.43,4235
2026-08-28T13:40:00+00:00,7741.43,7747.43,7740.91,7744.92,2519
2026-08-28T13:45:00+00:00,7744.92,7747.68,7740.280000000001,7740.66,3268
2026-08-28T13:50:00+00:00,7740.66,7740.68,7735.68,7736.18,3173
2026-08-28T13:55:00+00:00,7736.18,7742.68,7735.91,7736.3,2669
2026-08-28T14:00:00+00:00,7736.3,7750.18,7731.16,7736.04,11109
2026-08-28T14:05:00+00:00,7736.04,7736.67,7725.16,7728.8,9084
2026-08-28T14:10:00+00:00,7728.8,7729.79,7716.68,7721.66,7705
2026-08-28T14:15:00+00:00,7721.66,7736.18,7720.41,7733.42,7153
2026-08-28T14:20:00+00:00,7733.42,7741.43,7728.91,7734.67,6906
2026-08-28T14:25:00+00:00,7734.67,7735.43,7725.17,7731.91,7686
2026-08-28T14:30:00+00:00,7731.91,7740.68,7728.16,7740.530000000001,7432
2026-08-28T14:35:00+00:00,7740.530000000001,7746.18,7739.16,7742.42,4968
2026-08-28T14:40:00+00:00,7742.42,7754.68,7742.41,7753.17,4601
2026-08-28T14:45:00+00:00,7753.17,7757.93,7751.16,7757.92,3812
2026-08-28T14:50:00+00:00,7757.92,7766.43,7757.16,7764.66,3742
2026-08-28T14:55:00+00:00,7764.66,7769.68,7764.16,7769.18,3219
2026-08-28T15:00:00+00:00,7769.18,7772.43,7767.030000000001,7768.41,3632
2026-08-28T15:05:00+00:00,7768.41,7769.66,7760.17,7761.68,2687
2026-08-28T15:10:00+00:00,7761.68,7763.68,7757.41,7761.17,2944
2026-08-28T15:15:00+00:00,7761.17,7766.05,7761.17,7762.43,3041
2026-08-28T15:20:00+00:00,7762.43,7768.41,7762.42,7767.67,2791
2026-08-28T15:25:00+00:00,7767.67,7771.42,7766.91,7769.18,2361
2026-08-28T15:30:00+00:00,7769.18,7769.42,7763.67,7763.91,2638
2026-08-28T15:35:00+00:00,7763.91,7765.42,7754.91,7755.91,2821
2026-08-28T15:40:00+00:00,7755.91,7755.93,7745.92,7747.43,5340
2026-08-28T15:45:00+00:00,7747.43,7749.41,7740.91,7741.92,4992
2026-08-28T15:50:00+00:00,7741.92,7743.92,7733.91,7740.18,5069
2026-08-28T15:55:00+00:00,7740.18,7740.43,7727.41,7729.8,5207
2026-08-28T16:00:00+00:00,7729.8,7731.43,7723.91,7727.18,6067
2026-08-28T16:05:00+00:00,7727.18,7735.42,7726.66,7734.42,3938
2026-08-28T16:10:00+00:00,7734.42,7734.92,7728.43,7728.91,3932
2026-08-28T16:15:00+00:00,7728.91,7731.43,7716.41,7720.68,4829
2026-08-28T16:20:00+00:00,7720.68,7722.43,7710.66,7713.92,6263
2026-08-28T16:25:00+00:00,7713.92,7717.68,7712.16,7715.16,4978
2026-08-28T16:30:00+00:00,7715.16,7724.18,7714.66,7715.43,4199
2026-08-28T16:35:00+00:00,7715.43,7725.41,7715.41,7722.42,3747
2026-08-28T16:40:00+00:00,7722.42,7722.43,7714.41,7715.42,3581
2026-08-28T16:45:00+00:00,7715.42,7725.16,7715.42,7723.16,3268
2026-08-28T16:50:00+00:00,7723.16,7725.92,7717.16,7718.17,2960
2026-08-28T16:55:00+00:00,7718.17,7720.18,7715.92,7715.92,2909
2026-08-28T17:00:00+00:00,7715.92,7715.93,7705.43,7708.93,4830
2026-08-28T17:05:00+00:00,7708.93,7708.93,7703.66,7703.66,3286
2026-08-28T17:10:00+00:00,7703.66,7712.66,7701.91,7712.66,3279
2026-08-28T17:15:00+00:00,7712.66,7712.93,7708.41,7710.18,2831
2026-08-28T17:20:00+00:00,7710.18,7710.93,7704.66,7708.67,2415
2026-08-28T17:25:00+00:00,7708.67,7712.18,7706.42,7707.16,2269
2026-08-28T17:30:00+00:00,7707.16,7713.67,7705.91,7712.17,1997
2026-08-28T17:35:00+00:00,7712.17,7713.91,7704.91,7705.43,2262
2026-08-28T17:40:00+00:00,7705.43,7710.43,7705.41,7709.66,2148
2026-08-28T17:45:00+00:00,7709.66,7716.18,7707.67,7715.43,1579
2026-08-28T17:50:00+00:00,7715.43,7716.41,7713.17,7713.93,1220
2026-08-28T17:55:00+00:00,7713.93,7714.68,7709.66,7714.41,1849
2026-08-28T18:00:00+00:00,7714.41,7716.93,7712.42,7714.16,2027
2026-08-28T18:05:00+00:00,7714.16,7716.68,7712.41,7714.93,1835
2026-08-28T18:10:00+00:00,7714.93,7716.68,7710.91,7711.18,1523
2026-08-28T18:15:00+00:00,7711.18,7714.43,7710.66,7713.05,1613
2026-08-28T18:20:00+00:00,7713.05,7714.68,7708.17,7709.66,1651
2026-08-28T18:25:00+00:00,7709.66,7712.43,7707.91,7709.67,1734
2026-08-28T18:30:00+00:00,7709.67,7713.92,7708.92,7712.93,1394
2026-08-28T18:35:00+00:00,7712.93,7714.92,7709.91,7710.17,1335
2026-08-28T18:40:00+00:00,7710.17,7713.17,7709.42,7711.92,1244
2026-08-28T18:45:00+00:00,7711.92,7712.18,7706.41,7706.93,1247
2026-08-28T18:50:00+00:00,7706.93,7706.93,7702.41,7704.93,1936
2026-08-28T18:55:00+00:00,7704.93,7707.18,7702.91,7705.93,1789
2026-08-28T19:00:00+00:00,7705.93,7708.67,7703.92,7707.18,1869
2026-08-28T19:05:00+00:00,7707.18,7712.93,7706.41,7712.92,1637
2026-08-28T19:10:00+00:00,7712.92,7713.17,7709.17,7711.67,1214
2026-08-28T19:15:00+00:00,7711.67,7712.18,7709.41,7711.42,918
2026-08-28T19:20:00+00:00,7711.42,7714.67,7710.67,7712.43,1087
2026-08-28T19:25:00+00:00,7712.43,7715.18,7712.17,7714.66,886
2026-08-28T19:30:00+00:00,7714.66,7714.66,7711.17,7713.16,1465
2026-08-28T19:35:00+00:00,7713.16,7714.93,7710.67,7714.67,1125
2026-08-28T19:40:00+00:00,7714.67,7717.18,7714.66,7715.43,1028
2026-08-28T19:45:00+00:00,7715.43,7716.18,7709.67,7711.92,1573
2026-08-28T19:50:00+00:00,7711.92,7717.16,7710.55,7713.16,2946
2026-08-28T19:55:00+00:00,7713.16,7718.17,7709.91,7712.04,3501
2026-08-28T20:00:00+00:00,7712.04,7714.13,7710.860000000001,7712.360000000001,1164
2026-08-28T20:05:00+00:00,7712.360000000001,7712.360000000001,7709.13,7710.37,376
2026-08-28T20:10:00+00:00,7710.37,7711.63,7709.88,7710.62,251
2026-08-28T20:15:00+00:00,7710.62,7711.12,7709.36,7710.11,131
2026-08-28T20:20:00+00:00,7710.11,7710.37,7709.35,7710.37,89
2026-08-28T20:25:00+00:00,7710.37,7710.61,7709.37,7710.1,55
2026-08-28T20:30:00+00:00,7710.1,7710.37,7708.87,7709.36,132
2026-08-28T20:35:00+00:00,7709.36,7711.61,7709.35,7710.61,123
2026-08-28T20:40:00+00:00,7710.61,7713.62,7710.61,7713.36,77
2026-08-30T22:00:00+00:00,7713.36,7715.62,7695.85,7697.35,3106
2026-08-30T22:05:00+00:00,7697.35,7701.49,7697.1,7699.74,965
2026-08-30T22:10:00+00:00,7699.74,7702.12,7698.35,7702.12,407
2026-08-30T22:15:00+00:00,7702.12,7705.12,7701.61,7704.85,361
2026-08-30T22:20:00+00:00,7704.85,7706.22,7704.35,7704.35,254
2026-08-30T22:25:00+00:00,7704.35,7704.87,7702.6,7702.87,249
2026-08-30T22:30:00+00:00,7702.87,7703.86,7701.1,7701.35,282
2026-08-30T22:35:00+00:00,7701.35,7702.12,7697.85,7700.98,515
2026-08-30T22:40:00+00:00,7700.98,7701.74,7696.85,7698.1,529
2026-08-30T22:45:00+00:00,7698.1,7700.62,7697.6,7699.24,356
2026-08-30T22:50:00+00:00,7699.24,7700.62,7699.11,7700.23,169
2026-08-30T22:55:00+00:00,7700.23,7700.87,7699.61,7700.73,116
2026-08-30T23:00:00+00:00,7700.73,7701.12,7698.85,7699.61,261
2026-08-30T23:05:00+00:00,7699.61,7700.62,7699.35,7699.72,218
2026-08-30T23:10:00+00:00,7699.72,7700.12,7696.6,7696.61,453
2026-08-30T23:15:00+00:00,7696.61,7698.12,7696.1,7697.85,201
2026-08-30T23:20:00+00:00,7697.85,7698.12,7693.1,7694.62,589
2026-08-30T23:25:00+00:00,7694.62,7695.36,7693.24,7693.24,320
2026-08-30T23:30:00+00:00,7693.24,7693.36,7687.61,7690.6,1086
2026-08-30T23:35:00+00:00,7690.6,7691.98,7688.12,7688.99,540
2026-08-30T23:40:00+00:00,7688.99,7690.86,7686.11,7690.61,586
2026-08-30T23:45:00+00:00,7690.61,7690.87,7680.11,7682.6,1740
2026-08-30T23:50:00+00:00,7682.6,7685.86,7681.98,7685.49,1123
2026-08-30T23:55:00+00:00,7685.49,7685.49,7680.35,7680.35,1001
2026-08-31T00:00:00+00:00,7680.35,7681.62,7676.85,7678.6,2025
2026-08-31T00:05:00+00:00,7678.6,7681.35,7676.11,7680.35,1358
2026-08-31T00:10:00+00:00,7680.35,7686.62,7679.73,7685.1,1009
2026-08-31T00:15:00+00:00,7685.1,7689.36,7685.1,7686.72,825
2026-08-31T00:20:00+00:00,7686.72,7690.87,7686.35,7690.87,629
2026-08-31T00:25:00+00:00,7690.87,7691.12,7688.36,7690.6,556
2026-08-31T00:30:00+00:00,7690.6,7695.12,7689.85,7694.36,761
2026-08-31T00:35:00+00:00,7694.36,7695.37,7693.1,7694.36,468
2026-08-31T00:40:00+00:00,7694.36,7694.87,7692.6,7693.49,485
2026-08-31T00:45:00+00:00,7693.49,7693.74,7691.6,7692.37,579
2026-08-31T00:50:00+00:00,7692.37,7692.87,7690.86,7692.11,460
2026-08-31T00:55:00+00:00,7692.11,7692.36,7687.6,7689.12,463
2026-08-31T01:00:00+00:00,7689.12,7689.12,7682.24,7686.85,1401
2026-08-31T01:05:00+00:00,7686.85,7686.87,7681.85,7682.37,1100
2026-08-31T01:10:00+00:00,7682.37,7683.62,7678.22,7682.86,989
2026-08-31T01:15:00+00:00,7682.86,7683.87,7679.35,7683.12,1460
2026-08-31T01:20:00+00:00,7683.12,7684.37,7678.61,7681.11,1456
2026-08-31T01:25:00+00:00,7681.11,7682.86,7679.12,7681.61,1006
2026-08-31T01:30:00+00:00,7681.61,7682.37,7678.6,7679.6,1370
2026-08-31T01:35:00+00:00,7679.6,7682.62,7679.12,7682.12,1068
2026-08-31T01:40:00+00:00,7682.12,7683.35,7680.11,7680.22,984
2026-08-31T01:45:00+00:00,7680.22,7682.37,7678.97,7680.48,1009
2026-08-31T01:50:00+00:00,7680.48,7681.37,7678.85,7679.87,913
2026-08-31T01:55:00+00:00,7679.87,7682.12,7679.1,7681.85,924
2026-08-31T02:00:00+00:00,7681.85,7683.62,7679.47,7683.62,1204
2026-08-31T02:05:00+00:00,7683.62,7686.37,7682.85,7685.85,735
2026-08-31T02:10:00+00:00,7685.85,7688.36,7685.35,7687.61,505
2026-08-31T02:15:00+00:00,7687.61,7687.87,7680.37,7683.35,1009
2026-08-31T02:20:00+00:00,7683.35,7683.35,7680.62,7681.1,1030
2026-08-31T02:25:00+00:00,7681.1,7683.12,7678.35,7681.86,772
2026-08-31T02:30:00+00:00,7681.86,7682.62,7676.35,7677.35,1001
2026-08-31T02:35:00+00:00,7677.35,7678.87,7675.87,7677.62,742
2026-08-31T02:40:00+00:00,7677.62,7678.62,7675.85,7677.62,478
2026-08-31T02:45:00+00:00,7677.62,7680.87,7676.61,7677.24,574
2026-08-31T02:50:00+00:00,7677.24,7680.74,7676.62,7680.35,646
2026-08-31T02:55:00+00:00,7680.35,7683.86,7680.1,7683.85,309
2026-08-31T03:00:00+00:00,7683.85,7686.37,7682.86,7685.35,454
2026-08-31T03:05:00+00:00,7685.35,7686.62,7684.85,7686.62,268
2026-08-31T03:10:00+00:00,7686.62,7687.6,7685.35,7685.62,276
2026-08-31T03:15:00+00:00,7685.62,7685.85,7684.36,7684.85,261
2026-08-31T03:20:00+00:00,7684.85,7685.85,7684.61,7685.61,210
2026-08-31T03:25:00+00:00,7685.61,7686.62,7684.62,7684.86,276
2026-08-31T03:30:00+00:00,7684.86,7685.37,7683.87,7684.11,403
2026-08-31T03:35:00+00:00,7684.11,7684.87,7682.61,7683.12,409
2026-08-31T03:40:00+00:00,7683.12,7684.12,7683.1,7683.87,269
2026-08-31T03:45:00+00:00,7683.87,7684.37,7682.85,7683.97,260
2026-08-31T03:50:00+00:00,7683.97,7684.36,7682.86,7683.87,212
2026-08-31T03:55:00+00:00,7683.87,7684.62,7683.85,7684.61,203
2026-08-31T04:00:00+00:00,7684.61,7684.86,7683.36,7683.86,259
2026-08-31T04:05:00+00:00,7683.86,7684.11,7682.85,7683.87,204
2026-08-31T04:10:00+00:00,7683.87,7684.61,7682.85,7684.61,206
2026-08-31T04:15:00+00:00,7684.61,7684.86,7682.85,7683.87,166
2026-08-31T04:20:00+00:00,7683.87,7684.37,7683.35,7684.11,195
2026-08-31T04:25:00+00:00,7684.11,7684.62,7683.61,7684.23,177
2026-08-31T04:30:00+00:00,7684.23,7684.61,7682.35,7682.87,224
2026-08-31T04:35:00+00:00,7682.87,7687.87,7682.85,7687.87,441
2026-08-31T04:40:00+00:00,7687.87,7688.12,7685.87,7688.1,323
2026-08-31T04:45:00+00:00,7688.1,7688.1,7685.62,7685.62,187
2026-08-31T04:50:00+00:00,7685.62,7689.87,7685.62,7689.87,233
2026-08-31T04:55:00+00:00,7689.87,7693.85,7689.86,7692.37,369
2026-08-31T05:00:00+00:00,7692.37,7694.61,7690.86,7694.24,578
2026-08-31T05:05:00+00:00,7694.24,7696.12,7693.6,7693.61,359
2026-08-31T05:10:00+00:00,7693.61,7697.62,7693.35,7697.37,259
2026-08-31T05:15:00+00:00,7697.37,7702.23,7696.85,7701.11,336
2026-08-31T05:20:00+00:00,7701.11,7701.11,7698.24,7700.6,423
2026-08-31T05:25:00+00:00,7700.6,7701.73,7699.97,7700.12,299
2026-08-31T05:30:00+00:00,7700.12,7700.37,7695.12,7696.1,646
2026-08-31T05:35:00+00:00,7696.1,7696.37,7693.85,7694.1,408
2026-08-31T05:40:00+00:00,7694.1,7696.37,7692.1,7694.62,515
2026-08-31T05:45:00+00:00,7694.62,7695.87,7693.86,7694.99,409
2026-08-31T05:50:00+00:00,7694.99,7695.12,7693.87,7695.12,302
2026-08-31T05:55:00+00:00,7695.12,7696.62,7694.72,7696.35,323
2026-08-31T06:00:00+00:00,7696.35,7696.62,7694.35,7695.98,565
2026-08-31T06:05:00+00:00,7695.98,7698.37,7695.86,7697.35,506
2026-08-31T06:10:00+00:00,7697.35,7699.12,7696.73,7698.87,488
2026-08-31T06:15:00+00:00,7698.87,7700.37,7698.85,7699.36,408
2026-08-31T06:20:00+00:00,7699.36,7701.37,7699.36,7700.87,393
2026-08-31T06:25:00+00:00,7700.87,7701.36,7699.85,7701.36,375
2026-08-31T06:30:00+00:00,7701.36,7701.36,7699.1,7700.36,450
2026-08-31T06:35:00+00:00,7700.36,7702.37,7700.23,7702.37,280
2026-08-31T06:40:00+00:00,7702.37,7702.37,7700.11,7700.86,130
2026-08-31T06:45:00+00:00,7700.86,7703.6,7700.47,7702.11,274
2026-08-31T06:50:00+00:00,7702.11,7702.86,7701.1,7702.86,276
2026-08-31T06:55:00+00:00,7702.86,7703.36,7702.24,7702.85,230
2026-08-31T07:00:00+00:00,7702.85,7702.85,7699.85,7701.12,739
2026-08-31T07:05:00+00:00,7701.12,7702.61,7700.37,7701.11,470
2026-08-31T07:10:00+00:00,7701.11,7702.12,7700.36,7702.11,365
2026-08-31T07:15:00+00:00,7702.11,7702.12,7700.1,7700.61,363
2026-08-31T07:20:00+00:00,7700.61,7702.36,7700.6,7701.86,364
2026-08-31T07:25:00+00:00,7701.86,7702.36,7699.6,7700.86,335
2026-08-31T07:30:00+00:00,7700.86,7702.12,7700.35,7701.37,393
2026-08-31T07:35:00+00:00,7701.37,7702.62,7700.1,7700.61,456
2026-08-31T07:40:00+00:00,7700.61,7701.12,7699.85,7700.87,364
2026-08-31T07:45:00+00:00,7700.87,7701.35,7700.35,7701.11,243
2026-08-31T07:50:00+00:00,7701.11,7701.37,7699.1,7700.86,306
2026-08-31T07:55:00+00:00,7700.86,7701.6,7700.1,7701.37,356
2026-08-31T08:00:00+00:00,7701.37,7706.1,7699.48,7702.62,1632
2026-08-31T08:05:00+00:00,7702.62,7706.87,7700.85,7706.86,781
2026-08-31T08:10:00+00:00,7706.86,7707.12,7702.35,7702.48,754
2026-08-31T08:15:00+00:00,7702.48,7704.37,7701.61,7702.86,515
2026-08-31T08:20:00+00:00,7702.86,7704.37,7700.85,7702.98,722
2026-08-31T08:25:00+00:00,7702.98,7704.6,7702.6,7704.1,589
2026-08-31T08:30:00+00:00,7704.1,7704.61,7702.6,7703.61,457
2026-08-31T08:35:00+00:00,7703.61,7704.62,7702.87,7703.49,574
2026-08-31T08:40:00+00:00,7703.49,7703.73,7701.97,7703.37,523
2026-08-31T08:45:00+00:00,7703.37,7704.85,7703.11,7704.37,367
2026-08-31T08:50:00+00:00,7704.37,7706.12,7703.85,7704.87,315
2026-08-31T08:55:00+00:00,7704.87,7705.37,7703.36,7704.35,261
2026-08-31T09:00:00+00:00,7704.35,7704.87,7702.36,7702.87,484
2026-08-31T09:05:00+00:00,7702.87,7705.35,7702.85,7705.35,430
2026-08-31T09:10:00+00:00,7705.35,7706.37,7704.85,7705.37,318
2026-08-31T09:15:00+00:00,7705.37,7707.61,7705.37,7707.35,404
2026-08-31T09:20:00+00:00,7707.35,7707.62,7704.98,7706.11,282
2026-08-31T09:25:00+00:00,7706.11,7706.37,7705.1,7705.1,151
2026-08-31T09:30:00+00:00,7705.1,7705.37,7703.35,7704.1,151
2026-08-31T09:35:00+00:00,7704.1,7704.62,7702.6,7702.62,209
2026-08-31T09:40:00+00:00,7702.62,7702.62,7701.37,7701.85,185
2026-08-31T09:45:00+00:00,7701.85,7702.12,7699.1,7699.12,226
2026-08-31T09:50:00+00:00,7699.12,7700.36,7698.86,7699.86,219
2026-08-31T09:55:00+00:00,7699.86,7699.87,7698.6,7699.11,173
2026-08-31T10:00:00+00:00,7699.11,7699.62,7697.11,7699.62,427
2026-08-31T10:05:00+00:00,7699.62,7701.37,7699.11,7699.11,348
2026-08-31T10:10:00+00:00,7699.11,7700.61,7698.86,7700.6,292
2026-08-31T10:15:00+00:00,7700.6,7700.6,7697.85,7699.1,307
2026-08-31T10:20:00+00:00,7699.1,7700.62,7698.97,7700.35,408
2026-08-31T10:25:00+00:00,7700.35,7701.37,7698.61,7700.12,327
2026-08-31T10:30:00+00:00,7700.12,7700.12,7698.6,7699.35,271
2026-08-31T10:35:00+00:00,7699.35,7700.47,7699.1,7700.35,293
2026-08-31T10:40:00+00:00,7700.35,7700.62,7699.47,7700.11,202
2026-08-31T10:45:00+00:00,7700.11,7700.62,7699.35,7700.12,157
2026-08-31T10:50:00+00:00,7700.12,7702.72,7699.35,7701.11,352
2026-08-31T10:55:00+00:00,7701.11,7702.12,7700.62,7701.37,291
2026-08-31T11:00:00+00:00,7701.37,7702.62,7699.98,7700.35,801
2026-08-31T11:05:00+00:00,7700.35,7701.86,7698.87,7700.87,391
2026-08-31T11:10:00+00:00,7700.87,7701.61,7699.1,7699.12,298
2026-08-31T11:15:00+00:00,7699.12,7701.87,7698.6,7701.23,542
2026-08-31T11:20:00+00:00,7701.23,7701.62,7699.72,7701.23,357
2026-08-31T11:25:00+00:00,7701.23,7702.86,7700.61,7702.22,309
2026-08-31T11:30:00+00:00,7702.22,7702.22,7697.6,7697.6,435
2026-08-31T11:35:00+00:00,7697.6,7697.87,7696.6,7696.87,240
2026-08-31T11:40:00+00:00,7696.87,7700.24,7694.6,7694.6,595
2026-08-31T11:45:00+00:00,7694.6,7696.1,7692.35,7694.61,325
2026-08-31T11:50:00+00:00,7694.61,7696.37,7693.6,7694.37,302
2026-08-31T11:55:00+00:00,7694.37,7695.36,7693.87,7694.1,235
2026-08-31T12:00:00+00:00,7694.1,7696.61,7693.85,7695.36,412
2026-08-31T12:05:00+00:00,7695.36,7699.87,7686.63,7696.85,814
2026-08-31T12:10:00+00:00,7696.85,7697.85,7694.85,7696.85,802
2026-08-31T12:15:00+00:00,7696.85,7699.86,7696.73,7699.62,573
2026-08-31T12:20:00+00:00,7699.62,7700.86,7695.11,7695.37,485
2026-08-31T12:25:00+00:00,7695.37,7695.37,7687.35,7689.62,1593
2026-08-31T12:30:00+00:00,7689.62,7690.87,7687.23,7690.86,1041
2026-08-31T12:35:00+00:00,7690.86,7693.35,7685.6,7685.86,800
2026-08-31T12:40:00+00:00,7685.86,7686.37,7683.35,7684.87,771
2026-08-31T12:45:00+00:00,7684.87,7686.37,7683.98,7685.61,637
2026-08-31T12:50:00+00:00,7685.61,7686.99,7684.11,7684.36,488
2026-08-31T12:55:00+00:00,7684.36,7686.62,7683.35,7685.62,371
2026-08-31T13:00:00+00:00,7685.62,7687.62,7684.36,7685.36,789
2026-08-31T13:05:00+00:00,7685.36,7687.62,7684.35,7687.6,523
2026-08-31T13:10:00+00:00,7687.6,7690.11,7686.85,7689.87,492
2026-08-31T13:15:00+00:00,7689.87,7692.62,7689.87,7690.61,373
2026-08-31T13:20:00+00:00,7690.61,7691.87,7690.35,7690.6,340
2026-08-31T13:25:00+00:00,7690.6,7694.12,7689.36,7693.47,1626
2026-08-31T13:30:00+00:00,7693.47,7695.79,7682.67,7683.4,5004
2026-08-31T13:35:00+00:00,7683.4,7684.65,7677.15,7682.53,4734
2026-08-31T13:40:00+00:00,7682.53,7686.16,7677.4,7677.9,4737
2026-08-31T13:45:00+00:00,7677.9,7685.65,7674.4,7680.65,5022
2026-08-31T13:50:00+00:00,7680.65,7684.92,7677.41,7684.4,4053
2026-08-31T13:55:00+00:00,7684.4,7686.67,7680.65,7681.67,3638
2026-08-31T14:00:00+00:00,7681.67,7682.67,7676.91,7677.65,3363
2026-08-31T14:05:00+00:00,7677.65,7680.53,7674.4,7674.65,2745
2026-08-31T14:10:00+00:00,7674.65,7678.42,7673.15,7677.91,2650
2026-08-31T14:15:00+00:00,7677.91,7679.92,7675.4,7679.16,2696
2026-08-31T14:20:00+00:00,7679.16,7679.28,7669.4,7669.4,2296
2026-08-31T14:25:00+00:00,7669.4,7669.92,7666.65,7668.67,2479
2026-08-31T14:30:00+00:00,7668.67,7670.92,7667.4,7668.15,2136
2026-08-31T14:35:00+00:00,7668.15,7677.67,7667.65,7675.92,2484
2026-08-31T14:40:00+00:00,7675.92,7680.17,7675.41,7677.9,1672
2026-08-31T14:45:00+00:00,7677.9,7678.17,7673.42,7673.92,2058
2026-08-31T14:50:00+00:00,7673.92,7678.42,7673.15,7678.15,1712
2026-08-31T14:55:00+00:00,7678.15,7683.67,7677.16,7679.42,1770
2026-08-31T15:00:00+00:00,7679.42,7684.17,7676.42,7677.4,2126
2026-08-31T15:05:00+00:00,7677.4,7681.66,7675.9,7676.4,1795
2026-08-31T15:10:00+00:00,7676.4,7679.41,7675.15,7677.17,1652
2026-08-31T15:15:00+00:00,7677.17,7678.67,7673.65,7677.4,1669
2026-08-31T15:20:00+00:00,7677.4,7680.42,7675.66,7679.92,1273
2026-08-31T15:25:00+00:00,7679.92,7681.42,7677.9,7679.42,1500
2026-08-31T15:30:00+00:00,7679.42,7679.9,7674.16,7677.41,1913
2026-08-31T15:35:00+00:00,7677.41,7678.42,7674.15,7675.65,1412
2026-08-31T15:40:00+00:00,7675.65,7678.41,7673.66,7677.9,1381
2026-08-31T15:45:00+00:00,7677.9,7679.91,7676.15,7678.17,1246
2026-08-31T15:50:00+00:00,7678.17,7682.92,7678.17,7680.42,1200
2026-08-31T15:55:00+00:00,7680.42,7680.91,7672.67,7673.67,1186
2026-08-31T16:00:00+00:00,7673.67,7673.67,7670.15,7671.15,1352
2026-08-31T16:05:00+00:00,7671.15,7671.42,7669.16,7670.65,1140
2026-08-31T16:10:00+00:00,7670.65,7677.27,7670.16,7676.67,1482
2026-08-31T16:15:00+00:00,7676.67,7677.17,7672.15,7675.42,1165
2026-08-31T16:20:00+00:00,7675.42,7676.17,7672.16,7674.15,982
2026-08-31T16:25:00+00:00,7674.15,7678.92,7674.15,7678.65,908
2026-08-31T16:30:00+00:00,7678.65,7679.15,7675.9,7677.66,1224
2026-08-31T16:35:00+00:00,7677.66,7678.92,7671.91,7671.91,877
2026-08-31T16:40:00+00:00,7671.91,7676.92,7671.41,7673.67,1226
2026-08-31T16:45:00+00:00,7673.67,7678.17,7673.65,7677.15,799
2026-08-31T16:50:00+00:00,7677.15,7679.42,7676.65,7677.91,864
2026-08-31T16:55:00+00:00,7677.91,7679.42,7677.4,7678.16,718
2026-08-31T17:00:00+00:00,7678.16,7678.66,7675.4,7676.4,957
2026-08-31T17:05:00+00:00,7676.4,7677.92,7674.9,7675.42,675
2026-08-31T17:10:00+00:00,7675.42,7678.92,7675.4,7678.91,704
2026-08-31T17:15:00+00:00,7678.91,7680.17,7676.67,7678.41,916
2026-08-31T17:20:00+00:00,7678.41,7679.16,7676.9,7677.66,790
2026-08-31T17:25:00+00:00,7677.66,7677.92,7673.41,7673.65,854
2026-08-31T17:30:00+00:00,7673.65,7674.92,7671.16,7672.4,976
2026-08-31T17:35:00+00:00,7672.4,7677.91,7672.4,7677.91,621
2026-08-31T17:40:00+00:00,7677.91,7682.17,7677.41,7682.17,729
2026-08-31T17:45:00+00:00,7682.17,7684.17,7681.15,7682.92,762
2026-08-31T17:50:00+00:00,7682.92,7687.42,7682.9,7687.41,877
2026-08-31T17:55:00+00:00,7687.41,7687.91,7683.41,7684.92,859
2026-08-31T18:00:00+00:00,7684.92,7685.92,7681.4,7685.41,1722
2026-08-31T18:05:00+00:00,7685.41,7686.42,7684.15,7686.16,898
2026-08-31T18:10:00+00:00,7686.16,7686.67,7683.91,7686.67,615
2026-08-31T18:15:00+00:00,7686.67,7687.17,7685.15,7686.4,640
2026-08-31T18:20:00+00:00,7686.4,7687.67,7684.65,7685.91,676
2026-08-31T18:25:00+00:00,7685.91,7685.91,7682.65,7682.65,724
2026-08-31T18:30:00+00:00,7682.65,7683.67,7679.65,7679.9,740
2026-08-31T18:35:00+00:00,7679.9,7680.65,7672.16,7673.92,1302
2026-08-31T18:40:00+00:00,7673.92,7675.41,7670.15,7673.15,1532
2026-08-31T18:45:00+00:00,7673.15,7673.67,7671.41,7673.65,1139
2026-08-31T18:50:00+00:00,7673.65,7676.67,7671.9,7675.9,675
2026-08-31T18:55:00+00:00,7675.9,7678.17,7674.9,7676.17,829
2026-08-31T19:00:00+00:00,7676.17,7680.16,7676.17,7677.66,782
2026-08-31T19:05:00+00:00,7677.66,7679.92,7676.42,7679.9,669
2026-08-31T19:10:00+00:00,7679.9,7681.92,7679.15,7681.52,667
2026-08-31T19:15:00+00:00,7681.52,7681.91,7679.65,7679.91,543
2026-08-31T19:20:00+00:00,7679.91,7684.42,7679.65,7683.66,697
2026-08-31T19:25:00+00:00,7683.66,7687.16,7682.17,7685.92,756
2026-08-31T19:30:00+00:00,7685.92,7686.17,7681.65,7684.15,1028
2026-08-31T19:35:00+00:00,7684.15,7686.67,7683.65,7686.16,569
2026-08-31T19:40:00+00:00,7686.16,7691.9,7685.9,7689.92,773
2026-08-31T19:45:00+00:00,7689.92,7691.42,7685.65,7688.15,996
2026-08-31T19:50:00+00:00,7688.15,7696.15,7688.15,7692.91,2682
2026-08-31T19:55:00+00:00,7692.91,7699.66,7686.4,7687.4,3046
2026-08-31T20:00:00+00:00,7687.4,7696.35,7687.4,7692.61,1610
2026-08-31T20:05:00+00:00,7692.61,7695.6,7692.35,7694.37,568
2026-08-31T20:10:00+00:00,7694.37,7695.12,7692.85,7693.36,450
2026-08-31T20:15:00+00:00,7693.36,7693.87,7692.47,7693.6,288
2026-08-31T20:20:00+00:00,7693.6,7693.6,7692.6,7692.87,86
2026-08-31T20:25:00+00:00,7692.87,7694.37,7692.85,7694.36,101
2026-08-31T20:30:00+00:00,7694.36,7694.36,7692.86,7693.6,99
2026-08-31T20:35:00+00:00,7693.6,7694.37,7693.6,7694.1,71
2026-08-31T20:40:00+00:00,7694.1,7694.62,7694.1,7694.11,32
2026-08-31T20:45:00+00:00,7694.11,7694.36,7692.12,7692.12,73
2026-08-31T20:50:00+00:00,7692.12,7694.12,7692.11,7693.61,81
2026-08-31T20:55:00+00:00,7693.61,7693.85,7692.6,7693.1,112
2026-08-31T22:00:00+00:00,7693.1,7694.51,7692.12,7693.89,607
2026-08-31T22:05:00+00:00,7693.89,7694.27,7692.75,7694.26,211
2026-08-31T22:10:00+00:00,7694.26,7694.76,7693.26,7694.26,168
2026-08-31T22:15:00+00:00,7694.26,7694.52,7692.75,7693.51,105
2026-08-31T22:20:00+00:00,7693.51,7693.76,7692.76,7693.75,58
2026-08-31T22:25:00+00:00,7693.75,7693.89,7693,7693.25,30
2026-08-31T22:30:00+00:00,7693.25,7694.02,7693.25,7693.76,56
2026-08-31T22:35:00+00:00,7693.76,7694.52,7693.51,7694.01,56
2026-08-31T22:40:00+00:00,7694.01,7694.27,7693.5,7693.51,38
2026-08-31T22:45:00+00:00,7693.51,7694.02,7692.76,7692.77,51
2026-08-31T22:50:00+00:00,7692.77,7693.01,7692.25,7692.5,79
2026-08-31T22:55:00+00:00,7692.5,7693.52,7692.39,7693.01,81
2026-08-31T23:00:00+00:00,7693.01,7694.02,7692.5,7693.01,188
2026-08-31T23:05:00+00:00,7693.01,7694.25,7693.01,7694,131
2026-08-31T23:10:00+00:00,7694,7695.01,7693.76,7694.26,98
2026-08-31T23:15:00+00:00,7694.26,7694.26,7693.25,7693.77,51
2026-08-31T23:20:00+00:00,7693.77,7693.89,7692.5,7692.88,93
2026-08-31T23:25:00+00:00,7692.88,7694.76,7692.75,7694.51,86
2026-08-31T23:30:00+00:00,7694.51,7696.77,7694,7696.25,113
2026-08-31T23:35:00+00:00,7696.25,7697.25,7694.76,7695.51,169
2026-08-31T23:40:00+00:00,7695.51,7696.27,7695.25,7695.76,97
2026-08-31T23:45:00+00:00,7695.76,7696.77,7694.25,7694.77,325
2026-08-31T23:50:00+00:00,7694.77,7695.77,7694.26,7694.77,162
2026-08-31T23:55:00+00:00,7694.77,7695.51,7693.77,7695.51,210
2026-09-01T00:00:00+00:00,7695.51,7696.63,7692.26,7696.63,1017
2026-09-01T00:05:00+00:00,7696.63,7699.52,7696.25,7699.12,980
2026-09-01T00:10:00+00:00,7699.12,7699.5,7695.25,7695.52,665
2026-09-01T00:15:00+00:00,7695.52,7699.27,7694.52,7699.27,763
2026-09-01T00:20:00+00:00,7699.27,7700.02,7698.25,7698.25,291
2026-09-01T00:25:00+00:00,7698.25,7699.51,7697.75,7697.89,408
2026-09-01T00:30:00+00:00,7697.89,7699.26,7695.76,7696.75,291
2026-09-01T00:35:00+00:00,7696.75,7696.77,7695.26,7695.77,304
2026-09-01T00:40:00+00:00,7695.77,7698.52,7695.75,7697.51,287
2026-09-01T00:45:00+00:00,7697.51,7697.77,7695.87,7697.27,297
2026-09-01T00:50:00+00:00,7697.27,7697.52,7696.25,7696.76,213
2026-09-01T00:55:00+00:00,7696.76,7696.77,7695.77,7696.77,198
2026-09-01T01:00:00+00:00,7696.77,7697.76,7696,7696.52,535
2026-09-01T01:05:00+00:00,7696.52,7696.77,7694.02,7695.27,334
2026-09-01T01:10:00+00:00,7695.27,7696.52,7694,7696.52,367
2026-09-01T01:15:00+00:00,7696.52,7696.62,7695.5,7695.77,285
2026-09-01T01:20:00+00:00,7695.77,7696.02,7694.25,7694.5,271
2026-09-01T01:25:00+00:00,7694.5,7694.52,7691.01,7691.25,412
2026-09-01T01:30:00+00:00,7691.25,7694.26,7689.77,7694.25,477
2026-09-01T01:35:00+00:00,7694.25,7696.75,7694,7695.37,390
2026-09-01T01:40:00+00:00,7695.37,7696.52,7694,7696.52,306
2026-09-01T01:45:00+00:00,7696.52,7697.02,7695.02,7696,250
2026-09-01T01:50:00+00:00,7696,7696.27,7694.25,7694.52,169
2026-09-01T01:55:00+00:00,7694.52,7696.02,7694.26,7695.01,359
2026-09-01T02:00:00+00:00,7695.01,7695.52,7694,7694,268
2026-09-01T02:05:00+00:00,7694,7694.27,7692,7692.27,275
2026-09-01T02:10:00+00:00,7692.27,7692.27,7690.25,7690.77,196
2026-09-01T02:15:00+00:00,7690.77,7691.02,7689.76,7690.76,183
2026-09-01T02:20:00+00:00,7690.76,7691.26,7689.25,7689.52,136
2026-09-01T02:25:00+00:00,7689.52,7689.52,7687.25,7688.5,227
2026-09-01T02:30:00+00:00,7688.5,7690.77,7688.5,7689.51,405
2026-09-01T02:35:00+00:00,7689.51,7689.51,7686.5,7686.76,336
2026-09-01T02:40:00+00:00,7686.76,7687.02,7685.75,7686.26,200
2026-09-01T02:45:00+00:00,7686.26,7688.02,7685.76,7687.51,148
2026-09-01T02:50:00+00:00,7687.51,7688.51,7687.25,7688.25,139
2026-09-01T02:55:00+00:00,7688.25,7692.27,7688.01,7692.27,265
2026-09-01T03:00:00+00:00,7692.27,7692.27,7689.01,7689.01,316
2026-09-01T03:05:00+00:00,7689.01,7690,7688.51,7689.02,178
2026-09-01T03:10:00+00:00,7689.02,7689.27,7688.25,7688.27,112
2026-09-01T03:15:00+00:00,7688.27,7689.26,7688.13,7688.77,209
2026-09-01T03:20:00+00:00,7688.77,7688.77,7688,7688.25,169
2026-09-01T03:25:00+00:00,7688.25,7689.27,7687.5,7687.75,180
2026-09-01T03:30:00+00:00,7687.75,7689.01,7687.26,7687.76,211
2026-09-01T03:35:00+00:00,7687.76,7689.52,7687.26,7688.75,169
2026-09-01T03:40:00+00:00,7688.75,7689.52,7688.27,7688.51,119
2026-09-01T03:45:00+00:00,7688.51,7689.62,7687.75,7689.26,219
2026-09-01T03:50:00+00:00,7689.26,7689.52,7688.25,7688.25,165
2026-09-01T03:55:00+00:00,7688.25,7688.77,7688,7688.77,134
2026-09-01T04:00:00+00:00,7688.77,7690.25,7688.26,7688.52,185
2026-09-01T04:05:00+00:00,7688.52,7688.88,7687.75,7688.01,149
2026-09-01T04:10:00+00:00,7688.01,7688.77,7687.75,7688.27,171
2026-09-01T04:15:00+00:00,7688.27,7689.77,7688.25,7689.26,154
2026-09-01T04:20:00+00:00,7689.26,7690,7688.75,7689.01,106
2026-09-01T04:25:00+00:00,7689.01,7689.51,7687.01,7688.01,156
2026-09-01T04:30:00+00:00,7688.01,7689.01,7687.52,7688.26,215
2026-09-01T04:35:00+00:00,7688.26,7689,7687.27,7687.51,162
2026-09-01T04:40:00+00:00,7687.51,7687.77,7685.52,7685.52,125
2026-09-01T04:45:00+00:00,7685.52,7688.52,7685.5,7687.75,244
2026-09-01T04:50:00+00:00,7687.75,7688.25,7685.27,7685.27,309
2026-09-01T04:55:00+00:00,7685.27,7685.52,7684,7684.5,250
2026-09-01T05:00:00+00:00,7684.5,7684.77,7682.76,7684.5,223
2026-09-01T05:05:00+00:00,7684.5,7685.26,7684.27,7685.02,99
2026-09-01T05:10:00+00:00,7685.02,7685.02,7683.52,7683.52,111
2026-09-01T05:15:00+00:00,7683.52,7684.25,7682.5,7682.76,173
2026-09-01T05:20:00+00:00,7682.76,7683.14,7681.75,7683.02,264
2026-09-01T05:25:00+00:00,7683.02,7686.77,7682.76,7686.51,183
2026-09-01T05:30:00+00:00,7686.51,7688.52,7686,7687.77,395
2026-09-01T05:35:00+00:00,7687.77,7693.02,7687,7691.52,486
2026-09-01T05:40:00+00:00,7691.52,7695.26,7691.52,7694.77,437
2026-09-01T05:45:00+00:00,7694.77,7695.27,7693.5,7693.63,285
2026-09-01T05:50:00+00:00,7693.63,7695.27,7693.01,7695.27,233
2026-09-01T05:55:00+00:00,7695.27,7698.02,7695.25,7696.5,298
2026-09-01T06:00:00+00:00,7696.5,7697.52,7694,7694,346
2026-09-01T06:05:00+00:00,7694,7695.27,7692.75,7693,443
2026-09-01T06:10:00+00:00,7693,7693.52,7691.76,7692.27,282
2026-09-01T06:15:00+00:00,7692.27,7692.27,7690,7691.02,342
2026-09-01T06:20:00+00:00,7691.02,7691.77,7689.26,7689.75,341
2026-09-01T06:25:00+00:00,7689.75,7691.26,7688.5,7688.75,382
2026-09-01T06:30:00+00:00,7688.75,7691.27,7688.02,7689.27,530
2026-09-01T06:35:00+00:00,7689.27,7691.87,7688.01,7691.76,409
2026-09-01T06:40:00+00:00,7691.76,7692.01,7690.52,7691.26,241
2026-09-01T06:45:00+00:00,7691.26,7691.52,7689.75,7689.77,275
2026-09-01T06:50:00+00:00,7689.77,7690.77,7689.5,7690.75,330
2026-09-01T06:55:00+00:00,7690.75,7691.01,7689,7689.26,454
2026-09-01T07:00:00+00:00,7689.26,7696.26,7688.5,7696.02,1410
2026-09-01T07:05:00+00:00,7696.02,7697.27,7692.76,7692.76,831
2026-09-01T07:10:00+00:00,7692.76,7697,7690.75,7696.75,795
2026-09-01T07:15:00+00:00,7696.75,7697.02,7693,7695.01,836
2026-09-01T07:20:00+00:00,7695.01,7696.27,7693.26,7694.27,735
2026-09-01T07:25:00+00:00,7694.27,7696.25,7694.01,7695.02,569
2026-09-01T07:30:00+00:00,7695.02,7695.02,7690.5,7690.5,716
2026-09-01T07:35:00+00:00,7690.5,7690.5,7684.26,7684.27,956
2026-09-01T07:40:00+00:00,7684.27,7685.25,7683,7683,653
2026-09-01T07:45:00+00:00,7683,7685.52,7679.13,7685.27,1012
2026-09-01T07:50:00+00:00,7685.27,7686.02,7684,7684.01,584
2026-09-01T07:55:00+00:00,7684.01,7685.25,7681.25,7682.26,766
2026-09-01T08:00:00+00:00,7682.26,7683.26,7679.77,7681.27,1419
2026-09-01T08:05:00+00:00,7681.27,7684.77,7665.52,7667,4152
2026-09-01T08:10:00+00:00,7667,7670.27,7666,7668.77,2320
2026-09-01T08:15:00+00:00,7668.77,7671.13,7662.75,7664.52,1896
2026-09-01T08:20:00+00:00,7664.52,7665,7659.75,7660.27,1576
2026-09-01T08:25:00+00:00,7660.27,7661.52,7656.25,7657.63,1798
2026-09-01T08:30:00+00:00,7657.63,7660.77,7655.64,7659.76,1728
2026-09-01T08:35:00+00:00,7659.76,7660.01,7653.5,7654.75,1262
2026-09-01T08:40:00+00:00,7654.75,7656.52,7651.01,7652.87,1568
2026-09-01T08:45:00+00:00,7652.87,7655,7651.51,7653.51,1507
2026-09-01T08:50:00+00:00,7653.51,7656.76,7651.77,7655.77,1028
2026-09-01T08:55:00+00:00,7655.77,7657.87,7650.52,7650.52,922
2026-09-01T09:00:00+00:00,7650.52,7651.76,7648.5,7650.25,1091
2026-09-01T09:05:00+00:00,7650.25,7650.77,7645.5,7646.02,1291
2026-09-01T09:10:00+00:00,7646.02,7647.75,7643.75,7644,1001
2026-09-01T09:15:00+00:00,7644,7646.27,7642.25,7644,1077
2026-09-01T09:20:00+00:00,7644,7644.5,7641.75,7642.02,962
2026-09-01T09:25:00+00:00,7642.02,7643.27,7640.75,7643,971
2026-09-01T09:30:00+00:00,7643,7645.27,7642.01,7644.75,1079
2026-09-01T09:35:00+00:00,7644.75,7645.52,7641.25,7642.01,873
2026-09-01T09:40:00+00:00,7642.01,7645.12,7641.75,7644.52,607
2026-09-01T09:45:00+00:00,7644.52,7647.77,7644.25,7646.76,595
2026-09-01T09:50:00+00:00,7646.76,7647.52,7646,7647.01,485
2026-09-01T09:55:00+00:00,7647.01,7647.52,7645.02,7645.25,551
2026-09-01T10:00:00+00:00,7645.25,7647.52,7642.75,7644.52,715
2026-09-01T10:05:00+00:00,7644.52,7646.27,7644.27,7645.01,596
2026-09-01T10:10:00+00:00,7645.01,7648.27,7644.52,7647.39,518
2026-09-01T10:15:00+00:00,7647.39,7648.02,7645.25,7646.75,647
2026-09-01T10:20:00+00:00,7646.75,7653.02,7646.75,7652.76,538
2026-09-01T10:25:00+00:00,7652.76,7653.77,7652,7652.52,366
2026-09-01T10:30:00+00:00,7652.52,7655.51,7652.39,7655.5,420
2026-09-01T10:35:00+00:00,7655.5,7656.26,7654.75,7655.02,333
2026-09-01T10:40:00+00:00,7655.02,7655.02,7651,7651,482
2026-09-01T10:45:00+00:00,7651,7653.5,7650,7650.52,804
2026-09-01T10:50:00+00:00,7650.52,7650.52,7646.25,7648.27,811
2026-09-01T10:55:00+00:00,7648.27,7649,7647.5,7648.25,589
2026-09-01T11:00:00+00:00,7648.25,7649.02,7646,7647.77,988
2026-09-01T11:05:00+00:00,7647.77,7647.77,7644.27,7647.27,775
2026-09-01T11:10:00+00:00,7647.27,7648.52,7646.75,7647.51,603
2026-09-01T11:15:00+00:00,7647.51,7649.27,7647.5,7648.75,501
2026-09-01T11:20:00+00:00,7648.75,7650.02,7646.52,7647.26,571
2026-09-01T11:25:00+00:00,7647.26,7649.77,7646.5,7649.02,651
2026-09-01T11:30:00+00:00,7649.02,7651.27,7648.75,7649.27,570
2026-09-01T11:35:00+00:00,7649.27,7654.02,7649.25,7654.01,474
2026-09-01T11:40:00+00:00,7654.01,7655.01,7652.77,7652.77,302
2026-09-01T11:45:00+00:00,7652.77,7653.38,7650.76,7651.27,528
2026-09-01T11:50:00+00:00,7651.27,7652.26,7649.26,7649.27,435
2026-09-01T11:55:00+00:00,7649.27,7649.27,7643,7644.27,967
2026-09-01T12:00:00+00:00,7644.27,7645.02,7642,7644.51,1141
2026-09-01T12:05:00+00:00,7644.51,7644.77,7641.75,7642.01,930
2026-09-01T12:10:00+00:00,7642.01,7644.13,7640.52,7644.01,824
2026-09-01T12:15:00+00:00,7644.01,7646.77,7642.26,7642.26,804
2026-09-01T12:20:00+00:00,7642.26,7644.27,7640.75,7643.01,897
2026-09-01T12:25:00+00:00,7643.01,7645.77,7642.5,7644.89,588
2026-09-01T12:30:00+00:00,7644.89,7644.89,7639.01,7641.01,923
2026-09-01T12:35:00+00:00,7641.01,7642.77,7637.01,7640.25,1036
2026-09-01T12:40:00+00:00,7640.25,7641.27,7638,7639.5,852
2026-09-01T12:45:00+00:00,7639.5,7643.39,7639.25,7639.52,691
2026-09-01T12:50:00+00:00,7639.52,7641.27,7638.5,7639.52,667
2026-09-01T12:55:00+00:00,7639.52,7641.02,7638.77,7639.27,526
2026-09-01T13:00:00+00:00,7639.27,7639.27,7634.75,7635.02,953
2026-09-01T13:05:00+00:00,7635.02,7637.01,7633.75,7636.02,986
2026-09-01T13:10:00+00:00,7636.02,7637.02,7634.75,7635.77,606
2026-09-01T13:15:00+00:00,7635.77,7637.77,7635,7637.02,577
2026-09-01T13:20:00+00:00,7637.02,7639.76,7636.5,7639.51,509
2026-09-01T13:25:00+00:00,7639.51,7640.51,7636.77,7638.76,958
2026-09-01T13:30:00+00:00,7638.76,7640.06,7630.81,7638.05,4241
2026-09-01T13:35:00+00:00,7638.05,7642.82,7634.81,7636.68,3762
2026-09-01T13:40:00+00:00,7636.68,7639.94,7633.07,7638.31,3588
2026-09-01T13:45:00+00:00,7638.31,7641.07,7635.8,7641.07,3807
2026-09-01T13:50:00+00:00,7641.07,7643.81,7634.94,7637.06,3085
2026-09-01T13:55:00+00:00,7637.06,7639.82,7633.56,7639.05,2555
2026-09-01T14:00:00+00:00,7639.05,7644.55,7636.82,7640.57,3494
2026-09-01T14:05:00+00:00,7640.57,7648.32,7640.57,7648.07,2699
2026-09-01T14:10:00+00:00,7648.07,7649.81,7643.8,7649.07,2390
2026-09-01T14:15:00+00:00,7649.07,7654.17,7648.8,7652.3,2420
2026-09-01T14:20:00+00:00,7652.3,7658.81,7652.17,7656.07,2155
2026-09-01T14:25:00+00:00,7656.07,7659.07,7655.55,7656.81,1915
2026-09-01T14:30:00+00:00,7656.81,7664.17,7656.56,7663.82,1787
2026-09-01T14:35:00+00:00,7663.82,7664.81,7659.81,7661.8,1827
2026-09-01T14:40:00+00:00,7661.8,7662.55,7657.8,7660.56,1593
2026-09-01T14:45:00+00:00,7660.56,7662.55,7658.3,7658.3,1517
2026-09-01T14:50:00+00:00,7658.3,7658.31,7654.05,7654.8,1686
2026-09-01T14:55:00+00:00,7654.8,7655.82,7652.31,7654.3,1295
2026-09-01T15:00:00+00:00,7654.3,7655.32,7649.05,7650.06,1682
2026-09-01T15:05:00+00:00,7650.06,7650.57,7645.55,7646.81,1502
2026-09-01T15:10:00+00:00,7646.81,7650.8,7646.05,7648.31,1531
2026-09-01T15:15:00+00:00,7648.31,7652.56,7647.55,7651.81,1639
2026-09-01T15:20:00+00:00,7651.81,7653.57,7649.56,7653.3,1448
2026-09-01T15:25:00+00:00,7653.3,7654.82,7651.05,7654.81,1128
2026-09-01T15:30:00+00:00,7654.81,7656.57,7653.31,7655.06,1439
2026-09-01T15:35:00+00:00,7655.06,7659.81,7653.8,7659.8,958
2026-09-01T15:40:00+00:00,7659.8,7661.57,7658.55,7661.05,1158
2026-09-01T15:45:00+00:00,7661.05,7664.82,7660.06,7664.56,1275
2026-09-01T15:50:00+00:00,7664.56,7665.57,7662.05,7664.32,1099
2026-09-01T15:55:00+00:00,7664.32,7664.69,7660.3,7661.8,887
2026-09-01T16:00:00+00:00,7661.8,7662.56,7659.55,7661.32,876
2026-09-01T16:05:00+00:00,7661.32,7662.07,7657.17,7657.8,934
2026-09-01T16:10:00+00:00,7657.8,7659.82,7653.8,7654.06,1199
2026-09-01T16:15:00+00:00,7654.06,7654.82,7648.43,7649.07,1506
2026-09-01T16:20:00+00:00,7649.07,7649.44,7642.82,7647.31,2926
2026-09-01T16:25:00+00:00,7647.31,7648.07,7641.56,7644.07,2835
2026-09-01T16:30:00+00:00,7644.07,7645.06,7634.8,7635.56,2814
2026-09-01T16:35:00+00:00,7635.56,7640.92,7635.56,7640.8,2008
2026-09-01T16:40:00+00:00,7640.8,7642.32,7635.55,7635.82,1555
2026-09-01T16:45:00+00:00,7635.82,7638.81,7635.05,7638.32,1648
2026-09-01T16:50:00+00:00,7638.32,7639.3,7636.05,7637.55,1275
2026-09-01T16:55:00+00:00,7637.55,7642.57,7637.55,7641.31,1111
2026-09-01T17:00:00+00:00,7641.31,7641.31,7635.56,7635.8,1482
2026-09-01T17:05:00+00:00,7635.8,7636.82,7633.55,7635.55,1142
2026-09-01T17:10:00+00:00,7635.55,7639.55,7634.92,7638.57,1161
2026-09-01T17:15:00+00:00,7638.57,7640.07,7633.8,7634.81,1303
2026-09-01T17:20:00+00:00,7634.81,7636.31,7633.56,7634.81,1064
2026-09-01T17:25:00+00:00,7634.81,7636.05,7627.18,7635.55,2338
2026-09-01T17:30:00+00:00,7635.55,7639.07,7634.55,7638.57,1603
2026-09-01T17:35:00+00:00,7638.57,7640.57,7636.55,7637.82,1263
2026-09-01T17:40:00+00:00,7637.82,7641.06,7637.31,7639.3,1058
2026-09-01T17:45:00+00:00,7639.3,7639.82,7634.3,7634.3,988
2026-09-01T17:50:00+00:00,7634.3,7636.82,7633.3,7634.31,1020
2026-09-01T17:55:00+00:00,7634.31,7637.31,7633.3,7636.81,822
2026-09-01T18:00:00+00:00,7636.81,7638.82,7634.31,7634.81,1167
2026-09-01T18:05:00+00:00,7634.81,7635.82,7633.05,7635.07,893
2026-09-01T18:10:00+00:00,7635.07,7635.82,7631.8,7632.57,844
2026-09-01T18:15:00+00:00,7632.57,7636.82,7631.31,7636.3,1153
2026-09-01T18:20:00+00:00,7636.3,7637.07,7633.8,7635.32,798
2026-09-01T18:25:00+00:00,7635.32,7635.32,7629.31,7630.82,1026
2026-09-01T18:30:00+00:00,7630.82,7631.3,7625.55,7626.31,1293
2026-09-01T18:35:00+00:00,7626.31,7627.81,7623.55,7624.07,989
2026-09-01T18:40:00+00:00,7624.07,7624.92,7615.55,7615.55,1880
2026-09-01T18:45:00+00:00,7615.55,7621.07,7613.55,7620.55,2024
2026-09-01T18:50:00+00:00,7620.55,7622.32,7619.07,7621.07,1213
2026-09-01T18:55:00+00:00,7621.07,7627.56,7620.3,7625.81,1510
2026-09-01T19:00:00+00:00,7625.81,7630.82,7625.05,7630.3,1641
2026-09-01T19:05:00+00:00,7630.3,7630.57,7627.3,7629.8,1206
2026-09-01T19:10:00+00:00,7629.8,7633.32,7629.31,7633.31,1190
2026-09-01T19:15:00+00:00,7633.31,7634.81,7631.31,7633.06,1142
2026-09-01T19:20:00+00:00,7633.06,7633.57,7629.55,7631.8,1120
2026-09-01T19:25:00+00:00,7631.8,7633.32,7630.55,7632.82,751
2026-09-01T19:30:00+00:00,7632.82,7632.82,7626.55,7630.32,1492
2026-09-01T19:35:00+00:00,7630.32,7632.3,7627.31,7627.55,1145
2026-09-01T19:40:00+00:00,7627.55,7631.55,7626.3,7629.56,1183
2026-09-01T19:45:00+00:00,7629.56,7633.57,7628.81,7631.82,1608
2026-09-01T19:50:00+00:00,7631.82,7632.05,7625.07,7628.31,2515
2026-09-01T19:55:00+00:00,7628.31,7636.31,7625.05,7636.05,3296
2026-09-01T20:00:00+00:00,7636.05,7639.01,7632.76,7634.75,1479
2026-09-01T20:05:00+00:00,7634.75,7636.75,7633.26,7635.5,636
2026-09-01T20:10:00+00:00,7635.5,7636.76,7635.02,7636.25,333
2026-09-01T20:15:00+00:00,7636.25,7639.52,7636.25,7639.5,240
2026-09-01T20:20:00+00:00,7639.5,7640.5,7639.25,7639.51,170
2026-09-01T20:25:00+00:00,7639.51,7640.02,7638.76,7638.76,86
2026-09-01T20:30:00+00:00,7638.76,7639.02,7637.5,7637.5,93
2026-09-01T20:35:00+00:00,7637.5,7637.77,7637.5,7637.77,100
2026-09-01T20:40:00+00:00,7637.77,7640.76,7637.01,7639.26,380
2026-09-01T20:45:00+00:00,7639.26,7639.5,7638,7638.51,207
2026-09-01T20:50:00+00:00,7638.51,7639.89,7638.5,7639.26,117
2026-09-01T20:55:00+00:00,7639.26,7639.77,7638,7639.26,141
2026-09-01T22:00:00+00:00,7639.26,7640.59,7635.33,7635.84,692
2026-09-01T22:05:00+00:00,7635.84,7637.09,7634.34,7635.58,302
2026-09-01T22:10:00+00:00,7635.58,7635.59,7634.45,7635.08,148
2026-09-01T22:15:00+00:00,7635.08,7636.09,7634.95,7635.35,127
2026-09-01T22:20:00+00:00,7635.35,7636.1,7634.34,7635.84,72
2026-09-01T22:25:00+00:00,7635.84,7636.6,7635.08,7635.84,206
2026-09-01T22:30:00+00:00,7635.84,7636.84,7635.59,7636.21,132
2026-09-01T22:35:00+00:00,7636.21,7636.6,7635.45,7636.59,137
2026-09-01T22:40:00+00:00,7636.59,7636.83,7635.84,7636.34,82
2026-09-01T22:45:00+00:00,7636.34,7638.84,7636.1,7638.59,146
2026-09-01T22:50:00+00:00,7638.59,7639.6,7638.33,7638.33,120
2026-09-01T22:55:00+00:00,7638.33,7639.1,7637.46,7638.09,104
2026-09-01T23:00:00+00:00,7638.09,7638.84,7637.7,7637.95,120
2026-09-01T23:05:00+00:00,7637.95,7638.6,7637.84,7638.08,48
2026-09-01T23:10:00+00:00,7638.08,7638.71,7638.08,7638.33,73
2026-09-01T23:15:00+00:00,7638.33,7638.59,7637.97,7638.1,69
2026-09-01T23:20:00+00:00,7638.1,7638.34,7636.96,7637.85,116
2026-09-01T23:25:00+00:00,7637.85,7638.59,7637.59,7638.58,103
2026-09-01T23:30:00+00:00,7638.58,7639.1,7637.95,7638.47,119
2026-09-01T23:35:00+00:00,7638.47,7639.35,7638.1,7638.35,65
2026-09-01T23:40:00+00:00,7638.35,7639.35,7638.33,7639.09,35
2026-09-01T23:45:00+00:00,7639.09,7639.85,7638.08,7639.09,382
2026-09-01T23:50:00+00:00,7639.09,7639.85,7638.34,7639.09,219
2026-09-01T23:55:00+00:00,7639.09,7639.6,7638.6,7638.97,303
2026-09-02T00:00:00+00:00,7638.97,7639.6,7637.08,7637.59,1099
2026-09-02T00:05:00+00:00,7637.59,7639.1,7634.59,7637.33,920
2026-09-02T00:10:00+00:00,7637.33,7638.6,7636.08,7637.21,842
2026-09-02T00:15:00+00:00,7637.21,7639.85,7637.09,7638.1,947
2026-09-02T00:20:00+00:00,7638.1,7643.84,7637.84,7639.83,1400
2026-09-02T00:25:00+00:00,7639.83,7640.09,7636.83,7637.09,774
2026-09-02T00:30:00+00:00,7637.09,7639.6,7635.84,7636.59,729
2026-09-02T00:35:00+00:00,7636.59,7638.6,7636.46,7637.1,640
2026-09-02T00:40:00+00:00,7637.1,7638.59,7635.08,7638.1,451
2026-09-02T00:45:00+00:00,7638.1,7638.96,7637.7,7637.84,560
2026-09-02T00:50:00+00:00,7637.84,7638.08,7635.59,7635.85,398
2026-09-02T00:55:00+00:00,7635.85,7637.33,7632.83,7632.84,433
2026-09-02T01:00:00+00:00,7632.84,7635.35,7631.83,7634.58,1023
2026-09-02T01:05:00+00:00,7634.58,7634.59,7631.72,7632.08,637
2026-09-02T01:10:00+00:00,7632.08,7632.85,7629.83,7631.1,489
2026-09-02T01:15:00+00:00,7631.1,7633.46,7630.83,7632.83,556
2026-09-02T01:20:00+00:00,7632.83,7634.58,7631.6,7634.58,453
2026-09-02T01:25:00+00:00,7634.58,7635.45,7632.85,7633.58,523
2026-09-02T01:30:00+00:00,7633.58,7634.59,7631.84,7634.58,645
2026-09-02T01:35:00+00:00,7634.58,7634.71,7630.21,7630.35,524
2026-09-02T01:40:00+00:00,7630.35,7631.34,7628.85,7629.6,415
2026-09-02T01:45:00+00:00,7629.6,7630.1,7628.09,7628.35,377
2026-09-02T01:50:00+00:00,7628.35,7628.35,7625.34,7627.33,609
2026-09-02T01:55:00+00:00,7627.33,7629.85,7626.83,7629.58,578
2026-09-02T02:00:00+00:00,7629.58,7629.85,7629.58,7629.85,29
